tree
version=v4
num_class=1
num_tree_per_iteration=1
label_index=0
max_feature_idx=13
objective=lambdarank
feature_names=semantic_score retrieval_score lexical_score memory_score kg_score entity_score subcategory_score popularity_score context_score negative_score interest_score bandit_score position dwell_time
feature_infos=[0.43803650140762329:0.817527174949646] none none [0:1] [0:1] none [0:0.60073977708816528] [0.048303417861461639:0.54130858182907104] [1:1.5] none none none [0:142] none
tree_sizes=3402 3379 3392 3393 3398 3375 3379 3381 3391 3406 3394 3408 3399 3400 3400 3384 3395 3397 3402 3401 3403 3422 3425 3406 3417 3426 3445 3407 3424 3416 3418 3436 3438 3446 3432 3429 3437 3438 3448 3427 3445 3446 3440 3473 3444 3459 3436 3458 3453 3444 3444 3452 3454 3457 3434 3448 3439 3460 3467 3467 3457 3462 3461 3458 3471 3473 3462 3465 3461 3457 3463 3448 3464 3472 3452 3459 3479 3469 3460 3465 3463 3462 3478 3473 3466 3478 3465 3483 3486 3486 3482 3491 3484 3484 3468 3485 3489 3493 3493 3498 3494 3513 3486 3510 3511 3511 3508 3522 3525 3514 3509 3517 3519 3514 3516 3539 3544 3521 3523 3526 3524 3532 3525 3537 3536 3538 3535 3534 3538 3547 3543 3539 3550 3548 3542 3543 3556 3542 3557 3545 3538 3559 3547 3560 3553 3547 3559 3548 3548 3574 3562 3566 3551 3574 3568 3569 3565 3561 3573 3579 3578 3573 3570 3607 3586 3581 3598 3595 3599 3609 3606 3615 3611 3609 3612 3609 3614 3609 3613 3609 3610 3622 3630 3635 3631 3614 3613 3613 3607 3630 3637 3642 3627 3613 3630 3635 3638 3637 3639 3638

Tree=0
num_leaves=31
num_cat=0
split_feature=3 3 6 0 0 6 12 0 0 3 0 3 0 12 12 0 4 3 0 12 3 0 3 12 12 12 4 12 12 12
split_gain=7.71536 2.39997 1.96101 3.81035 2.35226 1.80754 1.68983 4.74581 4.66016 2.3361 2.83207 2.64876 4.06095 1.93715 3.39337 1.70426 1.35669 1.2962 1.29043 1.76921 1.2733 1.42207 1.21421 3.3305 1.17588 1.15273 0.970458 1.62303 1.52926 1.44924
threshold=0.7825666368007661 0.65760493278503429 0.061920523643493659 0.61331769824028026 0.57258805632591259 0.10048875212669374 42.500000000000007 0.58655557036399852 0.60474249720573436 0.33219572901725775 0.58565649390220653 0.1386145502328873 0.52811041474342357 55.500000000000007 87.500000000000014 0.58017861843109142 0.34757031500339514 0.13309555500745776 0.63881629705429088 25.500000000000004 0.65064379572868358 0.66282746195793163 0.3519608229398728 3.5000000000000004 82.500000000000014 5.5000000000000009 0.13356221467256549 28.500000000000004 80.500000000000014 23.500000000000004
decision_type=2 2 2 2 2 2 2 2 2 2 2 2 2 2 2 2 2 2 2 2 2 2 2 2 2 2 2 2 2 2
left_child=1 2 3 6 -4 -6 8 13 9 11 15 12 -1 -8 -15 22 -13 -14 19 -7 21 -5 -11 -24 25 -3 -2 29 -29 -28
right_child=26 24 4 20 5 18 7 -9 -10 10 -12 16 17 14 -16 -17 -18 -19 -20 -21 -22 -23 23 -25 -26 -27 27 28 -30 -31
leaf_value=-0.099999999999998757 0.066861572218723506 -0.026317832053329233 -0.10000000000000001 -0.085568363360903316 0.062655898454837641 -0.057155081162124755 0.070181553298542837 -0.086770992098735469 0.054963360723854694 0.057207935061272391 -0.07862188462298364 -0.09999999999999995 -0.0014261087004997443 -0.055174963375024103 0.070263094706230197 0.077863894543323195 0.010779293518432485 0.098375580924703498 -0.070076229731334538 0.068797685795853908 0.025320933862757435 0.018908120160856738 0.072261061373995725 -0.099999999999999867 0.032901359930914018 -0.099999999999999936 0.01670481485584081 -0.099999999999999797 0.044874492970470289 0.095565121608021469
leaf_weight=0.8242926368257123 3.4283779346733345 0.87467715819366265 0.35768801067024369 2.6575949488615151 2.3186056758277118 0.43470336159225531 2.410847407183609 0.8909916424890979 1.9078289893805038 0.53682931198272932 0.88155366809223767 2.3859595010726484 0.76062295830342896 1.1241834544343876 1.0360268917866049 0.96463831397704769 0.31258743698708702 0.56850033858790994 0.5272236531600355 0.77743238059338182 0.37145373970270146 0.37119698908645649 0.45722596650011815 0.72632377018453553 0.31005799176637072 1.3502164594247004 1.4574836819665513 0.41476918477565039 0.3247929762583226 0.97053180157672603
leaf_count=81 74 28 32 214 41 31 64 73 40 28 80 175 59 106 26 16 13 4 32 41 6 33 11 57 20 119 62 35 13 8
internal_value=0.000104387 -0.0120892 -0.00712428 -0.0140376 0.0229184 0.033753 -0.00369775 0.0187938 -0.0155945 -0.0315844 -0.000863788 -0.0541665 -0.012811 0.0393705 0.00498455 0.024666 -0.0871678 0.0412616 -0.00477521 0.0236278 -0.062049 -0.0727641 -0.00516273 -0.0334525 -0.0583206 -0.0710332 0.0484268 0.0284741 -0.0363756 0.048227
internal_weight=32.7352 26.1393 23.6043 19.1887 4.41565 4.05797 15.7884 5.46205 10.3264 8.41853 3.56657 4.85196 2.15342 4.57106 2.16021 2.68502 2.69855 1.32912 1.73936 1.21214 3.40025 3.02879 1.72038 1.18355 2.53495 2.22489 6.59596 3.16758 0.739562 2.42802
internal_count=1622 1430 1263 1086 177 145 833 269 564 524 192 332 144 196 132 112 188 63 104 72 253 247 96 68 167 147 192 118 48 70
is_linear=0
shrinkage=0.05


Tree=1
num_leaves=31
num_cat=0
split_feature=7 12 7 12 7 3 7 3 3 12 3 12 7 3 7 12 12 12 7 7 12 12 4 4 7 12 7 7 12 3
split_gain=13.2335 7.45333 3.91005 10.159 7.20613 5.94252 9.87812 7.7549 5.79606 6.89918 5.23148 5.59646 13.1713 11.0477 9.68944 7.71932 14.6384 7.00751 12.0654 5.83143 3.57364 7.99669 3.33952 3.1445 2.96506 2.68223 2.09233 7.11799 1.73981 1.56577
threshold=0.39318042993545538 101.50000000000001 0.20731281489133838 23.500000000000004 0.24823594093322757 0.14949969947338107 0.35246650874614721 0.29308642446994787 0.1211330220103264 42.500000000000007 0.29612588882446295 15.500000000000002 0.2997263371944428 0.85253447294235241 0.3215776532888413 2.5000000000000004 3.5000000000000004 13.500000000000002 0.27743867039680487 0.36742486059665685 26.500000000000004 96.500000000000014 0.107896875590086 0.031087412498891357 0.37243685126304632 5.5000000000000009 0.30340439081192022 0.29787173867225653 31.500000000000004 0.65467268228530895
decision_type=2 2 2 2 2 2 2 2 2 2 2 2 2 2 2 2 2 2 2 2 2 2 2 2 2 2 2 2 2 2
left_child=1 2 3 -1 -4 6 8 24 9 -6 -9 12 17 19 -14 -16 -17 18 -12 26 -5 -22 25 -18 -7 -2 27 -13 -15 -25
right_child=22 -3 4 20 5 7 -8 10 -10 -11 11 13 14 28 15 16 23 -19 -20 -21 21 -23 -24 29 -26 -27 -28 -29 -30 -31
leaf_value=-0.097730239355249077 -0.022790736546101458 -0.09915270142995608 -0.079822395327366624 0.095995575859412943 -0.094443166184370694 -0.083382620983335154 -0.078311618474619801 0.079998217699039698 0.077043290710958764 0.044720943964942646 0.055756384154686103 -0.085667908738668891 -0.093416317805344193 0.0013304302911866252 -0.08712920173681854 0.076746278282447358 -0.094403786079010232 0.091766526977704765 -0.084427560458074369 0.04864962836304982 -0.061317091975511107 0.098434711076285264 0.085678585324456297 0.030863826527495843 0.024836830580261485 0.05378781643818023 -0.088393680003205272 0.032842913224380703 0.053950910774840911 -0.049706188755120069
leaf_weight=1.2980204168707121 1.7854614434763769 2.1798188481479874 3.4214546666480592 2.9378563286736608 1.3132340186275522 4.7387244268320492 1.8978281305171538 1.7015974852256466 6.0507037290371954 2.7673366037197411 5.1167170829139668 3.7793994708918053 3.9055563951842478 3.7374536972492924 2.1762301214039317 4.9260757360607368 2.0247970740310848 4.7386136753484607 2.192676710896194 1.1890490534715343 1.553542379755527 1.5801025927066801 4.512587612029165 1.1919029438868167 0.73051362950354803 3.1800878341309726 5.927745052613318 1.905976995360106 2.7097380193881691 1.2204636470414696
leaf_count=40 18 61 113 6 91 196 31 11 30 33 43 198 66 21 40 16 60 11 53 22 42 2 15 23 9 34 234 28 25 23
internal_value=-0.00127775 -0.0079826 -0.00539267 0.0292344 -0.00907161 -0.00540066 0.0263757 -0.0124906 0.0459861 -6.56951e-05 -0.00611892 -0.0092539 0.00522274 -0.0299303 -0.0253431 -0.00230354 0.0174119 0.0444068 0.0137039 -0.056811 0.0563781 0.0192358 0.0545455 -0.0484603 -0.068928 0.0262525 -0.0676089 -0.0459381 0.0234467 -0.00989813
internal_weight=88.3913 78.9131 76.7333 7.36952 69.3638 65.9423 12.0291 53.9132 10.1313 4.08057 48.444 46.7424 27.493 19.2494 15.445 11.5395 9.36324 12.048 7.30939 12.8022 6.0715 3.13364 9.47814 4.43716 5.46924 4.96555 11.6131 5.68538 6.44719 2.41237
internal_count=1595 1528 1467 90 1377 1264 185 1079 154 124 874 863 335 528 228 162 122 107 96 482 50 44 67 106 205 52 460 226 46 46
is_linear=0
shrinkage=0.05


Tree=2
num_leaves=31
num_cat=0
split_feature=7 6 6 3 3 12 4 7 7 7 3 3 7 4 12 12 3 4 3 6 6 7 3 12 12 12 3 3 7 6
split_gain=16.5685 7.96055 11.1197 7.35583 5.41849 4.47856 9.50224 5.666 7.37641 6.79386 12.2372 3.49215 4.62826 4.37342 3.11848 5.32276 4.62434 2.59796 2.38956 2.20821 6.44441 2.05532 1.95833 1.84184 1.58047 1.53254 1.40622 1.36268 1.27252 1.01083
threshold=0.38307331502437597 0.059317039325833328 0.092119917273521437 0.95996761322021495 0.44735717773437506 3.5000000000000004 0.020540243946015838 0.20900084078311923 0.20322809368371966 0.32934233546257025 0.35708615183830267 0.34672090411186224 0.33614842593669897 0.20103058964014056 15.500000000000002 14.500000000000002 0.76438340544700634 0.61849743127822887 0.072930935770273222 0.083485122770071044 0.062248717993497855 0.29099465906620031 0.52408653497695934 84.500000000000014 47.500000000000007 3.5000000000000004 0.41622166335582739 0.87859871983528148 0.40085881948471075 0.11023701727390291
decision_type=2 2 2 2 2 2 2 2 2 2 2 2 2 2 2 2 2 2 2 2 2 2 2 2 2 2 2 2 2 2
left_child=1 5 19 4 26 6 21 8 23 14 11 12 -11 24 15 16 18 25 -9 20 -3 -1 -23 -7 -14 -2 -4 -12 -27 -6
right_child=17 2 3 -5 29 7 -8 9 -10 10 27 -13 13 -15 -16 -17 -18 -19 -20 -21 -22 22 -24 -25 -26 28 -28 -29 -30 -31
leaf_value=0.067173817744187361 0.060632623523434785 0.075812391976012722 -0.018964904540551594 0.045115848962925073 -0.033149086360764204 -0.084524579734635827 -0.084445369193390504 0.0059963989575984996 0.076542439234651996 0.05520044273092755 -0.089565950942866734 0.093241577459716077 -0.090313336536041636 0.029036995796271288 -0.069383899073428276 0.072238882381113936 0.016013891701871698 0.086617843647951526 -0.091074906071115513 0.074611134253580735 -0.035114294278763954 -0.022316139339482399 0.040914976118416532 0.01182046722310939 -0.0093108141667424607 0.046514707518499947 0.065619445871065343 -0.0051470971670725708 0.0033398472814710617 -0.088594540523720719
leaf_weight=3.0031201904639584 4.3844815008342248 3.130246873013677 1.0431167744100074 2.9355649622157216 1.0384911857545374 1.2992050014436238 2.1249319100752464 0.76474519539624708 2.7642761692404747 3.3685488095507008 3.7639408088289192 1.4666209779679764 1.8256776868365707 2.3938630688935518 12.217859533149747 1.1160459807142613 2.063116317614913 3.5405939575284711 3.7076672869734466 5.4286788422614336 2.250820130109787 2.0772063401527703 2.9829890877008438 0.80244628526270378 0.89856847655028094 3.1098078610375524 0.92898957524448622 0.54757187142968167 3.7823854852467775 3.9437486273236573
leaf_count=18 24 6 37 24 23 52 54 21 13 38 137 4 64 17 542 11 19 7 128 16 40 40 18 14 28 27 9 10 31 124
internal_value=0.00122806 -0.00895407 0.0170589 -0.0212542 -0.0492703 -0.0199009 0.00961736 -0.0276122 0.0228641 -0.0348077 -0.00848121 0.0219984 0.00968656 -0.020269 -0.0537082 -0.0286777 -0.0459108 0.0492537 -0.0744765 0.0521118 0.0294134 0.0344058 0.0149587 -0.0477384 -0.0635954 0.0375223 0.0208798 -0.0788446 0.0228207 -0.0770376
internal_weight=84.7053 69.8881 20.6997 9.88991 6.95435 49.1884 10.1882 39.0002 4.86593 34.1342 14.2648 9.95328 8.48666 5.11811 19.8694 7.65157 6.53553 14.8173 4.47241 10.8097 5.38107 8.06332 5.0602 2.10165 2.72425 11.2767 1.97211 4.31151 6.89219 4.98224
internal_count=1596 1507 279 217 193 1228 130 1098 79 1019 298 151 147 109 721 179 168 89 149 62 46 76 58 66 92 82 46 147 58 147
is_linear=0
shrinkage=0.05


Tree=3
num_leaves=31
num_cat=0
split_feature=7 3 7 3 3 3 12 3 3 7 7 3 7 7 12 12 7 7 12 12 4 7 7 3 3 7 3 12 12 3
split_gain=19.8118 4.8762 10.2617 7.64483 6.56141 5.46397 5.30652 5.1295 4.37103 4.18746 4.03828 3.96923 3.35273 5.55797 3.16414 4.0833 4.09889 3.49904 6.26706 4.97071 2.87488 2.71911 4.53228 2.37708 1.39766 4.31106 1.3615 1.21956 1.18856 1.48787
threshold=0.38216309249401098 0.7825666368007661 0.32374675571918493 0.52665024995803844 0.85867658257484447 0.50994980335235607 3.5000000000000004 0.44735717773437506 0.62963494658470165 0.25203402340412145 0.22961301356554034 0.47482645511627203 0.25203402340412145 0.25060823559761053 122.50000000000001 57.500000000000007 0.27743867039680487 0.32923476397991186 1.0000000180025095e-35 10.500000000000002 0.0212542898952961 0.36907215416431433 0.32970482110977178 0.43519522249698644 0.34972424805164343 0.26049298048019415 1.0000000180025095e-35 12.500000000000002 50.500000000000007 1.0000000180025095e-35
decision_type=2 2 2 2 2 2 2 2 2 2 2 2 2 2 2 2 2 2 2 2 2 2 2 2 2 2 2 2 2 2
left_child=1 3 4 5 -3 7 -6 9 11 -1 -8 27 13 -5 15 16 24 18 -18 -19 21 22 -21 28 25 -11 -17 -2 29 -20
right_child=8 2 -4 12 6 -7 10 -9 -10 14 -12 -13 -14 -15 -16 26 17 19 23 20 -22 -23 -24 -25 -26 -27 -28 -29 -30 -31
leaf_value=-0.071067828801323452 0.0078698243293484956 0.065259625514866304 -0.074432210797896733 -0.063534140672216494 0.048258733553679593 0.03997057724332722 0.032746509590737181 -0.079846192499283722 0.064982453243169341 0.070416248546881305 -0.092742023655803474 0.049998496754352938 -0.077537159701336011 0.092530709979842973 0.074164034024100253 -0.0047337646795658833 0.063255186833848953 -0.062189746618215302 -0.0044866122283954094 0.070431890573400477 0.047411171020074409 0.056373072804126179 -0.082853913847363111 0.042821426425919774 0.05985032612094339 -0.087701539911862067 -0.08635036723959226 -0.054341107561858004 0.0092724060327555487 -0.080105668156037646
leaf_weight=2.8633824009448317 1.4039768548682361 6.2786879362538439 2.898748416453599 1.7219527689740046 2.2032715696841478 4.301227160729467 0.92820854298770461 3.2241965644061557 10.427425140514968 1.0137036703527069 2.0726922200992703 3.5031955745071173 7.8885880392044783 0.85313206911087025 1.1361679304391135 0.66549874749034588 1.2861742433160559 2.1876268787309519 0.73988013062626112 0.66306849010288615 4.8374127838760614 1.0153845604509113 1.7681362843140958 0.55478533171117295 2.8385922871530056 0.75004673283547152 2.2006840342655778 1.794976216740906 0.49909062590450037 5.3843380445614457
leaf_count=125 19 39 58 65 12 38 10 135 30 10 45 19 298 1 5 18 8 59 27 3 46 9 77 6 24 41 124 26 19 218
internal_value=-0.00292806 -0.0159336 0.00962907 -0.0235304 0.0308496 -0.0130924 -0.0106651 -0.0198795 0.0447333 -0.0135203 -0.0539272 0.013229 -0.0613667 -0.0118295 -0.00753708 -0.0110526 -0.00419141 -0.0144778 -0.0383842 0.00484585 0.0225485 -0.0123471 -0.0410479 -0.056596 0.0381309 0.00317559 -0.0673998 -0.0270376 -0.0649234 -0.07097
internal_weight=79.9043 62.7747 14.3816 48.3931 11.4829 37.9294 5.20417 33.6282 17.1296 30.404 3.0009 6.70215 10.4637 2.57508 27.5406 26.4044 23.5382 18.9359 8.46427 10.4716 8.284 3.44659 2.4312 7.17809 4.60234 1.76375 2.86618 3.19895 6.62331 6.12422
internal_count=1614 1520 164 1356 106 992 67 954 94 819 55 64 364 66 694 689 547 472 278 194 135 89 80 270 75 51 142 45 264 245
is_linear=0
shrinkage=0.05


Tree=4
num_leaves=31
num_cat=0
split_feature=8 7 4 0 6 6 12 12 4 0 0 7 0 0 12 12 0 0 12 0 7 0 7 0 0 6 7 0 0 7
split_gain=5.73574 5.02004 4.91285 3.49603 3.39232 10.3976 4.43943 5.74797 3.43704 3.56317 5.17149 5.51032 4.9627 4.91216 3.98016 3.61388 3.43121 5.14738 3.41077 3.13977 3.20166 2.91165 2.62705 2.48858 2.21279 1.68063 1.4767 1.47263 3.75225 1.45624
threshold=1.1000000238418581 0.38216309249401098 0.61849743127822887 0.61011797189712536 0.059317039325833328 0.098646726459264769 23.500000000000004 35.500000000000007 0.59553310275077831 0.69020476937294017 0.61138087511062633 0.33568607270717626 0.55893534421920787 0.54661411046981823 47.500000000000007 2.5000000000000004 0.64657899737358104 0.64769184589385997 87.500000000000014 0.54031535983085643 0.32934233546257025 0.56564155220985424 0.30340439081192022 0.57570967078208934 0.60584920644760143 0.35133899748325353 0.21357035636901858 0.6076960861682893 0.58655557036399852 0.28805068135261541
decision_type=2 2 2 2 2 2 2 2 2 2 2 2 2 2 2 2 2 2 2 2 2 2 2 2 2 2 2 2 2 2
left_child=1 4 3 21 8 24 25 -8 9 10 11 13 14 15 -13 -1 -12 -18 19 20 -17 -3 23 -15 -6 -7 -11 28 -25 -19
right_child=-2 2 -4 -5 5 6 7 -9 -10 26 16 12 -14 22 -16 18 17 29 -20 -21 -22 -23 -24 27 -26 -27 -28 -29 -30 -31
leaf_value=0.062011853613216351 -0.080536373962199787 0.018218096430151137 0.076795706464247757 0.02803598708291143 0.0036798429887165613 -0.084296186482406193 0.049708313553272244 -0.080246021331269429 -0.080613007192045713 0.062469881728524239 -0.079407054544891206 -0.083413444629155578 0.046445150080865763 -0.074525610021715802 0.032729930066740548 -0.083321829848690521 0.073793584502356985 -0.0084649731638442686 0.07855211996305643 0.025372993472015427 0.02777876815094878 -0.078109189291906231 -0.083367866316119546 0.020096136977953968 0.057574644936149569 -0.0082315781196885401 0.0060206366599048966 0.059488328328430401 -0.083243411534063949 -0.073294761297102495
leaf_weight=2.1686716396361643 2.2403277140110722 1.4410581272095426 3.6941085271537295 7.8566176891326904 2.4914070926606682 3.1709014559164634 2.6289849318563943 1.2580724991858003 1.8097309777513135 2.0626229625195256 4.4602127131074649 1.6086474275216445 7.3337711784988642 1.9584859274327735 1.3623763248324392 2.6238177381455903 1.1491838730871675 1.4329319000244143 0.87263366393744934 1.8056203210726378 0.86133163049817074 1.7217647712677715 3.1556567642837763 2.2997280117124324 8.0850571459159237 0.94189268629997958 2.6432257499545813 0.70390992984175671 1.4212975138798354 2.1901742136105895
leaf_count=13 81 20 5 35 25 82 28 80 79 7 196 61 83 94 23 127 4 44 7 36 12 24 131 44 48 13 40 9 78 70
internal_value=-0.00166882 0.000619486 0.0268954 0.0101671 -0.00556628 0.0123459 -0.0306657 0.00764771 -0.0131417 -0.0102423 -0.0154006 -0.00475887 0.0243601 -0.0215493 -0.0301554 0.00649898 -0.0478774 -0.0184095 -0.0130339 -0.0281397 -0.0558641 -0.0342202 -0.0460486 -0.0275998 0.0448791 -0.0668762 0.0307629 -0.00683029 -0.0193758 -0.0476547
internal_weight=79.4542 77.2139 14.7135 11.0194 62.5003 18.5763 7.99985 3.88706 43.924 42.1143 37.4085 28.1759 10.3048 17.8712 2.97102 8.33207 9.2325 4.77229 6.1634 5.29077 3.48515 3.16282 9.53908 6.38342 10.5765 4.11279 4.70585 4.42494 3.72103 3.62311
internal_count=1599 1518 84 79 1434 276 203 108 1158 1079 1032 718 167 551 84 195 314 118 182 175 139 44 356 225 73 95 47 131 122 114
is_linear=0
shrinkage=0.05


Tree=5
num_leaves=31
num_cat=0
split_feature=7 6 6 3 4 3 0 7 0 6 3 0 12 0 3 12 3 3 0 12 12 7 0 12 0 0 3 3 12 3
split_gain=11.5657 4.90997 7.64351 5.35447 2.6173 2.79851 6.64319 6.01112 3.55569 3.9934 3.17887 3.13635 3.63042 3.07483 2.90852 3.11145 2.60086 2.5057 3.81415 2.35127 3.40244 2.14238 2.06595 1.5013 1.44396 2.72427 3.5541 1.30662 1.73701 1.6579
threshold=0.38216309249401098 0.059317039325833328 0.098646726459264769 0.95996761322021495 0.60585561394691478 0.7825666368007661 0.61138087511062633 0.33568607270717626 0.54661411046981823 0.019561945460736755 0.80663713812828075 0.55893534421920787 47.500000000000007 0.6076960861682893 0.41118083894252783 87.500000000000014 0.9999937415122987 0.44735717773437506 0.62240064144134533 61.500000000000007 14.500000000000002 0.32112815976142889 0.71406409144401561 96.500000000000014 0.6076960861682893 0.56954431533813488 0.33712284266948706 0.49115876853466039 5.5000000000000009 0.37627542018890386
decision_type=2 2 2 2 2 2 2 2 2 2 2 2 2 2 2 2 2 2 2 2 2 2 2 2 2 2 2 2 2 2
left_child=1 4 19 17 5 6 7 8 9 14 -7 12 -9 23 15 21 22 18 -4 20 -3 -1 -12 -10 25 -13 -27 29 -29 -2
right_child=27 2 3 -5 -6 10 -8 11 13 -11 16 24 -14 -15 -16 -17 -18 -19 -20 -21 -22 -23 -24 -25 -26 26 -28 28 -30 -31
leaf_value=-0.07809819343504365 -0.022374612799052233 0.048855887757827239 -0.08339506530790125 0.032803477757791723 -0.077368203371415312 0.058224437839890703 -0.066445947731438693 -0.079033593438271876 -0.068549157338337649 0.062592924678297412 -0.069930769287373892 0.056644832491103483 0.030724788769368735 0.023757608373656151 0.061457374645497012 0.056669919547888165 0.040961186754063163 -0.074007867298216054 0.068742831347262473 0.068975053724600652 -0.020816088248644251 -0.009354646540721193 0.018294492689721064 0.0069377897529100188 0.074407716730013992 0.029106725937399599 -0.085114660429616296 0.024323792571718659 0.06028010892954086 0.045272971104723086
leaf_weight=2.927176516503101 1.8377147838473349 4.5061718113720435 0.75859075132757225 2.7591472836211324 1.7718948433175672 2.5358842201530924 6.5615838672965756 1.5266974307596668 7.2080560177564603 1.7274026460945604 1.9199495483189823 3.0638955421745777 1.4873879868537185 1.2152206404134629 0.87918949313461769 0.77259173057973374 1.5306131578981874 3.9397244472056627 0.90159581787884235 4.105355029925704 2.8673604391515255 1.8494684398174284 1.0139931011945007 0.72490600682795037 1.8020889330655334 1.9735030746087434 1.0399112477898595 5.9179467484354955 7.7674617078155279 1.7859018817543981
leaf_count=151 35 23 37 25 84 10 299 64 346 8 46 24 23 21 5 8 11 146 7 18 32 40 15 17 5 21 38 20 24 14
internal_value=0.00144009 -0.00845395 0.0121629 -0.0242067 -0.0178494 -0.0153239 -0.0211327 -0.0105883 -0.0289052 -0.00490076 0.0135182 0.0185077 -0.0248701 -0.0503057 -0.0230372 -0.036424 -0.0118752 -0.0522964 -0.000773694 0.0386477 0.0217624 -0.0514814 -0.0394394 -0.0616512 0.0351009 0.0234453 -0.0103104 0.0376627 0.0447316 0.0109655
internal_weight=80.6784 63.3694 19.8379 8.35906 43.5314 41.7595 34.7591 28.1975 17.304 8.15583 7.00044 10.8935 3.01409 9.14818 6.42843 5.54924 4.46456 5.59991 1.66019 11.4789 7.37353 4.77664 2.93394 7.93296 7.8794 6.07731 3.01341 17.309 13.6854 3.62362
internal_count=1617 1524 288 215 1236 1152 1070 771 596 212 82 175 87 384 204 199 72 190 44 73 55 191 61 363 88 83 59 93 44 49
is_linear=0
shrinkage=0.05


Tree=6
num_leaves=31
num_cat=0
split_feature=7 3 3 6 6 7 12 3 3 7 3 3 12 7 12 3 3 6 6 3 3 7 7 6 3 7 3 7 7 4
split_gain=9.68368 4.6035 5.15579 6.17832 4.96807 4.8403 3.96822 4.62712 3.93149 5.20511 2.71183 3.71592 2.277 2.27779 3.34868 2.25555 4.20039 1.66969 2.10066 1.62566 1.64299 1.36179 2.9169 1.38917 1.65502 1.66017 1.2851 1.23016 1.11587 1.06198
threshold=0.38216309249401098 0.7825666368007661 0.64011004567146312 0.083485122770071044 0.10048875212669374 0.33568607270717626 6.5000000000000009 0.41622166335582739 0.85867658257484447 0.32241795957088476 0.34972424805164343 0.1386145502328873 51.500000000000007 0.34738881886005407 47.500000000000007 0.27557374536991125 0.35708615183830267 0.16542611271142962 0.15401898324489596 0.49115876853466039 0.44164662063121801 0.30397830903530126 0.29927712678909307 0.019561945460736755 0.1386145502328873 0.20900084078311923 0.85253447294235241 0.21744287759065631 0.31446340680122381 0.54029431939125072
decision_type=2 2 2 2 2 2 2 2 2 2 2 2 2 2 2 2 2 2 2 2 2 2 2 2 2 2 2 2 2 2
left_child=1 2 3 5 -5 6 7 10 26 29 11 -1 13 -7 15 -15 -17 18 28 20 -2 22 23 -8 -25 -26 27 -3 -6 -10
right_child=19 8 -4 4 17 12 21 -9 9 -11 -12 -13 -14 14 -16 16 -18 -19 -20 -21 -22 -23 -24 24 25 -27 -28 -29 -30 -31
leaf_value=0.033034389272927324 -0.026643051324734591 0.055931961686035751 -0.069846540004215127 0.057246627131556198 -0.080543519990779036 0.040133931385280944 -0.059093592724341663 -0.083213405246452099 -0.08648702780686017 0.026522446576019539 0.062049307262749098 -0.078015030786988168 -0.06031339237711783 -0.078361699471874491 0.060707735956995745 0.038811534253855778 -0.075352643970764813 -0.07181422283635612 0.062882325051199506 0.042513490321619191 0.044416318297848645 -0.069943736341789298 0.02517411387184881 0.052274252970080641 0.026763923107318857 -0.08597655398490639 0.073160100175499829 0.004742188571650088 0.0031870267135364855 -0.020920695370127394
leaf_weight=1.9094350952655106 1.9358627572655671 2.0963261807337386 4.2185706412419668 5.1287648342549783 0.67650791816413469 4.2775773620232922 7.390131573192777 1.4083419619128106 1.8167269863188269 3.715388597920537 2.1496190447360277 1.2441526912152765 1.2146421996876586 1.4753053523600099 1.4123608712106941 2.1280905846506362 1.2965770913287995 1.0648757712915538 0.92582336626946915 12.426872087642549 1.4029934611171482 5.0464837308973065 1.5427903840318311 0.66468535363674197 0.52300767600536324 0.8692430853843689 2.2449902314692736 2.6664975313469768 0.96623126976191998 0.93565403018146742
leaf_count=21 40 7 174 17 34 50 388 45 40 39 13 46 48 59 10 17 50 47 8 42 7 230 35 8 10 36 5 50 21 26
internal_value=-0.000740659 -0.00976764 -0.0170806 -0.0119415 0.0255575 -0.021451 -0.0349319 -0.00265157 0.0160278 -0.012084 0.0187428 -0.0107768 0.00452745 0.0119646 -0.00712451 -0.0266764 -0.00441095 -0.0191731 0.0026509 0.0341911 0.00321623 -0.048442 -0.0385685 -0.0489782 -0.0126357 -0.0436249 0.0419732 0.027273 -0.0312946 -0.0641982
internal_weight=76.7745 61.0088 47.5332 43.3146 8.7622 34.5524 22.7479 6.71155 13.4756 6.46777 5.30321 3.15359 11.8046 10.5899 6.31233 4.89997 3.42467 3.63344 2.56856 15.7657 3.33886 16.0363 10.9899 9.44707 2.05694 1.39225 7.00781 4.76282 1.64274 2.75238
internal_count=1623 1534 1367 1193 127 1066 832 125 167 105 80 67 234 186 136 126 67 110 63 89 47 707 477 442 54 46 62 57 55 66
is_linear=0
shrinkage=0.05


Tree=7
num_leaves=31
num_cat=0
split_feature=7 6 0 6 4 7 7 7 12 3 0 0 4 3 12 4 3 0 0 7 0 3 12 7 4 12 12 6 6 7
split_gain=8.81511 5.306 5.20441 4.37964 2.94114 2.90025 2.36853 5.79256 5.75828 4.12628 3.55179 3.97768 3.25443 2.29281 2.11261 2.01822 1.99608 1.87171 1.84909 4.54331 1.50238 4.41189 1.4753 2.88909 1.43945 1.39257 2.49586 1.19327 3.0972 0.950481
threshold=0.39318042993545538 0.059317039325833328 0.59101003408432018 0.092119917273521437 0.24625033140182498 0.33768509328365331 0.33568607270717626 0.29099465906620031 26.500000000000004 1.0000000180025095e-35 0.61204805970191967 0.555088371038437 0.11199992895126344 0.44735717773437506 50.500000000000007 0.16781046986579898 0.9999937415122987 0.6076960861682893 0.68672966957092296 0.25711239874362951 0.56718024611473095 0.33712284266948706 6.5000000000000009 0.26919934153556829 0.022502121515572075 84.500000000000014 97.500000000000014 0.083485122770071044 0.061920523643493659 0.32112815976142889
decision_type=2 2 2 2 2 2 2 2 2 2 2 2 2 2 2 2 2 2 2 2 2 2 2 2 2 2 2 2 2 2
left_child=1 6 -3 27 13 16 7 8 12 29 11 14 18 -5 -8 -12 -6 20 19 -1 -13 -22 -21 -24 -2 -10 -27 28 -4 -9
right_child=24 2 3 4 5 -7 10 9 25 -11 15 17 -14 -15 -16 -17 -18 -19 -20 22 21 -23 23 -25 -26 26 -28 -29 -30 -31
leaf_value=-0.077943275985255467 0.016856265732900094 -0.076894037390246597 0.069503422716611377 0.02805110457022806 -0.054019964644936219 0.054434340045156085 -0.077414237901514624 -0.028036869430797119 -0.068622090218384724 -0.068735336644270881 -0.079485141144886473 0.040089197419447845 -0.057398982664312585 -0.06801118891228948 0.016185970041118013 0.0007778979575936186 0.045774951275181303 0.067205427139733584 0.066204676420919248 0.05558413246339914 0.033301226442076892 -0.082178317834410347 0.051183319144553457 -0.073784904808047433 0.048402016798253567 0.032753269830579815 -0.080598209628425455 0.063472885302396212 -0.01270220553756239 0.046674642111895891
leaf_weight=1.1215454936027542 6.4884102810174218 1.4761507855728293 2.2206826917827147 0.84162443596869563 1.5763323316350581 2.6363323191180825 1.6688173552975052 0.73787505365908046 3.3909877073019734 9.3085816446691734 2.0276096127927299 2.9144342513754946 1.3180817998945702 2.37126724421978 0.94377447478473175 1.2761468812823293 0.73457206599414338 2.1523856017738581 2.2213098332285881 2.9839190924540162 2.2998923584818844 1.2915720874443648 1.1130349347367881 0.79128484707325686 8.169258011505006 1.1320957690477369 0.85044084861874569 4.4286622349172831 2.3671592157334089 1.0062346542254088
leaf_count=52 47 56 3 16 65 22 70 26 234 427 69 27 53 73 21 35 8 6 6 19 27 47 15 44 23 22 35 12 38 16
internal_value=-0.000277082 -0.00887195 0.0131982 0.0209407 -0.00559864 0.0185919 -0.0190241 -0.0280759 -0.00775535 -0.0555114 -0.00289181 0.0104717 0.0155438 -0.0428474 -0.043602 -0.0484818 -0.0222979 0.0267881 0.0272244 0.0128167 0.0134166 -0.00822784 0.0336404 -0.000743601 0.0344379 -0.0491597 -0.0158707 0.0449594 0.0270883 0.0150667
internal_weight=73.8605 59.2028 18.6528 17.1766 8.16013 4.94724 40.55 25.9754 14.9227 11.0527 14.5746 11.2709 9.54918 3.21289 2.61259 3.30376 2.3109 8.65828 8.23109 6.00978 6.5059 3.59146 4.88824 1.90432 14.6577 5.37352 1.98254 9.0165 4.58784 1.74411
internal_count=1614 1544 293 237 184 95 1251 949 480 469 302 198 189 89 91 104 73 107 136 130 101 74 78 59 70 291 57 53 41 42
is_linear=0
shrinkage=0.05


Tree=8
num_leaves=31
num_cat=0
split_feature=7 4 7 0 12 3 7 7 3 0 4 4 7 0 0 3 0 0 7 12 0 0 12 3 0 0 4 0 3 7
split_gain=9.47693 5.72222 8.25409 5.57444 3.54523 3.53464 3.45666 3.31133 5.22707 4.0422 3.64173 3.66535 3.55766 2.74761 2.61708 2.53911 2.38888 2.96329 1.77384 1.73334 1.57402 1.70244 1.74028 2.41657 2.03556 2.45677 1.43894 1.42066 2.13692 1.32014
threshold=0.35706225037574774 0.22394458204507831 0.45487730205059057 0.61011797189712536 1.5000000000000002 0.95996761322021495 0.41764701902866369 0.30060610175132757 0.38075001537799841 0.56681209802627575 0.107896875590086 0.029110939241945747 0.33568607270717626 0.56564155220985424 0.63501799106597911 0.14949969947338107 0.68672966957092296 0.60830920934677135 0.19116725027561191 42.500000000000007 0.6076960861682893 0.58655557036399852 96.500000000000014 0.13309555500745776 0.54661411046981823 0.58448961377143871 0.029587306082248691 0.63501799106597911 0.51777914166450512 0.2869544923305512
decision_type=2 2 2 2 2 2 2 2 2 2 2 2 2 2 2 2 2 2 2 2 2 2 2 2 2 2 2 2 2 2
left_child=4 2 3 13 -1 7 14 10 9 15 11 16 -11 -2 -5 19 17 20 -12 -9 21 22 23 -6 -25 -26 -13 28 -28 -20
right_child=1 -3 -4 6 5 -7 -8 8 -10 12 18 26 -14 -15 -16 -17 -18 -19 29 -21 -22 -23 -24 24 25 -27 27 -29 -30 -31
leaf_value=-0.078806456425109153 0.0078244866482191488 0.054785938912942339 -0.080053182945605386 0.048709644244146581 -0.074360996099842244 0.036609529896154444 0.078907393140617746 -0.039967242661588603 -0.061718220332493717 -0.04864890119070274 0.011652362851413311 0.079709090380717218 0.051926700536444881 -0.070613786842527226 -0.031945678781926251 -0.077178749670462621 0.052394218905611981 -0.074024778739993968 -0.067065475862702423 0.037276191706525685 0.07284939643500378 -0.072308378812939139 0.061828841637347531 0.03907267404499154 -0.065466513844296054 0.046986201873831637 -0.078559823735345979 0.042729232445066448 0.038627321067822393 -0.0095574677441123378
leaf_weight=1.966892429627477 2.9853198463097241 9.7639766847714764 2.3665945976972571 2.3377256542444211 1.2077314518392137 3.6989623708650461 4.1042949873954058 1.6881886050105115 7.7258362798020235 1.1718856208026407 1.5351410815492261 1.5916147232055653 3.5212502311915159 1.7834034897387026 1.7651842189952729 2.2512665661051869 1.4186501242220391 1.8524103788658965 3.3821630552411079 1.2746306797489522 0.61634833179414261 0.96403489727526892 0.93986608460545529 2.2321888459846377 1.4836697699502113 0.72207401879131783 0.70971944276243426 3.5729922512546182 0.86089629307389259 1.4156298246234653
leaf_count=61 55 45 11 22 73 40 6 66 319 63 28 1 26 42 32 94 7 104 173 23 2 60 7 38 76 10 34 33 10 51
internal_value=-1.04476e-05 0.0248637 0.00582116 0.0214832 -0.0130742 -0.0102536 0.0464639 -0.0143674 -0.0308907 -0.00685085 -0.00247774 0.008901 0.0268128 -0.0215098 0.0140095 -0.0371511 -0.00833134 -0.0169304 -0.0351288 -0.00673644 -0.00397874 -0.010251 -0.00116663 -0.0116538 0.00541117 -0.0286539 0.038163 0.0253071 -0.0143264 -0.0500972
internal_weight=72.9105 25.1065 15.3425 12.9759 47.804 45.8372 8.2072 42.1382 17.6331 9.90722 24.5051 18.1722 4.69314 4.76872 4.10291 5.21409 11.437 10.0183 6.33293 2.96282 8.16591 7.54957 6.58553 5.64566 4.43793 2.20574 6.73522 5.14361 1.57062 4.79779
internal_count=1612 213 168 157 1399 1338 60 1298 591 272 707 455 89 97 54 183 377 370 252 89 266 264 204 197 124 86 78 77 44 224
is_linear=0
shrinkage=0.05


Tree=9
num_leaves=31
num_cat=0
split_feature=7 0 7 7 12 3 3 0 3 12 12 6 7 0 7 7 3 7 12 7 3 3 3 0 3 0 7 12 3 3
split_gain=9.65286 3.98597 1.98473 3.79435 2.59364 2.51471 2.88372 5.79019 5.02863 2.1569 3.51466 2.45156 3.16142 2.52556 2.20627 2.13506 1.96186 1.89783 1.87343 1.80361 1.58965 1.08862 1.13471 0.925028 0.866557 0.763919 1.1105 0.575404 0.351579 1.30203
threshold=0.38034547865390783 0.72374483942985546 0.33568607270717626 0.30397830903530126 1.0000000180025095e-35 0.25209826231002813 0.38075001537799841 0.56718024611473095 0.95996761322021495 101.50000000000001 96.500000000000014 0.019561945460736755 0.26849241554737097 0.71406409144401561 0.29671797156333929 0.24956940859556201 1.0000000180025095e-35 0.29927712678909307 2.5000000000000004 0.19280478358268741 0.47482645511627203 0.14294264465570453 0.1211330220103264 0.58017861843109142 0.34672090411186224 0.63661944866180431 0.3215776532888413 5.5000000000000009 0.32960823178291326 0.39707186818122869
decision_type=2 2 2 2 2 2 2 2 2 2 2 2 2 2 2 2 2 2 2 2 2 2 2 2 2 2 2 2 2 2
left_child=1 2 3 4 -1 21 23 -8 -9 10 11 13 15 17 -14 19 -5 18 -6 -13 24 22 -4 -7 -2 -18 -27 -22 -20 -30
right_child=20 -3 5 16 9 6 7 8 -10 -11 -12 12 14 -15 -16 -17 25 -19 28 -21 27 -23 -24 -25 -26 26 -28 -29 29 -31
leaf_value=0.055626305356812504 -0.026470611932096322 0.03678081810372838 -0.04914566613104486 0.0086012602874138804 0.0094358541512805962 0.013814499288414245 0.065133423758968412 -0.065713899928386985 0.036648651114765847 -0.078965000584479805 0.0608316737088343 0.02988445363914596 -0.07486330164135914 0.046841511771789468 0.0044384075552379955 0.052495973759705772 -0.068585080564590409 0.011107705900947876 -0.071732438744478211 -0.077763300022185122 0.029288817843126976 -0.076155949151148525 0.030056627555202189 0.056928605538029767 0.028223176194253796 -0.073445704466984507 -0.0028465420239029877 0.050040713096558831 -0.003490047018672171 -0.065143335842433842
leaf_weight=1.3747268104925776 1.504327069967988 4.108933054842054 1.0784199023619288 1.2654204163700322 1.1871783249080232 2.1382585139945132 1.9350534537807105 3.9922594809904695 1.7152945734560487 1.2494176123291243 1.5613573547452677 0.86787698976695338 1.6518275523558261 0.91882690414786417 1.8699549697339533 3.2737319394946098 5.5044608516618609 1.5559876235201962 2.9176447605714202 0.70535034779459238 6.095892805606125 1.2591719469055531 0.77879559248685826 2.9751093676313758 1.3964993748813865 0.99820669367909465 1.2601984022185204 7.3898131046444178 1.1484056534245608 3.3671783590689301
leaf_count=11 29 35 43 32 20 29 12 153 14 46 12 16 73 6 36 30 275 39 189 34 22 48 10 20 15 44 31 27 59 181
internal_value=-7.61663e-05 -0.010505 -0.014507 -0.0215526 -0.0110256 -1.53618e-06 0.00983545 -0.00961021 -0.0349508 -0.0151392 -0.0113463 -0.0171363 0.00329581 -0.0325475 -0.0327566 0.0294914 -0.0491279 -0.0397156 -0.0488892 -0.018379 0.0334376 -0.0402662 -0.0159334 0.0388996 -0.000140239 -0.0585383 -0.0340511 0.0406603 -0.0582045 -0.0494636
internal_weight=69.0456 52.659 48.5501 32.6778 23.6495 15.8724 12.756 7.64261 5.70755 22.2747 21.0253 19.464 8.36874 11.0952 3.52178 4.84696 9.02829 10.1764 8.62041 1.57323 16.3865 3.11639 1.85722 5.11337 2.90083 7.76287 2.25841 13.4857 7.43323 4.51558
internal_count=1591 1498 1463 1134 752 329 228 179 167 741 695 683 189 494 109 80 382 488 449 50 93 101 53 49 44 350 75 49 429 240
is_linear=0
shrinkage=0.05


Tree=10
num_leaves=31
num_cat=0
split_feature=3 0 4 4 6 6 6 12 4 4 12 0 12 0 0 4 12 3 12 4 0 0 12 3 12 0 4 0 0 12
split_gain=5.21751 3.07492 3.02774 4.14741 2.87174 4.34883 3.97761 3.61364 3.99071 3.19793 3.12109 2.71812 2.21034 2.08875 2.08574 1.95983 1.86996 1.55089 1.8792 1.53142 1.4945 2.8793 1.48989 3.24073 2.45557 3.23639 2.39608 2.56965 2.76537 1.83976
threshold=0.29308642446994787 0.54661411046981823 0.91422188282012951 0.83091023564338695 0.051824329420924194 0.089641820639371886 0.016761357896029953 26.500000000000004 0.23405057936906817 0.39505125582218176 92.500000000000014 0.52811041474342357 42.500000000000007 0.58655557036399852 0.66343435645103466 0.30000026524066931 25.500000000000004 0.9999937415122987 25.500000000000004 0.20103058964014056 0.53239566087722789 0.54092115163803112 3.5000000000000004 0.81364682316780101 2.5000000000000004 0.5575888752937318 0.10330102965235712 0.6076960861682893 0.63794654607772838 1.0000000180025095e-35
decision_type=2 2 2 2 2 2 2 2 2 2 2 2 2 2 2 2 2 2 2 2 2 2 2 2 2 2 2 2 2 2
left_child=1 11 3 4 6 -6 7 8 16 14 13 12 -1 15 17 -9 22 18 -7 -3 -13 -22 24 26 25 -2 27 -24 -29 -27
right_child=2 19 -4 -5 5 9 -8 10 -10 -11 -12 20 -14 -15 -16 -17 -18 -19 -20 -21 21 -23 23 -25 -26 29 -28 28 -30 -31
leaf_value=-0.070897249888970684 0.071742337465965159 -0.067216231807204305 -0.074274344767989761 0.058463208252066558 0.04540242210085163 -0.057245723568567691 -0.060734530528104042 -0.041095269079308584 -0.049191769214270278 0.033419004687379149 0.02580381826665586 0.052886613350688651 0.0046900558894584603 -0.069459834288005118 -0.077855515383981833 0.05530412936141145 0.065721233930430889 0.048613195946255155 0.021732385475400625 -0.0043532292526568921 -0.072562638398461471 0.029988393643434128 -0.03975515778264907 -0.084836492009123271 0.061848476469253413 0.0091683807004408809 0.057458168069311914 0.037909853636328039 -0.052465404015313799 -0.084481598588580231
leaf_weight=2.1354460814036416 1.1000890787691013 4.2072591264732173 1.037360188551246 4.4163377885706714 10.376965584233405 1.830502791795878 2.5683699641376725 1.5384491742588573 2.2342170393094412 3.8266632054001093 2.187695661559701 1.9698964199051259 1.7678455086424945 3.3927077790722251 1.4382003629580138 0.80214231833815564 2.1139472480863324 0.93755340948700894 1.2797467401251195 1.2586603201925752 1.0034847324714067 2.1529332222416997 2.7091496614739246 0.92487873043865043 3.7330956533551216 1.1367852166295054 2.3325800877064475 4.2804475002922118 1.0550695406273005 0.97355674114078272
leaf_count=104 3 190 62 25 56 54 86 70 62 51 39 21 52 208 42 12 4 5 40 32 50 40 101 20 17 18 19 62 41 30
internal_value=0.00370003 -0.0231418 0.0103823 0.0119179 0.00802273 0.0231417 -0.000975408 0.0040544 0.0142422 -0.00166307 -0.0250053 -0.00522474 -0.0366629 -0.044393 -0.0261339 -0.00805831 0.0212033 -0.00775706 -0.0247493 -0.0527405 0.018713 -0.00261451 0.0160455 0.00484653 0.0342742 0.00221086 0.0128396 -9.77273e-05 0.0200386 -0.0340348
internal_weight=72.722 14.4955 58.2265 57.1892 52.7728 19.6896 33.0832 30.5148 22.5938 9.31267 7.92099 9.02961 3.90329 5.7333 5.486 2.34059 20.3596 4.0478 3.11025 5.46592 5.12631 3.15642 18.2457 11.3021 6.94353 3.21043 10.3772 8.04467 5.33552 2.11034
internal_count=1616 489 1127 1065 1040 248 792 706 377 192 329 267 156 290 141 82 315 99 94 222 111 90 311 243 68 51 223 204 103 48
is_linear=0
shrinkage=0.05


Tree=11
num_leaves=31
num_cat=0
split_feature=3 3 12 6 6 6 6 3 6 6 0 0 3 3 4 0 0 0 0 0 12 0 3 0 4 3 6 12 0 12
split_gain=4.93244 2.12814 5.51406 2.47719 1.66322 2.95955 3.49571 3.15004 1.84693 3.39979 1.92198 2.14509 1.90507 2.23281 1.65742 2.21305 1.41142 2.61426 2.31641 4.77789 1.57774 1.56051 1.89054 3.25374 1.33751 1.25651 2.38646 1.235 1.21618 1.36628
threshold=0.85253447294235241 0.87491628527641307 3.5000000000000004 0.21670634299516681 0.20526900887489322 0.081176627427339568 0.089641820639371886 0.58394026756286632 0.019979323260486129 0.019561945460736755 0.70214921236038219 0.63501799106597911 0.23826970905065539 0.14949969947338107 0.24625033140182498 0.63597232103347789 0.63454240560531627 0.61138087511062633 0.6076960861682893 0.58536961674690258 96.500000000000014 0.57961755990982067 0.52408653497695934 0.53157025575637828 0.20103058964014056 0.55080971121788036 0.061920523643493659 1.5000000000000002 0.5440458655357362 24.500000000000004
decision_type=2 2 2 2 2 2 2 2 2 2 2 2 2 2 2 2 2 2 2 2 2 2 2 2 2 2 2 2 2 2
left_child=4 -2 -3 -4 5 8 -7 14 9 10 11 12 13 24 15 -8 17 18 19 20 21 22 23 -14 28 26 -10 -19 29 -1
right_child=1 2 3 -5 -6 6 7 -9 25 -11 -12 -13 16 -15 -16 -17 -18 27 -20 -21 -22 -23 -24 -25 -26 -27 -28 -29 -30 -31
leaf_value=-0.04334579703582396 0.048921164162992609 0.044452611900734705 -0.063346765743452937 0.014900761346191805 -0.066995348620647682 0.05570271449801633 -0.066591653765407821 -0.073935732736157458 -0.062642655551762391 0.064838212730352354 0.036240817049744391 -0.049174480436034756 0.039015522178895819 -0.070695065363853851 0.048994148472443579 0.039876026943310564 0.058681330875112452 0.022376584531878709 0.042054966086507391 -0.060946965512026656 0.060726631760324792 0.037037063945333112 0.037065294719447216 -0.046682758515276437 0.039549538650824133 -0.080363732163326207 0.02001678540874352 -0.06407603755585882 -0.07172142745356723 0.012565882724232386
leaf_weight=1.9619229650124923 5.5388838630169621 5.1809951961040479 2.5630235774442554 1.670891332440078 1.1769759915769089 3.7896201647818071 1.0422155167907479 1.326958207413554 1.9154420103877776 1.5120795536786307 1.974849386140703 3.9414510615169993 1.5266526052728382 2.3874308951199055 1.8783208485692737 0.91799908783286799 0.92464570701122184 0.50130051933228914 3.0901210671290746 3.0674238386563948 1.3270790707319964 2.4587257658131421 1.7018884988501666 4.0349613763391972 0.98419644497334946 1.4428617814555762 1.6047409661114214 2.347775676753372 1.0648577846586702 2.4660027073696256
leaf_count=83 17 29 66 19 61 11 45 50 79 4 18 167 20 117 19 12 4 4 31 160 7 29 19 177 14 50 21 138 55 74
internal_value=-0.000997507 0.0243293 0.00986171 -0.0324668 -0.00822957 -0.00687845 0.0192306 -0.00752679 -0.0124142 -0.00859891 -0.011704 -0.0145064 -0.00992804 -0.0293626 0.0154304 -0.0167312 -0.00171685 -0.00450141 0.00284415 -0.00573901 0.00958739 0.00260691 -0.00904784 -0.0231587 -0.0141273 -0.0410676 -0.0249608 -0.0488645 -0.0237451 -0.0122074
internal_weight=67.3223 14.9538 9.41491 4.23391 52.3685 51.1915 8.95511 5.16549 42.2364 37.2734 35.7613 33.7864 29.845 8.86441 3.83854 1.96021 20.9806 20.0559 17.2069 14.1167 11.0493 9.72223 7.2635 5.56161 6.47698 4.96304 3.52018 2.84908 5.49278 4.42793
internal_count=1600 131 114 85 1469 1408 137 126 1271 1121 1117 1099 932 343 76 57 589 585 443 412 252 245 216 197 226 150 100 142 212 157
is_linear=0
shrinkage=0.05


Tree=12
num_leaves=31
num_cat=0
split_feature=3 6 6 3 0 12 3 12 12 3 12 12 12 12 4 12 3 0 12 3 3 12 12 0 3 6 0 0 3 0
split_gain=6.77285 2.71988 4.90837 2.68978 3.52555 2.45269 1.61004 3.07196 1.36517 1.29631 2.25612 2.20138 1.98899 1.36564 1.28066 1.22695 1.15769 2.98664 2.00187 0.844179 1.45782 1.71435 0.806964 1.33754 2.84735 4.23392 1.51332 1.18071 0.724041 1.10986
threshold=0.7825666368007661 0.081176627427339568 0.098646726459264769 0.41332446038722997 0.56198787689208995 25.500000000000004 0.65467268228530895 6.5000000000000009 1.5000000000000002 0.29308642446994787 24.500000000000004 25.500000000000004 42.500000000000007 55.500000000000007 0.20103058964014056 87.500000000000014 0.35354222357273107 0.56477597355842601 15.500000000000002 0.34672090411186224 0.29612588882446295 4.5000000000000009 80.500000000000014 0.66973870992660534 0.81935068964958202 0.051824329420924194 0.73751145601272594 0.64657899737358104 1.0000000180025095e-35 0.53157025575637828
decision_type=2 2 2 2 2 2 2 2 2 2 2 2 2 2 2 2 2 2 2 2 2 2 2 2 2 2 2 2 2 2
left_child=1 3 -3 8 -5 -4 -6 -8 -1 10 14 -12 -13 -14 28 -15 17 -11 -18 20 -19 -22 23 27 -25 -26 -27 -2 29 -10
right_child=22 2 5 4 6 -7 7 -9 9 16 11 12 13 15 -16 -17 18 19 -20 -21 21 -23 -24 24 25 26 -28 -29 -30 -31
leaf_value=-0.071440838433866255 0.013514824557989408 0.046959758701390769 -0.058832912419537767 0.031145168544075716 -0.058043194706254159 0.009774060216971428 0.02750374253513882 -0.061052618338454462 -0.067439867147569096 -0.05864581041545739 0.070969789162346683 -0.067348595497093572 0.032524605540872359 -0.051723101726491784 0.0074281962364037826 0.011191384858628316 0.015427704622456392 0.055583977286945432 -0.064613713055821573 0.058362566037173595 0.052576996911850797 -0.056495046279038036 0.046367682779505162 0.048546325651212335 -0.085021427686399115 -0.018317841606947282 0.046123002950038669 0.05027463197630843 -0.067981660352928533 0.034194513416783617
leaf_weight=0.80464157648384826 4.2675136756151968 4.9582167454063875 2.4582520150579512 1.7339046234264959 7.9919239813461882 2.7712975814938545 1.8671044372022154 2.0595249156467617 0.57462974637747011 0.9833231493830662 0.98988999146968115 1.1959966374561188 2.3592457957565784 1.4413063134998085 1.0441690096631644 1.6761265415698288 2.0415154099464421 1.3742934092879298 1.2653513932600615 2.3763143476098776 0.57863039709627606 0.95458110701292753 3.2125008273869744 2.4225719030946484 1.5926214195787904 1.8936853082850578 1.7557688001543281 4.4751092623919249 2.8669266626238823 0.5043930234387517
leaf_count=29 43 23 84 24 357 80 22 98 34 49 7 86 47 85 21 32 37 9 69 16 4 55 18 17 37 32 13 27 125 11
internal_value=-0.00121371 -0.0115381 0.0113172 -0.0178855 -0.0354706 -0.022476 -0.0451618 -0.0189442 -0.00746141 -0.00514526 -0.0156489 0.00138941 -0.00893282 0.00382401 -0.0418122 -0.0178963 0.00873606 0.0213658 -0.0151996 0.036256 0.0181882 -0.0153315 0.0234513 0.0189643 0.00371747 -0.0169997 0.0126849 0.0323312 -0.054842 -0.0199305
internal_weight=66.4913 46.8716 10.1878 36.6838 13.6525 5.22955 11.9186 3.92663 23.0313 22.2267 12.6527 7.66257 6.67268 5.47668 4.99012 3.11743 9.57401 6.26714 3.30687 5.28382 2.9075 1.53321 19.6198 16.4073 7.66465 5.24208 3.64945 8.74262 3.94595 1.07902
internal_count=1591 1404 187 1217 501 164 477 120 716 687 448 257 250 164 191 117 239 133 106 84 68 59 187 169 99 82 45 70 170 45
is_linear=0
shrinkage=0.05


Tree=13
num_leaves=31
num_cat=0
split_feature=7 4 6 6 7 3 3 0 0 0 3 7 4 0 0 0 0 7 3 7 3 7 3 6 7 0 3 0 0 0
split_gain=7.75272 2.06948 2.01534 3.64905 1.61766 1.57025 2.19062 3.25987 1.45367 1.6785 1.4254 1.41902 1.33202 1.59831 1.69556 1.81051 1.93767 1.85049 1.63818 1.2306 1.17177 1.1064 1.10297 1.01146 0.80166 0.796083 0.757729 1.33568 0.626875 0.80284
threshold=0.38034547865390783 0.61849743127822887 0.059317039325833328 0.092119917273521437 0.29787173867225653 0.41332446038722997 0.79179209470748912 0.56198787689208995 0.62240064144134533 0.6580030918121339 0.59530118107795726 0.3229451328516007 0.021680841222405437 0.6076960861682893 0.54661411046981823 0.56681209802627575 0.56718024611473095 0.27002052962780004 0.13309555500745776 0.29629880189895635 0.14949969947338107 0.25286036729812628 0.14294264465570453 0.16542611271142962 0.32970482110977178 0.61011797189712536 0.82271087169647228 0.66786432266235363 0.66786432266235363 0.68847504258155834
decision_type=2 2 2 2 2 2 2 2 2 2 2 2 2 2 2 2 2 2 2 2 2 2 2 2 2 2 2 2 2 2
left_child=2 25 5 10 21 12 7 -7 -6 -10 -4 26 13 14 18 -16 -17 -18 19 -1 -14 -5 -20 -11 -21 -2 -8 -28 -9 -30
right_child=1 -3 3 4 8 6 11 28 9 23 -12 -13 20 -15 15 16 17 -19 22 24 -22 -23 -24 -25 -26 -27 27 -29 29 -31
leaf_value=-0.067252599875420122 -7.2865231437175415e-05 0.062074724213474125 0.00017378823666746126 -0.0094413530157528083 -0.055065739059593638 0.026130781133502003 0.043615616974050718 -0.06016308655453928 0.04244528366088518 -0.053299519112601404 0.044576670088098347 -0.049247904710894512 0.0076955114407906483 0.038276792900176708 -0.067880099261728152 0.06459128933004836 0.027428850740869544 -0.05324363725195648 0.06583526039448899 0.01947613473124914 -0.048745456172805332 -0.071083389393044621 0.011399290452810755 0.016250507147104618 -0.036723122826480707 0.030132802056467557 0.031996034478074281 -0.048103589740920522 0.00092536607661655083 -0.072285448400205024
leaf_weight=0.89515761472285005 3.2848389949649555 4.1643202453851691 2.7657356467098024 1.1935774851590379 1.0160365337505934 1.5049299476668228 1.4164636610075825 6.9654834489338082 2.1588388495147228 1.1038752794265749 5.2161674685776234 1.1211261041462419 1.3172746328636993 2.2749575031921259 1.8806841541081665 0.74149489030242 1.0880203861743214 2.0505425883457065 1.3905577305704353 1.8379694959148767 3.0459966845810413 1.8659759657457469 2.8128116512671113 0.99298486486077298 0.9691525837406515 6.493216210976243 1.1686707930639388 0.93831990100443352 1.0323204039596019 0.58763387380167831
leaf_count=59 48 8 41 40 44 24 12 371 23 21 26 33 41 36 106 3 29 104 3 36 135 79 69 19 45 37 19 30 38 25
internal_value=-0.000508372 0.0325568 -0.00948562 0.00503123 -0.0181154 -0.0162442 -0.0286692 -0.0417489 -0.00133083 0.0114982 0.029191 -0.000253392 -0.00722737 -0.000527414 -0.0069869 -0.0276183 -0.00810325 -0.0252776 0.00804695 -0.016205 -0.0317059 -0.0470359 0.0294078 -0.0203635 7.34675e-05 0.0199855 0.0153361 -0.00367525 -0.0536475 -0.0256317
internal_weight=65.2951 13.9424 51.3528 16.3132 8.33129 35.0396 14.7349 10.0904 5.27174 4.2557 7.9819 4.64458 20.3046 15.9413 13.6664 5.76074 3.88006 3.13856 7.90565 3.70228 4.36327 3.05955 4.20337 2.09686 2.80712 9.77806 3.52345 2.10699 8.58544 1.61995
internal_count=1604 93 1511 293 226 1218 552 458 107 63 67 94 666 490 454 242 136 133 212 140 176 119 72 40 81 85 61 49 434 63
is_linear=0
shrinkage=0.05


Tree=14
num_leaves=31
num_cat=0
split_feature=3 6 6 6 3 6 4 3 12 4 0 12 12 12 3 0 3 4 3 4 12 0 12 12 0 0 12 12 12 3
split_gain=5.3627 1.4852 2.55113 2.78688 2.42056 2.25098 2.06752 1.0411 2.9197 3.19436 1.1117 0.981631 3.2604 2.41026 3.41377 2.00019 1.76341 1.60712 1.26141 1.53376 2.19508 1.7093 2.49043 1.77424 1.11855 1.35817 2.7536 1.06045 2.88477 1.05588
threshold=0.85253447294235241 0.20526900887489322 0.081176627427339568 0.098646726459264769 0.60305544734001171 0.064117584377527251 0.55067002773284923 0.87491628527641307 3.5000000000000004 0.2547349631786347 0.66973870992660534 26.500000000000004 42.500000000000007 24.500000000000004 0.33219572901725775 0.59402918815612804 0.81935068964958202 0.23405057936906817 0.35354222357273107 0.16781046986579898 15.500000000000002 0.56361746788024913 5.5000000000000009 1.0000000180025095e-35 0.60407859086990368 0.61331769824028026 7.5000000000000009 55.500000000000007 96.500000000000014 0.1386145502328873
decision_type=2 2 2 2 2 2 2 2 2 2 2 2 2 2 2 2 2 2 2 2 2 2 2 2 2 2 2 2 2 2
left_child=1 2 5 -4 -5 6 11 -2 -9 -10 -11 13 -13 14 29 27 -17 18 -16 20 21 -20 23 -23 -24 -26 -27 -14 -29 -1
right_child=7 -3 3 4 -6 -7 -8 8 9 10 -12 12 15 -15 17 16 -18 -19 19 -21 -22 22 24 -25 25 26 -28 28 -30 -31
leaf_value=-0.014600840443280895 0.046492402522420144 -0.062303530226545813 0.044473342065179611 0.012031375453474167 -0.072361669456158711 -0.079294323916371909 -0.065098683542595265 0.043199637360756431 -0.079526663484610086 0.045839545550649799 -0.015224589385192486 -0.063992079673776472 0.031291066318660715 0.045583495262718508 0.046883295990051331 -0.055365184078418297 0.040726557944623765 -0.046959175444849517 0.050220916408788001 0.055558132354063088 -0.05576476153710478 0.021676734855251359 -0.028627108688362379 -0.073475343048383573 0.060820205608392054 0.044092254882581693 -0.06182119268225942 -0.047520312697316325 0.039076639069635863 -0.055864539888150426
leaf_weight=2.8965892852284076 5.1305604502558699 1.1425392199307669 4.9814404826611263 3.2241638945415616 1.1536800139583645 1.1406835895031679 1.5274208118207742 5.3274597655981761 1.250004689209163 1.5097688259556892 1.472072980366647 2.8660906688310197 3.3556529833003861 2.603392841294407 2.1526753297075656 2.5265980730764572 0.58868577331304539 1.2772556571289886 1.9434415306895951 1.3663999801501621 1.5520560131408263 0.69631431251764331 1.1134251495823262 1.6527427239343522 1.8045284440740941 1.6396560752764346 0.98073360743001092 2.0618716413155203 1.8024049904197452 3.3355548977851868
leaf_count=99 17 64 26 72 43 34 88 29 33 15 34 188 66 30 25 168 4 42 12 13 72 11 34 63 11 14 45 116 19 140
internal_value=0.00168193 -0.00593407 -0.00465222 0.0188957 -0.0102085 -0.0100429 -0.00805526 0.0283231 0.0185715 -0.0124327 0.0156935 -0.00577535 -0.0168063 4.60994e-05 -0.0052437 -0.003721 -0.037207 0.00686765 0.0114812 0.00550365 -0.000504878 0.00821934 -0.00212977 -0.0452701 0.016168 0.0274396 0.00445201 0.0107277 -0.00712911 -0.0366859
internal_weight=66.0759 51.386 50.2435 9.35928 4.37784 40.8842 39.7435 14.6899 9.55931 4.23185 2.98184 38.2161 13.2013 25.0148 22.4114 10.3352 3.11528 16.1792 14.902 12.7493 11.3829 9.83084 7.8874 2.34906 5.53834 4.42492 2.62039 7.21993 3.86428 6.23214
internal_count=1627 1499 1435 141 115 1294 1260 128 111 82 49 1172 561 611 581 373 172 342 300 275 262 190 178 74 104 70 59 201 135 239
is_linear=0
shrinkage=0.05


Tree=15
num_leaves=31
num_cat=0
split_feature=7 4 0 4 0 4 12 0 12 0 0 3 0 4 0 7 7 0 4 12 3 7 7 12 12 12 0 12 3 0
split_gain=6.02488 2.72498 2.45103 2.29139 2.25696 2.19362 2.18215 2.48908 3.46201 2.31399 2.15335 1.70256 2.09655 1.66979 1.47523 1.41488 1.50666 1.38325 2.28302 1.3317 1.23939 1.12256 1.14512 1.34867 0.915682 0.702825 0.569411 0.494837 0.438134 0.423345
threshold=0.35706225037574774 0.22394458204507831 0.63501799106597911 0.061181470751762397 0.61011797189712536 0.0212542898952961 6.5000000000000009 0.68672966957092296 42.500000000000007 0.5929388999938966 0.56638857722282421 0.14949969947338107 0.63501799106597911 0.52940362691879284 0.60407859086990368 0.29629880189895635 0.20731281489133838 0.60876536369323742 0.043495764955878265 29.500000000000004 0.427420124411583 0.30231802165508276 0.35122287273406988 53.500000000000007 15.500000000000002 84.500000000000014 0.53239566087722789 19.500000000000004 0.77274620532989513 0.56268113851547252
decision_type=2 2 2 2 2 2 2 2 2 2 2 2 2 2 2 2 2 2 2 2 2 2 2 2 2 2 2 2 2 2
left_child=3 2 4 5 10 6 29 8 -8 15 26 -5 -13 24 20 16 -10 -16 -19 -15 -7 -17 23 -23 28 -21 -2 -3 -14 -1
right_child=1 27 -4 11 -6 14 7 -9 9 -11 -12 12 13 19 17 21 -18 18 -20 25 -22 22 -24 -25 -26 -27 -28 -29 -30 -31
leaf_value=0.023572085726802951 0.035182062800686406 0.027037341289389585 -0.04886766824013751 0.034474131256086962 0.040920332952951138 -0.067640078007252663 -0.056860298538422477 0.042847741521180212 0.039052686506144636 -0.064423494309809634 -0.060193565477536064 -0.056393588244596386 0.0019526079004810585 0.027697680590322016 0.059281426718675402 0.067672724576540319 -0.062293649634055349 -0.05024486069360079 0.040388454841679217 -0.072092635475068015 0.023479001613122847 0.030115201218550543 0.048898558980024091 -0.074263379293365267 -0.068633121091985591 0.0024157955388097586 -0.011605621175823897 0.052886712721589783 -0.041249736291830104 -0.0020731059801217038
leaf_weight=3.3993254099041286 1.5638076309114715 2.903178056702016 1.7729206457734097 0.99001462571322818 4.344628993421793 0.78486574627458938 6.2610683059319836 1.2734380196779955 0.55828483309596766 1.2804633509367702 1.4344800999388096 5.7328613307327014 1.1804918032139546 2.5636600148864095 2.4934850819408894 1.2164636384695771 1.0687876259908078 1.0598035585135224 2.0175752956420183 0.63539332989603259 0.71149241179227829 0.59779484290629648 0.9565182328224181 0.64165392331779003 1.5936130289919672 0.63063218630850315 1.1131806038320062 5.1104173865169287 1.167013097554445 3.0559296477586031
leaf_count=49 23 26 37 23 27 33 366 13 11 102 44 297 29 33 6 10 66 35 22 43 13 9 10 36 82 14 31 21 23 71
internal_value=-0.00229212 0.021689 0.00458475 -0.0127405 0.0157917 -0.00422984 -0.0125788 -0.023766 -0.0305086 -0.00440239 -0.010762 -0.0288161 -0.0334562 -0.0165343 0.0197632 0.0108481 -0.0275195 0.0316027 0.00917569 0.00697805 -0.0243145 0.029142 0.00779779 -0.0239209 -0.0393819 -0.0349785 0.0157262 0.043522 -0.0195245 0.0114316
internal_weight=60.1132 18.2426 10.229 41.8706 8.4561 27.3769 20.3097 13.8545 12.581 6.31997 4.11147 14.4937 13.5037 7.7708 7.06722 5.0395 1.62707 5.57086 3.07738 3.82969 1.49636 3.41243 2.19597 1.23945 3.94112 1.26603 2.67699 8.0136 2.3475 6.45526
internal_count=1605 209 162 1396 125 852 743 623 610 244 98 544 521 224 109 142 77 63 57 90 46 65 55 45 134 57 54 47 52 120
is_linear=0
shrinkage=0.05


Tree=16
num_leaves=31
num_cat=0
split_feature=7 6 4 7 6 7 4 6 6 0 7 4 4 12 12 7 4 12 12 4 12 7 0 7 7 12 0 7 0 0
split_gain=5.83232 2.36193 2.23491 2.48 2.09976 2.03387 1.93922 1.57408 3.58016 1.51007 1.62117 1.43083 1.61098 1.86383 2.07612 1.9986 1.40306 1.31432 1.23311 1.21163 1.15932 1.00017 1.14908 0.998387 2.55331 0.935639 0.915317 1.00737 0.765285 1.26839
threshold=0.37243685126304632 0.019561945460736755 0.10330102965235712 0.33768509328365331 0.089641820639371886 0.19280478358268741 0.88255083560943615 0.059317039325833328 0.019979323260486129 0.68102508783340465 0.21357035636901858 0.021680841222405437 0.0212542898952961 6.5000000000000009 96.500000000000014 0.36907215416431433 0.61849743127822887 15.500000000000002 1.5000000000000002 0.35316270589828497 46.500000000000007 0.32112815976142889 0.51608514785766613 0.29927712678909307 0.30231802165508276 5.5000000000000009 0.58169397711753856 0.30231802165508276 0.62699854373931896 0.61011797189712536
decision_type=2 2 2 2 2 2 2 2 2 2 2 2 2 2 2 2 2 2 2 2 2 2 2 2 2 2 2 2 2 2
left_child=1 9 4 5 7 -4 -7 8 -3 11 -11 12 13 18 15 20 28 -8 -1 -12 -15 22 -20 -22 -25 -24 27 -13 29 -2
right_child=16 2 3 -5 -6 6 17 -9 -10 10 19 26 -14 14 -16 -17 -18 -19 21 -21 23 -23 25 24 -26 -27 -28 -29 -30 -31
leaf_value=-0.041854655418916524 0.005995063253434383 0.060385652797643456 0.036385325283754641 0.022831780120610833 -0.02419868669543317 -0.069055507552490639 0.034263129653137887 0.045570339204665813 -0.051524326385519417 0.049480616916303399 -0.07372895648010333 -0.064829691650947041 0.057825446310722443 -0.055819168124020539 0.018582165467525891 0.045206316067056967 0.05308734560811601 -0.065235925541728995 0.04603191833376577 0.011774580067244085 -0.054590703775915586 0.037983785863606005 -0.06667899017800398 0.076357609435544815 -0.03973515442377637 0.010714177740361869 -0.061117986422943173 -0.0069390068540319096 -0.0072181802084527978 0.044690991109875997
leaf_weight=1.1137342415750158 4.270943880081175 1.3350425902754088 0.86636244505643656 2.950368513353169 2.156171975657343 3.1768235652707517 0.97232271265238501 5.9305052384734154 1.5379625051282344 1.6496459273621433 0.64965023892000306 1.0694395322352641 0.73933779820799728 6.3614166714251006 1.963171868585049 0.68222435005009252 3.9352112114429465 0.50389823969453573 0.69210263341665301 1.1438228893093763 1.2471712203696372 2.5525430059060454 0.85367819666862466 0.74066883232444558 1.3136220686137674 0.71979294717311859 3.1332164886407554 2.5274155526421964 2.3220817726105443 4.2004042211920023
leaf_count=32 64 4 12 48 56 133 11 25 70 9 32 70 2 375 37 5 12 38 4 22 88 36 34 6 76 13 188 69 31 18
internal_value=-3.2289e-05 -0.00838823 0.00511615 -0.0141739 0.0200237 -0.033955 -0.0470519 0.0308547 0.000478571 -0.0173885 0.0137072 -0.021553 -0.014529 -0.0174618 -0.0285575 -0.0375031 0.0275296 0.000299787 0.00556128 -0.0191974 -0.0433426 0.0165217 -0.00765881 -0.0193021 0.00212177 -0.0312751 -0.0413614 -0.0241514 0.0182114 0.0251819
internal_weight=63.3108 48.5821 19.4295 8.46978 10.9597 5.51941 4.65304 8.80351 2.87301 29.1527 3.44312 25.7095 18.9795 18.2401 12.3083 10.3451 14.7286 1.47622 5.93185 1.79347 9.66288 4.81812 2.26557 3.30146 2.05429 1.57347 6.73007 3.59686 10.7934 8.47135
internal_count=1620 1495 397 242 155 194 182 99 74 1098 63 1035 708 706 587 550 125 49 119 54 545 87 51 170 82 47 327 139 113 82
is_linear=0
shrinkage=0.05


Tree=17
num_leaves=31
num_cat=0
split_feature=7 0 4 4 0 0 7 4 6 0 12 0 7 0 12 7 0 0 0 0 0 0 0 7 7 12 12 7 0 0
split_gain=4.11759 2.1998 1.99816 1.91298 1.58137 2.13314 1.43466 1.18274 1.56612 2.30695 2.94821 1.92121 1.6971 2.22283 1.14812 1.02675 0.813418 0.748706 1.69667 1.55961 1.57134 1.36126 1.3499 1.14114 1.78214 1.50009 0.719863 0.614952 0.57895 0.861748
threshold=0.35464857518672949 0.71406409144401561 0.22394458204507831 0.1345334202051163 0.63501799106597911 0.61011797189712536 0.35876084864139562 0.88490688800811779 0.019561945460736755 0.66973870992660534 28.500000000000004 0.68672966957092296 0.2997263371944428 0.63661944866180431 122.50000000000001 0.30991716682910925 0.56564155220985424 0.5440458655357362 0.54092115163803112 0.57570967078208934 0.58655557036399852 0.52229520678520214 0.49897456169128424 0.32241795957088476 0.3229451328516007 25.500000000000004 1.0000000180025095e-35 0.29060964286327368 0.58448961377143871 0.57723218202590953
decision_type=2 2 2 2 2 2 2 2 2 2 2 2 2 2 2 2 2 2 2 2 2 2 2 2 2 2 2 2 2 2
left_child=1 7 4 -3 5 6 -2 8 11 10 12 14 27 -14 17 -5 -8 18 21 -19 28 22 -1 26 -25 -26 -22 -10 29 -21
right_child=2 3 -4 15 -6 -7 16 -9 9 -11 -12 -13 13 -15 -16 -17 -18 19 -20 20 23 -23 -24 24 25 -27 -28 -29 -30 -31
leaf_value=-0.067366223944206938 0.042595193690652483 0.04909018662930683 0.037931720596691643 -0.050301294814245029 -0.039951210093256195 0.037791479440315238 -0.0074414495475763846 -0.066053245420266568 0.024806473492269204 -0.053360107366716536 -0.047733740670278829 0.029573157438276255 -0.043913329514815275 0.038040288914713366 0.034140977202839221 0.024179279378307762 -0.057778827232065226 -0.060850217607674312 0.038084574334610377 0.038989165456979585 0.015034699823335211 -0.065888043193605625 0.0099366176215497266 0.064070238174857061 -0.064254463844258813 0.0151709375316165 -0.054168445758515732 0.057968677682882108 0.048068680856879126 -0.030782206139254916
leaf_weight=0.72692606318743047 0.96492093615234065 2.8896382544189683 8.4537002476863545 1.001844923943281 1.6324073476716865 4.4953136742115021 2.1251371465623383 1.0047827977687109 3.055932739749549 1.563132355455308 1.7476111613214005 1.8851919737644482 1.7468815268948676 1.5718979323282836 0.84018556866794725 0.85985918249934901 1.2895418098196385 3.4859715327620497 1.3718399927020071 0.72291249968111371 0.41022847965359677 1.4258030652999876 2.5312232379801571 0.64976707194000516 1.3479952397756281 1.0634931987151501 4.475530153606087 2.5766830677166581 0.75939233601093281 1.1411342481151221
leaf_count=45 13 14 57 30 37 29 48 65 40 54 108 23 58 19 11 12 44 207 23 14 7 86 70 4 66 41 296 10 11 42
internal_value=0.000579512 -0.00835732 0.019836 0.0236248 0.00527695 0.013596 -0.0112388 -0.0125662 -0.011035 0.00337861 0.0116682 -0.0187741 0.0232654 -0.00509703 -0.0231241 -0.0159012 -0.0264512 -0.0255164 -0.0108187 -0.0318484 -0.0222841 -0.0251416 -0.00731043 -0.0333603 -0.00942417 -0.029227 -0.0483579 0.0399768 0.0112685 -0.00372355
internal_weight=59.8169 40.8559 18.961 4.75134 10.5073 8.87491 4.3796 36.1045 35.0997 12.2621 10.699 22.8376 8.9514 3.31878 20.9524 1.8617 3.41468 20.1122 6.05579 14.0564 10.5705 4.68395 3.25815 7.94701 3.06126 2.41149 4.88576 5.63262 2.62344 1.86405
internal_count=1584 1356 228 56 171 134 105 1300 1235 289 235 946 127 77 923 42 92 912 224 688 481 201 115 414 111 107 303 50 67 56
is_linear=0
shrinkage=0.05


Tree=18
num_leaves=31
num_cat=0
split_feature=12 12 7 7 4 3 4 0 0 0 4 12 7 0 4 0 12 12 0 3 3 7 4 0 0 3 3 3 12 7
split_gain=2.51027 2.77458 2.1401 2.15411 2.77781 2.55929 1.60028 1.86552 1.72124 1.66171 1.55673 1.39603 1.23123 2.45199 1.27557 2.19599 1.21799 3.10741 0.9161 1.01716 1.79354 0.790566 0.781474 0.737101 1.47102 0.898649 0.675496 1.10098 0.586849 0.553812
threshold=103.50000000000001 80.500000000000014 0.35706225037574774 0.30060610175132757 0.18714001029729846 0.13309555500745776 0.22545011341571811 0.62699854373931896 0.61011797189712536 0.56638857722282421 0.10190830007195474 96.500000000000014 0.24956940859556201 0.68672966957092296 0.029110939241945747 0.55075579881668102 28.500000000000004 25.500000000000004 0.71654811501503002 0.57629442214965831 0.52408653497695934 0.35344149172306066 0.01591637916862965 0.66343435645103466 0.64837586879730236 0.9999937415122987 0.39376872777938848 0.40940839052200323 24.500000000000004 0.29713262617588049
decision_type=2 2 2 2 2 2 2 2 2 2 2 2 2 2 2 2 2 2 2 2 2 2 2 2 2 2 2 2 2 2
left_child=1 2 3 4 5 -1 7 8 9 28 11 -3 13 -7 15 -14 17 18 19 20 21 -5 -9 24 25 -6 -17 -28 -4 -29
right_child=-2 10 6 16 23 12 -8 22 -10 -11 -12 -13 14 -15 -16 26 -18 -19 -20 -21 -22 -23 -24 -25 -26 -27 27 29 -30 -31
leaf_value=-0.062897269818846024 -0.070357039982931441 -0.065961247697178552 -0.012773988786464532 -0.041274342516020093 -0.059767127899803388 -0.061377194473051046 0.030537494039248794 -0.077450111245001993 0.034731176714946591 -0.056999989736578875 0.045694130699804547 0.031871084624937845 0.040587436621112943 0.038303106902198458 0.041818726664774049 -0.055483806542777819 -0.054220329764234076 0.044151021543344104 0.020312932474887083 -0.059019615840644427 0.026582377976647233 0.022265249477397695 -0.012900502553316691 -0.06907757387952157 0.041004024613693422 0.024608858965166801 0.053377717334781027 -0.039790006720940685 0.034098552959794845 0.026130855473007471
leaf_weight=1.1086148065514887 1.30725648254156 0.67854238161817082 1.3656560080125912 5.2585464012809062 1.6571664940565827 1.347491909284144 6.3244496639817944 0.97945965640246846 3.5161377657204866 1.4063183348625896 4.6483656270429492 0.78823879174888134 2.7969698337838036 1.1379265803843734 5.0375677216798067 0.93596531217917833 2.9008750650100401 1.7202822025865305 0.89289007149636823 2.6591610601171851 1.4636582871899007 0.53979318402707566 0.89948729239404202 1.2320807753130791 0.68379800580441941 0.38979439623653878 0.59831444267183576 1.4037300082854924 1.3067394047975538 0.41215619631111611
leaf_count=85 55 40 31 224 112 83 46 30 21 47 43 14 34 10 69 74 213 20 10 96 26 11 15 61 12 5 5 79 22 9
internal_value=-0.00186392 -0.000267592 -0.00415761 -0.0111924 0.00019942 0.0101673 0.0110609 -0.0019412 0.00909465 -0.0130058 0.031523 -0.0133868 0.0160927 -0.0157395 0.0231663 0.0078806 -0.0250244 -0.0182674 -0.0281969 -0.0325627 -0.0228748 -0.0353592 -0.046549 -0.0369741 -0.0224894 -0.0436998 -0.0194255 -0.00544602 0.0101456 -0.0248278
internal_weight=57.3974 56.0902 49.975 34.1768 18.7416 14.7787 15.7982 9.4738 7.59485 4.07871 6.11515 1.46678 13.6701 2.48542 11.1847 6.14714 15.4352 12.5343 10.814 9.92116 7.262 5.79834 1.87895 3.96284 2.73076 2.04696 3.35017 2.4142 2.6724 1.81589
internal_count=1602 1547 1450 1238 638 448 212 166 121 100 97 54 363 93 270 201 600 387 367 357 261 235 45 190 129 117 167 93 53 88
is_linear=0
shrinkage=0.05


Tree=19
num_leaves=31
num_cat=0
split_feature=7 6 3 0 4 3 3 0 4 3 7 3 0 7 0 4 3 6 4 7 7 7 3 6 7 3 4 3 3 3
split_gain=3.98181 1.85073 2.27807 3.83685 1.80906 2.37952 1.78643 2.60738 1.75279 3.92342 1.49189 3.43535 1.45857 1.94063 1.67714 1.3436 1.15226 1.82606 1.14047 1.0789 1.01459 0.976043 0.964358 1.37444 0.840224 0.644613 0.609681 0.744277 1.95418 0.275019
threshold=0.38034547865390783 0.019561945460736755 0.76438340544700634 0.58655557036399852 0.10737730190157892 0.95996761322021495 0.55995827913284313 0.62240064144134533 0.10190830007195474 0.64011004567146312 0.28756766021251684 0.9999937415122987 0.56139713525772106 0.34216937422752386 0.58448961377143871 0.61849743127822887 0.57239133119583141 0.019979323260486129 0.031087412498891357 0.27551971375942236 0.22601355612277987 0.27743867039680487 0.86529290676116954 0.0161728709936142 0.32923476397991186 1.0000000180025095e-35 0.30000026524066931 0.21750554442405703 0.25693033635616308 0.74061912298202526
decision_type=2 2 2 2 2 2 2 2 2 2 2 2 2 2 2 2 2 2 2 2 2 2 2 2 2 2 2 2 2 2
left_child=1 2 3 12 8 6 7 -6 9 16 -4 -12 19 14 20 22 17 -3 24 -1 -14 -21 23 -2 -19 -23 27 -27 -29 -5
right_child=15 4 10 29 5 -7 -8 -9 -10 -11 11 -13 13 -15 -16 -17 -18 18 -20 21 -22 25 -24 -25 -26 26 -28 28 -30 -31
leaf_value=-0.058641026856108128 0.017978742824368326 0.059134330150322073 0.038653578899234542 -0.055164094261000579 -0.059015438884423524 0.02825921934034957 -0.06163992235023355 0.032088306818337485 0.058944143065004152 -0.072357926869012934 -0.069154446024284236 0.054520182042744808 0.022389257545216781 0.03959946924022778 0.041961856625084122 0.052098900862010758 0.049631868355446113 -0.066107823321995982 0.018532387463116657 0.048548885979473579 -0.0583399190866081 0.0060397622641544637 0.038062051540402167 -0.03407269280030896 0.0070336852847052199 -0.063152695854907015 0.0034687807986418713 0.036085735390962978 -0.061589489473603112 -0.010745871111137211
leaf_weight=1.5273652696050755 5.0254179397597891 1.2739722579717652 2.9479526625946155 6.4328745515085748 1.3308970071375354 2.5708545697852969 2.4759529195725918 1.9160078512504695 2.2213744092732659 1.260296798776835 1.286780718713999 0.99620340391993512 0.50446819141507138 3.0434973631054163 0.87330501992255438 3.3862314932048312 2.6312923971563578 1.0930724460631611 1.6431266190484164 0.60155399329960335 1.7032798300497232 1.9992888979613779 3.2367558851838112 1.6963347867131231 0.6127689667046069 1.6153648290783169 1.1884137718006966 0.92696314491331611 1.1441213758662341 0.36844134749844659
leaf_count=103 58 3 29 431 75 29 116 33 6 39 54 8 18 33 13 9 18 54 28 5 111 67 11 23 12 99 30 15 68 16
internal_value=0.000834241 -0.00611617 -0.0144938 -0.0215663 0.00584075 -0.0116991 -0.0296494 -0.00525486 0.0193907 0.00907149 0.0151551 -0.0151878 -0.00754265 0.0112811 -0.016692 0.0248913 0.0232184 0.00818439 -0.0111973 -0.020348 -0.0398934 -0.0125243 0.0156398 0.00484278 -0.0398341 -0.0178688 -0.0276742 -0.0377139 -0.0178726 -0.0527579
internal_weight=59.5342 46.1895 27.1599 21.9289 19.0296 8.29371 5.72286 3.2469 10.7359 8.51453 5.23094 2.28298 15.1276 6.12455 3.08105 13.3447 7.25423 4.62294 3.34897 9.00307 2.20775 7.47571 9.95851 6.72175 1.70584 6.87415 4.87486 3.68645 2.07108 6.80132
internal_count=1614 1513 1100 1009 413 253 224 108 160 154 91 62 562 175 142 101 115 97 94 387 129 284 92 81 66 279 212 182 83 447
is_linear=0
shrinkage=0.05


Tree=20
num_leaves=31
num_cat=0
split_feature=7 7 7 7 7 6 7 4 4 3 4 0 0 6 7 0 0 7 0 0 3 4 3 3 6 6 0 6 3 3
split_gain=2.15348 2.24227 1.96592 1.56273 1.80042 1.50431 1.23378 1.38014 2.08772 2.691 1.3161 1.28202 1.84246 1.23252 1.22999 1.83738 0.877988 0.835222 0.710464 1.00541 1.02674 0.687262 0.677738 2.22091 2.02107 1.4694 0.786308 1.89907 1.22891 0.607805
threshold=0.32112815976142889 0.32374675571918493 0.32923476397991186 0.30397830903530126 0.29927712678909307 0.28995323181152349 0.38034547865390783 0.66435369849205028 0.46106496453285223 0.53145658969879161 0.61849743127822887 0.56139713525772106 0.50153666734695446 0.018076948821544651 0.2997263371944428 0.57926705479621898 0.61331769824028026 0.37243685126304632 0.6076960861682893 0.5702519714832307 0.38075001537799841 0.88490688800811779 0.76438340544700634 0.55080971121788036 0.019561945460736755 0.018076948821544651 0.62284606695175182 0.019979323260486129 0.51364493370056163 0.39376872777938848
decision_type=2 2 2 2 2 2 2 2 2 2 2 2 2 2 2 2 2 2 2 2 2 2 2 2 2 2 2 2 2 2
left_child=3 -2 -3 4 21 -5 7 8 9 11 13 12 -4 -8 -6 -16 18 -14 19 -13 -21 22 23 24 29 -24 27 -26 -29 -1
right_child=1 2 6 5 14 -7 10 -9 -10 -11 -12 16 17 -15 15 -17 -18 -19 -20 20 -22 -23 25 -25 26 -27 -28 28 -30 -31
leaf_value=-0.039544076144382358 0.041692495344747726 -0.062161590517577282 0.031849680841358703 -0.057496668272363619 0.056392567209375945 0.052522573714397759 0.018169823066566892 -0.072446905117295665 0.047371087347128568 -0.058012172296411271 0.049392019379393741 0.038935921259401179 -0.065691667226194711 -0.024823226053361847 0.038795717205706882 -0.064131241805905043 -0.029521070505562158 0.0059594945418852321 0.055195935931608736 0.010435275468186142 -0.063221826905712791 -0.066569555279219206 0.028590666150025042 -0.066422190975433254 0.062040851494363669 -0.04066355521070137 0.042345603728738468 -0.065607772418811466 0.032310851035576092 -0.0080120133979085847
leaf_weight=4.1866264422424262 3.5015318798832622 1.2471889792941535 1.0065980684012159 3.1868060496635731 1.5070644626393908 0.3442631410434841 5.9194829110056144 0.76752309966832477 1.7576188305392868 2.4296039668843141 2.2259340472519389 1.9080303553491829 1.7729749586433174 2.3204774502664804 1.0179898594506083 0.75529354903846968 0.99610769655555476 0.52779643423855294 1.217629875987768 1.7212648829445245 0.65246084891259659 0.67949181608855624 2.2155303265899415 2.1836759648285797 0.75784569978714067 1.170625338796526 1.7359447837807236 1.0293116006068883 0.46526821330189694 2.4068580004386604
leaf_count=274 38 76 16 200 7 4 62 26 20 104 7 21 95 28 19 43 39 13 5 45 35 50 34 128 1 38 23 58 6 108
internal_value=-0.00480922 0.00409071 -0.00088324 -0.0160919 -0.0107055 -0.0467703 0.0021467 -0.00716582 -0.00358437 -0.0109059 0.015278 0.000769227 -0.0245707 0.00606243 0.0231814 -0.0050439 0.0136718 -0.0492549 0.0214954 0.0119117 -0.00981069 -0.01731 -0.0152376 -0.0205127 -0.0110388 0.00464884 0.0170569 -0.00243304 -0.0351253 -0.0280337
internal_weight=53.6148 29.9722 26.4707 23.6426 20.1115 3.53107 25.2235 14.7576 13.9901 12.2325 10.4659 9.80286 3.30737 8.23996 3.28035 1.77328 6.49549 2.30077 5.49939 4.28176 2.37373 16.8312 16.1517 12.7655 10.5819 3.38616 3.98837 2.25243 1.49458 6.59348
internal_count=1623 630 592 993 789 204 516 419 393 373 97 269 124 90 69 62 145 108 106 101 80 720 670 598 470 72 88 65 64 382
is_linear=0
shrinkage=0.05


Tree=21
num_leaves=31
num_cat=0
split_feature=3 0 6 6 6 0 6 0 6 4 12 0 0 0 0 3 12 0 12 12 0 6 6 3 3 3 0 0 0 12
split_gain=2.01198 1.47341 0.805567 0.801845 1.96972 1.71943 0.721714 1.49362 0.979044 0.929037 0.857441 0.728369 0.66731 1.19784 1.452 1.89348 1.13141 2.02985 1.5113 1.22736 1.00607 1.26819 0.980715 0.896615 2.17667 0.730294 0.716923 1.27603 0.880491 0.721729
threshold=0.7825666368007661 0.68847504258155834 0.20526900887489322 0.0767318829894066 0.059317039325833328 0.67755174636840831 0.081176627427339568 0.63949391245841991 0.068290233612060561 0.61849743127822887 25.500000000000004 0.59402918815612804 0.61331769824028026 0.6076960861682893 0.58655557036399852 0.34672090411186224 24.500000000000004 0.58017861843109142 25.500000000000004 42.500000000000007 0.66282746195793163 0.061920523643493659 0.025456773117184642 0.65467268228530895 0.66147875785827648 0.37857168912887579 0.54372221231460582 0.57647201418876659 0.54031535983085643 51.500000000000007
decision_type=2 2 2 2 2 2 2 2 2 2 2 2 2 2 2 2 2 2 2 2 2 2 2 2 2 2 2 2 2 2
left_child=1 2 6 4 -2 -5 8 9 12 10 11 -8 13 14 15 16 17 -1 -18 -20 21 23 -16 -14 -25 -17 28 -28 29 -21
right_child=3 -3 -4 5 -6 -7 7 -9 -10 -11 -12 -13 20 -15 22 25 18 -19 19 26 -22 -23 -24 24 -26 -27 27 -29 -30 -31
leaf_value=-0.038424026222863859 0.01097416475780774 -0.066637092169879952 -0.054608183740353804 0.02241772014827444 0.059540490739748368 -0.040201723570075093 -0.0095858833221426562 0.043514928390281878 -0.073032457396347755 0.035494446653970078 0.015954083700625937 -0.072375559166171721 -0.055310929187483149 0.030188295406160449 -0.053902962907042509 0.051755907417896124 0.054192836519593779 0.056321396817719117 -0.055749807288066992 0.030338622817769358 0.01765535921531201 0.033298620418373968 0.011608133633017284 0.057290457671110066 -0.065029071975979791 0.012827845491525894 -0.059746629617942304 0.024690834124939092 0.060529983801499015 -0.022074253151229285
leaf_weight=4.9588348926045125 8.1375940917059761 0.94968544691800971 0.75959337968379159 2.8895804714411488 2.8081784658133975 1.7663621706888077 0.91763768158853032 2.4377496866509318 0.52974437084048887 0.98074239585548628 1.0182878253981469 0.92990458803251386 2.9138443008996537 2.7725188937038174 2.2239695731550451 1.5998137262649823 1.1731459293514488 0.63804798945784558 1.0944464877247808 1.1979987584054477 1.4718041755259035 0.69773839786648739 0.76876210002228607 0.6887803468853233 0.77059902949258685 4.8793477197177708 1.0288186646066604 0.79178115166723717 0.83306004665791977 1.4539330578409133
leaf_count=223 115 48 52 29 3 45 20 30 22 12 29 27 208 46 164 21 9 6 96 17 46 8 22 4 45 106 72 14 10 60
internal_value=0.000786436 -0.00509295 -0.00361442 0.0160412 0.023434 -0.00133872 -0.00261537 0.012895 -0.00561572 -0.0065102 -0.020885 -0.0411892 -0.00449817 -0.000832198 -0.00463067 0.000310809 -0.0105758 -0.027623 0.00202273 -0.00754021 -0.0187381 -0.029301 -0.0370747 -0.0392887 -0.00729817 0.0224398 0.00240455 -0.0230247 0.0156891 0.00160304
internal_weight=56.0823 40.4806 39.5309 15.6017 10.9458 4.65594 38.7713 6.28432 32.487 3.84657 2.86583 1.84754 31.9572 25.4145 22.642 19.6492 13.1701 5.59688 7.57318 6.40004 6.54277 5.07096 2.99273 4.37322 1.45938 6.47916 5.30559 1.8206 3.48499 2.65193
internal_count=1609 1417 1369 192 118 74 1317 118 1199 88 76 47 1177 866 820 634 507 229 278 269 311 265 186 257 49 127 173 86 87 77
is_linear=0
shrinkage=0.05


Tree=22
num_leaves=31
num_cat=0
split_feature=7 0 4 7 7 7 7 0 6 0 0 4 0 3 0 3 3 3 0 3 0 7 4 6 0 3 7 0 7 3
split_gain=3.55835 2.02965 0.933699 0.911614 0.856073 1.00796 1.63211 1.24405 0.957811 1.29519 2.01779 0.9476 0.875692 1.09015 1.70805 1.62183 1.68766 1.02105 2.04727 1.68142 1.43739 0.810945 1.19435 0.783809 1.62769 0.835635 0.781065 0.681619 0.680348 0.534159
threshold=0.39318042993545538 0.72374483942985546 0.91422188282012951 0.45487730205059057 0.16157821565866473 0.20900084078311923 0.24956940859556201 0.68325442075729381 0.083485122770071044 0.66343435645103466 0.59101003408432018 0.60759925842285167 0.56718024611473095 0.9999937415122987 0.71406409144401561 0.40323548018932348 0.34972424805164343 0.34672090411186224 0.54661411046981823 0.25693033635616308 0.54092115163803112 0.41764701902866369 0.22545011341571811 0.1276737451553345 0.65153902769088756 0.46219286322593695 0.29060964286327368 0.56139713525772106 0.35668857395648962 0.35354222357273107
decision_type=2 2 2 2 2 2 2 2 2 2 2 2 2 2 2 2 2 2 2 2 2 2 2 2 2 2 2 2 2 2
left_child=1 2 4 21 -1 7 -7 -6 11 10 -10 12 17 14 15 16 28 18 19 20 26 22 -2 -12 25 -25 -8 -19 -14 -18
right_child=3 -3 -4 -5 5 6 8 -9 9 -11 23 -13 13 -15 -16 -17 29 27 -20 -21 -22 -23 -24 24 -26 -27 -28 -29 -30 -31
leaf_value=-0.071459141290720882 -0.0083174720502780276 0.026667651922562187 -0.065166729154094216 0.0011175140174322909 -0.012757789365138376 -0.06018379782299399 -0.060903630162256611 0.051137400879949647 -0.055140544012003925 -0.047163925989743657 0.043654030865469706 -0.064862649273939726 -0.057014798779758451 0.026367357675703553 0.041793612753242559 -0.043281743353375451 0.048263253267146276 -0.0012222599332012611 -0.058785723614821143 -0.07350783257680335 0.042637643221599478 0.051287991226150943 0.048561711704671259 0.021868282249540263 0.052140992150994693 -0.058989677497058385 0.0016969033953487204 0.051745540511344182 0.0027896566102836042 0.0024127771373449527
leaf_weight=0.55712808482348819 1.9907239712774738 3.9276890447363249 0.78008742397650976 2.8373836856335402 1.5543309068307274 1.6356484885327507 0.57802391797304675 1.494057649746537 0.87812676746398111 0.95842543616890896 3.0027658557519317 0.86695610918104549 1.5305445087142238 1.1739586684852845 0.92137970030307847 7.5466912104748189 1.0549212936311962 1.1259191529825323 1.6817893143743274 0.65879246126860369 2.2456108722835779 3.6310070529580116 1.7206203825771806 0.49763766676187537 1.0628131236881015 0.89277088874951005 3.6116358949802816 1.3188054589554665 0.68992722965776909 1.5966198672540484
leaf_count=27 38 37 59 20 66 112 47 9 41 37 28 43 117 11 11 408 8 33 119 27 30 13 5 12 10 37 122 9 18 65
internal_value=-0.00144408 -0.00762743 -0.0110021 0.0251869 -0.00992241 -0.00903372 -0.0114011 0.0185581 -0.00904692 0.00700629 0.0152029 -0.0134477 -0.0117157 -0.0198253 -0.0238903 -0.0287636 -0.00627519 -0.0012257 -0.00918648 0.00257201 0.0103605 0.0344883 0.0180523 0.0265245 0.00555773 -0.03005 -0.00693974 0.0273512 -0.0384328 0.0206545
internal_weight=54.0228 43.8431 39.9154 10.1797 39.1353 38.5782 35.5298 3.04839 33.8941 7.29254 6.33411 26.6016 25.7346 14.514 13.3401 12.4187 4.87201 11.2206 8.77585 7.09406 6.43527 7.34235 3.71134 5.45599 2.45322 1.39041 4.18966 2.44472 2.22047 2.65154
internal_count=1619 1543 1506 76 1447 1420 1345 75 1233 165 128 1068 1025 638 627 616 208 387 345 226 199 56 43 87 59 49 169 42 135 73
is_linear=0
shrinkage=0.05


Tree=23
num_leaves=31
num_cat=0
split_feature=7 4 3 3 8 4 4 0 0 0 4 3 12 12 0 0 7 3 3 7 3 0 12 12 0 4 3 12 3 3
split_gain=2.85442 1.30692 1.75847 1.65106 1.06878 0.707387 1.79487 1.7666 2.34773 1.61994 1.3752 1.24247 1.09029 1.38031 1.1138 0.983018 0.95356 1.13871 0.883009 0.823549 0.795589 0.698742 0.631035 1.26853 1.16515 0.61879 0.54724 1.36521 0.610772 0.535967
threshold=0.38034547865390783 0.90604233741760265 0.95996761322021495 0.82271087169647228 1.1000000238418581 0.061181470751762397 0.0212542898952961 0.58655557036399852 0.68672966957092296 0.60407859086990368 0.18599092960357669 0.52408653497695934 50.500000000000007 6.5000000000000009 0.50406101346015941 0.58448961377143871 0.34635226428508764 0.81674510240554821 0.21750554442405703 0.30397830903530126 0.48607511818408972 0.54495236277580272 88.500000000000014 80.500000000000014 0.63949391245841991 0.39505125582218176 0.86529290676116954 5.5000000000000009 0.52014809846878063 0.29435105621814733
decision_type=2 2 2 2 2 2 2 2 2 2 2 2 2 2 2 2 2 2 2 2 2 2 2 2 2 2 2 2 2 2
left_child=1 2 3 4 5 6 7 11 -9 20 -7 12 13 21 -15 -16 17 19 -14 22 -8 -1 23 24 -12 -4 27 -2 -29 -18
right_child=26 -3 25 -5 -6 10 9 8 -10 -11 16 -13 18 14 15 -17 29 -19 -20 -21 -22 -23 -24 -25 -26 -27 -28 28 -30 -31
leaf_value=0.029766721129625563 -0.02414422657570094 -0.068177403184596641 0.0050553582945766463 -0.056588471018881675 -0.060219923290834199 -0.052805960172121705 -0.062096157851909674 -0.051334889898816974 0.033641484790688646 0.037396552669002735 -0.057856100538471456 0.051712502335800374 -0.017935817780464765 0.022515610347374228 -0.05869426882118986 0.0213240057273494 0.045509430211172638 0.040715012368503778 0.035239434183598088 -0.060949819149716124 0.015509260965249556 -0.022877383684880039 -0.065100056783234495 0.054730590094607894 0.010120211204995322 0.047567156724891202 0.035333927146848569 0.0074172918627164203 0.04268184572267214 -0.0032883717387929539
leaf_weight=1.7576535874977763 1.9037860631942729 0.90517218550667067 1.6737016495317214 1.8590642539784301 0.95776793360710044 2.1725394362583748 0.70475154509767779 4.0825266190804532 1.0148742692545054 4.3486632313579321 1.2223780737258487 1.0927179539576162 1.1566173927858474 0.68531757267192039 2.7844674037769441 0.44518047850579012 1.0583679135888817 0.70613708905875672 2.4020826504565775 1.3238112945109604 0.62148169986903667 0.9827353274449705 0.53869956359267224 0.66699997335672367 1.3016623714938758 1.7520151790231464 3.8757570125162601 2.3654359970241785 2.5530863031744957 1.2015006043948231
leaf_count=25 25 62 27 64 67 133 36 305 16 55 90 9 50 23 213 9 11 5 47 79 12 38 24 6 40 15 14 39 17 39
internal_value=-0.00257491 -0.00879127 -0.00739555 -0.0107339 -0.00816842 -0.0066236 -0.00159401 -0.0099789 -0.0344164 0.0226438 -0.0175192 0.00103819 -0.00438304 -0.0163285 -0.0353793 -0.0476644 -0.00795978 -0.0187595 0.0179569 -0.0270699 -0.0257297 0.0108879 -0.0150447 -0.0065946 -0.0228003 0.0267972 0.0203304 0.0118069 0.0257223 0.0195652
internal_weight=50.117 39.4189 38.5137 35.088 33.2289 32.2712 22.0791 16.4042 5.0974 5.6749 10.1921 11.3068 10.2141 6.65535 3.91497 3.22965 8.01956 5.75969 3.5587 5.05355 1.32623 2.74039 3.72974 3.19104 2.52404 3.42572 10.6981 6.82231 4.91852 2.25987
internal_count=1595 1500 1438 1396 1332 1265 838 735 321 103 427 414 405 308 245 222 294 244 97 239 48 63 160 136 130 42 95 81 56 50
is_linear=0
shrinkage=0.05


Tree=24
num_leaves=31
num_cat=0
split_feature=4 3 12 0 3 12 0 3 0 0 6 6 12 12 12 0 12 0 0 0 0 3 3 12 0 12 0 6 12 3
split_gain=1.44199 1.69344 1.47754 2.47106 2.49505 1.69128 1.03754 1.03144 1.54404 2.42945 0.994974 2.3089 1.71851 0.997484 0.872887 0.670757 0.644446 0.554121 1.51976 1.1328 1.70749 0.734844 1.2526 1.88784 1.72673 1.15941 1.09029 0.612383 0.554821 0.514803
threshold=0.91422188282012951 0.85253447294235241 5.5000000000000009 0.56198787689208995 0.37627542018890386 7.5000000000000009 0.7046715021133424 0.87491628527641307 0.68325442075729381 0.73751145601272594 0.081176627427339568 0.12312184646725656 10.500000000000002 91.500000000000014 1.0000000180025095e-35 0.64657899737358104 14.500000000000002 0.61331769824028026 0.68325442075729381 0.6076960861682893 0.59204486012458812 0.11837169528007509 0.1386145502328873 46.500000000000007 0.56718024611473095 21.500000000000004 0.50153666734695446 0.062526607885956778 97.500000000000014 0.57091325521469127
decision_type=2 2 2 2 2 2 2 2 2 2 2 2 2 2 2 2 2 2 2 2 2 2 2 2 2 2 2 2 2 2
left_child=1 2 3 4 14 -4 10 -3 15 -10 12 16 -7 -13 -1 -9 -12 19 27 20 21 26 -23 24 -24 -26 -14 -19 -28 -25
right_child=-2 7 5 -5 -6 6 -8 8 9 -11 11 13 17 -15 -16 -17 -18 18 -20 -21 -22 22 23 29 25 -27 28 -29 -30 -31
leaf_value=0.012744143362363965 -0.064822978953271215 0.039008942818768051 0.033186748238715168 -0.050818980917440637 0.053778551455741667 -0.061216200642361364 -0.070060993649962211 0.0012878487181816603 -0.077132904146605966 0.023511031584702215 0.061304763986492219 -0.054941615232236111 0.017774672674365184 0.025017170568038496 -0.063214198613284853 0.038210693812284521 0.021013882948259628 -0.044951659198045321 0.024414142167057409 0.035364907079085427 -0.062074924002393853 0.043744065619948411 -0.061946950147810792 0.014291694318213317 0.024647600228224608 -0.051076897229215434 -0.062074781696413631 0.0088858508165423605 0.011914444092587784 0.060895363792618611
leaf_weight=0.60350256413221304 0.83059815457090636 4.003003438934682 3.6698582945391527 3.8756677210330963 1.5599611252546308 1.3351204912178314 0.56229827832430501 2.0771435657516122 1.1685792151838543 1.2315337285399435 1.6907541579566885 1.252671929541975 1.0467070587910776 0.566405196674168 1.0132179041393099 3.0160476015880704 2.4030086635611951 2.9114423524588342 1.5296937073580918 2.1615769667550913 1.1435106587596227 1.9379477221518744 1.8005916750989834 4.0444181701168418 1.7332932236604395 0.71358302608132351 1.3046097224578259 0.6452564289793371 0.31443768367171276 0.69429796561598767
leaf_count=11 66 14 60 136 8 74 25 23 30 17 10 84 31 10 49 31 35 233 25 35 99 27 119 128 35 55 105 14 7 5
internal_value=0.000537587 0.00158139 -0.00322467 -0.0240237 0.00866748 0.00115895 -0.00278637 0.0185183 0.00757197 -0.025491 -0.00149218 0.0168267 -0.00613769 -0.0300449 -0.0348599 0.0231525 0.0376543 -0.00279229 -0.0172606 0.00156355 -0.00339554 0.00154199 0.00728548 -0.000577123 -0.0247835 0.00256405 -0.0219946 -0.0351845 -0.0477052 0.0211199
internal_weight=52.8407 52.0101 40.5138 7.05235 3.17668 33.4615 29.7916 11.4963 7.4933 2.40011 29.2293 5.91284 23.3165 1.81908 1.61672 5.09319 4.09376 21.9814 5.08639 16.895 14.7334 13.5899 10.9241 8.98618 4.24747 2.44688 2.66575 3.5567 1.61905 4.73872
internal_count=1601 1535 1420 204 68 1216 1156 115 101 47 1131 139 992 94 60 54 45 918 272 646 611 512 369 342 209 90 143 247 112 133
is_linear=0
shrinkage=0.05


Tree=25
num_leaves=31
num_cat=0
split_feature=3 7 6 7 12 6 6 3 6 0 7 3 7 3 3 12 12 12 3 12 6 12 3 3 0 3 7 7 12 3
split_gain=2.48288 1.49128 0.981323 0.970992 0.944696 0.908583 1.35145 1.09422 0.925255 1.11743 0.902001 1.5321 1.18896 1.09046 1.26894 1.07496 0.922783 0.965365 1.07286 0.915485 0.853237 0.794947 0.792687 1.9904 0.693105 1.8483 0.67412 0.664817 0.651054 0.64461
threshold=0.85253447294235241 0.32241795957088476 0.20526900887489322 0.16157821565866473 4.5000000000000009 0.083485122770071044 0.089641820639371886 0.58394026756286632 0.064117584377527251 0.68325442075729381 0.43887381255626684 0.39707186818122869 0.38307331502437597 0.34672090411186224 0.35354222357273107 24.500000000000004 26.500000000000004 42.500000000000007 0.25693033635616308 55.500000000000007 0.2566575706005097 72.500000000000014 0.41622166335582739 0.33219572901725775 0.54372221231460582 0.1386145502328873 0.3444990366697312 0.27261160314083105 5.5000000000000009 0.74863961338996898
decision_type=2 2 2 2 2 2 2 2 2 2 2 2 2 2 2 2 2 2 2 2 2 2 2 2 2 2 2 2 2 2
left_child=2 20 3 -1 22 8 -7 -8 9 10 11 13 28 15 -15 24 -17 -18 19 -19 27 -21 23 -5 -6 -26 -3 -2 -13 -24
right_child=1 26 -4 4 5 6 7 -9 -10 -11 -12 12 -14 14 -16 16 17 18 -20 21 -22 -23 29 -25 25 -27 -28 -29 -30 -31
leaf_value=-0.072781056587411949 -0.0022594119216740372 0.046662924339274589 -0.061262655456030893 -0.06140476373161792 -0.059141699355817368 0.044373773364140473 0.0098401435263504953 -0.060961676306812589 -0.066800651116495177 0.02790634357438377 0.03394043632091117 0.028532748345803778 0.01695034332639981 0.051919364911309607 -0.01133811903085221 0.039961748492513147 -0.048563284644774864 0.036656888536399396 -0.046665749308084759 -0.065436203975915527 0.028951334553197029 0.0067148058424369682 -0.065022061634878711 0.032379078059042991 0.046627018652658309 -0.045498396852639983 0.018168105457786118 -0.064104173635257181 -0.043469351236751504 -0.011708524394135448
leaf_weight=0.54582163644954462 0.81186341308057242 3.0248280391097051 0.83946804841980238 0.94775189785286729 1.3578480291180475 2.381837584078311 2.5803314959630375 0.69206492044031609 0.61907481122761865 2.3492604922503224 1.1967292502522457 0.33323824778199096 1.1224029026925562 1.807545269839465 1.4121611476875839 1.3253030627965925 1.097230579704046 2.1344489897601306 0.90096210967749346 0.48982309550046954 0.73175114020705212 1.7304786262102423 1.5876572970300915 1.4036322990432379 0.81946875574067268 1.62222961243242 6.6142475111410022 0.93500243313610554 5.4253962892107666 0.88191598560661066
leaf_count=30 18 15 67 54 87 9 69 42 29 40 9 11 12 15 68 20 105 40 65 36 11 55 70 20 16 96 47 41 397 15
internal_value=-0.00146715 0.0182154 -0.00780974 -0.00658922 -0.0055917 -0.00242749 0.0157214 -0.00513343 -0.00641365 -0.00492569 -0.00831231 -0.0106556 -0.030127 -0.00153954 0.0241747 -0.00875279 0.00201116 -0.00590581 0.00299975 0.0132751 -0.0163747 -0.0092025 -0.0261995 -0.00542156 -0.0305049 -0.0145798 0.02711 -0.0353616 -0.0393028 -0.0459831
internal_weight=49.7218 12.1177 37.6041 36.7646 36.2188 31.3978 5.65423 3.2724 25.7436 25.1245 22.7753 21.5785 6.88104 14.6975 3.21971 11.4778 7.67825 6.35294 5.25571 4.35475 2.47862 2.2203 4.82096 2.35138 3.79955 2.4417 9.63908 1.74687 5.75863 2.46957
internal_count=1609 132 1477 1410 1380 1221 120 111 1101 1072 1032 1023 420 603 83 520 321 301 196 131 70 91 159 74 199 112 62 59 408 85
is_linear=0
shrinkage=0.05


Tree=26
num_leaves=31
num_cat=0
split_feature=0 3 6 6 0 0 3 6 4 0 6 0 0 3 0 0 0 12 12 12 0 12 4 3 3 3 3 4 0 4
split_gain=1.79837 1.35571 0.906638 0.781721 1.99537 1.24 1.34217 0.843417 0.958466 0.813471 1.54046 0.963229 0.915526 1.23048 0.943873 0.715906 0.746467 0.672765 0.840608 1.36496 1.2063 0.977323 0.788842 1.20753 1.13487 0.647747 0.527669 0.519126 0.988225 0.503441
threshold=0.50879192352294933 0.9999937415122987 0.23025272786617282 0.061920523643493659 0.67607370018959057 0.60407859086990368 0.43003265559673315 0.092119917273521437 0.24625033140182498 0.68325442075729381 0.02635208144783974 0.67361545562744152 0.6580030918121339 0.75444400310516369 0.63501799106597911 0.63454240560531627 0.62058281898498546 1.0000000180025095e-35 46.500000000000007 26.500000000000004 0.5929388999938966 19.500000000000004 0.017187198624014858 0.33219572901725775 1.0000000180025095e-35 0.1211330220103264 0.48021534085273748 0.0212542898952961 0.53761798143386852 0.37901748716831213
decision_type=2 2 2 2 2 2 2 2 2 2 2 2 2 2 2 2 2 2 2 2 2 2 2 2 2 2 2 2 2 2
left_child=-1 2 3 9 5 6 -5 -7 -9 10 11 12 13 14 15 16 17 -2 19 21 25 22 23 24 -19 -20 -25 28 -23 -11
right_child=1 -3 -4 4 -6 7 -8 8 -10 29 -12 -13 -14 -15 -16 -17 -18 18 20 -21 -22 27 -24 26 -26 -27 -28 -29 -30 -31
leaf_value=-0.063221656828207351 0.027978274844615261 0.024222483522646606 -0.056331636555456283 -0.063666866760482985 -0.052185821085367678 0.038289924808325097 0.013192861995668326 -0.031636010569445053 0.029657009728264967 0.029723597780567941 -0.06502832188815838 -0.070377560327504168 0.027660425530984911 -0.067167560490137154 -0.053661595692860636 0.051075666504503216 -0.050105497081793376 0.020041488612407038 -0.029194693090648101 -0.056945873046378194 -0.050649373254613175 0.037478337698229384 -0.047444149161916888 0.023312312403316271 -0.060339883210197544 0.022586567856170719 -0.021004513653813121 0.038746436061209512 -0.059080880848043728 -0.0083732609818739905
leaf_weight=1.1889695017598558 1.5561020439490985 4.7982855513691893 0.8066928624175479 0.89698925428092335 1.2070162864401925 4.8713806308805943 1.5486530438065527 1.128662206232548 1.4666019203141329 2.2523088045418258 1.2172156581655134 0.59324709372594853 1.8763120300136495 0.86506738141178985 1.0055265007540573 0.57256130315363307 0.90092193661257525 0.61727695912122937 0.68846544763073225 1.6234946395270515 0.76637516217306245 0.57307199249044083 1.6272708675824104 2.4119504471309487 1.5213799998164175 4.9197242734953761 0.93092892691493023 1.4571130331605671 0.49287061905488372 1.4100949415005741
leaf_count=79 26 46 59 44 49 37 23 37 32 37 70 29 41 44 81 3 85 22 37 154 73 13 81 61 93 133 36 23 42 33
internal_value=-0.00249863 -0.000949437 -0.0038386 -0.00280574 0.00851195 0.0159031 -0.014997 0.0260242 0.0030011 -0.00701751 -0.010101 -0.00742667 -0.00589653 -0.00869116 -0.00635624 -0.00405383 -0.00562524 -0.00353658 -0.00631823 -0.0145347 0.00818938 -0.00738614 -0.0168747 -0.00779969 -0.0371395 0.0162299 0.0109709 0.0193482 -0.00716872 0.0150556
internal_weight=47.7925 46.6036 41.8053 40.9986 11.1193 9.91229 2.44564 7.46664 2.59526 29.8793 26.2169 24.9997 24.4064 22.5301 21.665 20.6595 20.0869 19.186 17.6299 11.2554 6.37456 9.63186 7.10881 5.48154 2.13866 5.60819 3.34288 2.52306 1.06594 3.6624
internal_count=1623 1544 1498 1439 222 173 67 106 69 1217 1147 1077 1048 1007 963 882 879 794 768 525 243 371 293 212 115 170 97 78 55 70
is_linear=0
shrinkage=0.05


Tree=27
num_leaves=31
num_cat=0
split_feature=3 3 12 4 0 6 6 3 3 3 12 12 0 0 3 3 12 0 0 3 0 3 3 3 0 12 12 3 0 0
split_gain=1.32946 1.36155 1.10893 2.06547 1.11512 0.665904 2.35135 1.4623 1.21651 1.10009 1.07647 1.25549 1.16037 1.00037 1.64499 0.894147 0.739747 1.29652 0.625519 1.32971 0.611102 1.00477 0.61083 1.0267 0.574554 0.606596 0.56938 0.557868 0.538205 0.527002
threshold=0.85253447294235241 0.87491628527641307 3.5000000000000004 0.2547349631786347 0.67361545562744152 0.081176627427339568 0.11023701727390291 0.55995827913284313 0.38075001537799841 0.34672090411186224 24.500000000000004 26.500000000000004 0.54372221231460582 0.58655557036399852 0.74061912298202526 0.57239133119583141 3.5000000000000004 0.58243662118911754 0.52811041474342357 0.1386145502328873 0.68672966957092296 0.7678339183330537 0.35354222357273107 0.37627542018890386 0.54031535983085643 51.500000000000007 25.500000000000004 1.0000000180025095e-35 0.57647201418876659 0.56881877779960643
decision_type=2 2 2 2 2 2 2 2 2 2 2 2 2 2 2 2 2 2 2 2 2 2 2 2 2 2 2 2 2 2
left_child=5 -2 -3 -4 -5 8 15 26 9 10 18 -12 24 16 -15 -7 -10 -18 -1 -20 21 -16 -11 -24 25 -13 -8 -27 -14 -21
right_child=1 2 3 4 -6 6 7 -9 13 22 11 12 28 14 20 -17 17 -19 19 29 -22 -23 23 -25 -26 27 -28 -29 -30 -31
leaf_value=-0.05914805665127966 0.040314952253183919 0.023020942436943553 -0.072147551380457961 0.043492842970049919 -0.023253630641837497 0.0045909664183969136 -0.030382984040921924 -0.065529154530226827 0.033025234974736271 0.047251937161451513 0.044182943352151283 0.024383322907694512 -0.051705357342594904 -0.042633632530916878 0.019507616912522258 0.052193209874696056 -0.048131461476407948 0.024712147216745292 0.021992645292401875 -0.058933615215641659 0.023119438798708598 -0.064814998014668862 -0.051340708370932735 0.043231976100961529 0.048818349896642077 0.0039250357864143324 0.020138484973080746 -0.062484869793361625 -0.0042517435557497497 -0.013899042390868581
leaf_weight=0.97210408281535077 3.5918199606239778 3.4086811263114214 1.1486446959897878 1.204505858011544 1.3023376846686003 1.606537228450178 0.88341058278456408 1.2315088016912339 1.2878250665962689 1.7646030588075512 1.7188847586512563 1.4885933040641255 1.3701751530170443 6.3806208795867843 0.71948185097426198 2.556011185515672 1.2952390504069629 1.1560785854235289 1.5541662881150839 1.3025310244411232 1.6155344028957186 0.69409607769921422 0.52326213102787711 0.63553827349096537 0.87704392429441203 0.80660544475540497 1.512528142891824 0.52016279147937894 1.0595876593142746 1.2959696874022482
leaf_count=73 15 29 34 13 36 30 39 73 13 15 22 50 120 431 19 18 74 16 40 88 21 41 38 9 12 23 43 36 68 54
internal_value=-0.000303161 0.0152503 0.00250595 -0.0166239 0.00881719 -0.00480345 0.00817736 -0.0212492 -0.00828578 0.00102394 -0.00522313 0.00642404 -0.0041773 -0.0195357 -0.0282294 0.0338211 0.00234229 -0.0137773 -0.0230437 -0.0145919 0.0021121 -0.0218965 0.0287308 0.000527206 0.0134807 0.00247233 0.00151063 -0.0221111 -0.0310115 -0.0364732
internal_weight=47.4841 10.656 7.06417 3.65549 2.50684 36.8281 7.79 3.62745 29.0381 15.8892 12.9658 7.84105 6.12217 13.1489 9.40973 4.16255 3.73914 2.45132 5.12477 4.15267 3.02911 1.41358 2.9234 1.1588 3.69241 2.81536 2.39594 1.32677 2.42976 2.5985
internal_count=1593 127 112 83 49 1466 203 155 1263 648 586 331 309 615 512 48 103 90 255 182 81 60 62 47 121 109 82 59 188 142
is_linear=0
shrinkage=0.05


Tree=28
num_leaves=31
num_cat=0
split_feature=12 12 12 4 4 4 4 12 6 3 12 12 12 0 12 0 3 0 0 0 0 6 6 12 3 0 12 12 4 4
split_gain=1.89914 1.68299 1.11134 1.08713 1.44846 1.08599 0.962328 0.916805 0.604643 1.08483 0.518637 1.87326 1.70138 1.49923 1.21698 1.7619 0.921558 0.909063 1.09795 1.46849 1.36603 0.938328 0.654652 0.571092 0.51133 0.455816 0.448304 0.958219 1.18102 1.41811
threshold=103.50000000000001 80.500000000000014 72.500000000000014 0.91422188282012951 0.6568669080734254 0.54029431939125072 0.10190830007195474 96.500000000000014 0.17240441590547564 0.9999937415122987 46.500000000000007 26.500000000000004 24.500000000000004 0.50406101346015941 7.5000000000000009 0.56881877779960643 0.1211330220103264 0.58364054560661327 0.61011797189712536 0.61364063620567333 0.71654811501503002 0.10844015702605249 0.12105294317007066 62.500000000000007 0.85867658257484447 0.54318889975547802 5.5000000000000009 3.5000000000000004 0.027450552210211757 0.3217997699975968
decision_type=2 2 2 2 2 2 2 2 2 2 2 2 2 2 2 2 2 2 2 2 2 2 2 2 2 2 2 2 2 2
left_child=1 2 3 4 5 8 7 -3 10 -10 11 12 14 -13 26 -16 -12 -17 -19 -20 21 -21 -15 -18 -6 -25 27 28 -1 -30
right_child=-2 6 -4 -5 24 -7 -8 -9 9 -11 16 13 -14 22 15 17 23 18 19 20 -22 -23 -24 25 -26 -27 -28 -29 29 -31
leaf_value=0.019240684090301097 -0.063640228191489165 -0.059548951292655153 -0.062500810983324759 -0.066146268111857018 0.0029358135893964936 -0.059344903570621048 0.040887215940516808 0.029256701237096373 -0.065009132249819288 0.01011339228601134 -0.062539633178950046 0.039192097754700603 0.037832683378898994 -0.059568622837407693 -0.05832324378979499 0.025905440176788315 0.030383745340386542 -0.06128577879244284 0.042340347473065747 -0.051892054400521498 0.047776123623479251 0.023093163281092354 0.0055456602864243677 0.032200200484532794 0.039759205571109138 -0.047698511384761839 0.023627868216710049 -0.032716813768410256 -0.069369882539043151 0.030486739734316887
leaf_weight=6.0785833299160092 1.1539136692881573 0.53036428801715263 0.7457624115049829 0.62861042097210784 1.4051260496489693 0.84023752994835277 3.8189476476982236 0.64294492825865746 1.003924146760254 0.92187741771340359 0.35058248462155361 0.55688117770478074 2.94710799306631 2.6194740519858901 1.9711286388337592 1.7902592429891226 3.4796397038735449 1.0433272337540982 1.2236084956675766 2.1274715620093057 0.57605867646634568 0.5189698040485381 0.45272308867424715 0.28706737514585245 2.8648907132446766 0.47201192192733288 3.2180863558314732 1.6387257431633768 0.91057313047349431 0.58330747531726956
leaf_count=92 60 41 56 56 49 55 38 14 56 10 27 9 39 238 150 33 107 69 11 126 5 12 15 9 16 49 60 62 41 8
internal_value=-0.000280961 0.00129988 -0.00201805 -0.000904612 0.000123721 -0.00317584 0.0287193 -0.0108856 -0.00181853 -0.0290481 -0.000222009 -0.0027541 0.0021879 -0.0362909 -0.00265751 -0.0163889 0.015368 -0.00503428 -0.0151246 -0.00429237 -0.0219992 -0.0371874 -0.0499733 0.0218117 0.0276418 -0.0174825 0.00756243 0.00194969 0.00945173 -0.0303794
internal_weight=47.4022 46.2483 41.256 40.5103 39.8816 35.6116 4.99226 1.17331 34.7714 1.9258 32.8456 28.2563 24.6272 3.62908 21.6801 9.25082 4.5893 7.2797 5.48944 4.44611 3.2225 2.64644 3.0722 4.23872 4.27002 0.759079 12.4293 9.21119 7.57246 1.49388
internal_count=1613 1553 1460 1404 1348 1283 93 55 1228 66 1162 970 708 262 669 406 192 256 223 154 143 138 253 165 65 58 263 203 141 49
is_linear=0
shrinkage=0.05


Tree=29
num_leaves=31
num_cat=0
split_feature=7 0 4 8 0 0 7 7 7 7 7 7 0 0 7 6 7 7 7 3 0 6 0 0 7 4 7 3 0 3
split_gain=1.65208 1.11594 0.917042 0.718306 0.626571 0.586493 0.577126 1.74069 1.24612 1.37147 1.15745 1.0709 0.950702 0.872718 0.741857 1.04378 0.579468 0.507391 1.20579 1.13964 1.62913 0.500624 0.499732 0.6516 0.474405 0.432988 0.444489 0.43596 1.20255 0.416752
threshold=0.35464857518672949 0.72374483942985546 0.59553310275077831 1.1000000238418581 0.49897456169128424 0.50153666734695446 0.30060610175132757 0.29927712678909307 0.32112815976142889 0.3229451328516007 0.33568607270717626 0.27743867039680487 0.60914671421051036 0.56139713525772106 0.27404244244098669 0.019561945460736755 0.20731281489133838 0.45487730205059057 0.41764701902866369 0.52176234126091015 0.63454240560531627 0.15401898324489596 0.56718024611473095 0.59847599267959606 0.19280478358268741 0.22545011341571811 0.35876084864139562 0.34672090411186224 0.53239566087722789 0.94527024030685436
decision_type=2 2 2 2 2 2 2 2 2 2 2 2 2 2 2 2 2 2 2 2 2 2 2 2 2 2 2 2 2 2
left_child=1 2 3 4 -1 -6 7 11 -8 -10 -11 14 13 -12 15 16 24 18 19 25 -21 -13 -15 -24 -7 26 -2 28 -28 -22
right_child=17 -3 -4 -5 5 6 8 -9 9 10 12 21 -14 22 -16 -17 -18 -19 -20 20 29 -23 23 -25 -26 -27 27 -29 -30 -31
leaf_value=-0.063054649991652958 0.044924674449276052 0.023378964548647553 -0.04405315837362736 -0.058582958048337935 0.047688012736693389 -0.022925624220102581 -0.047099133709778356 0.043832347838827279 0.041681224117600564 -0.04778719126603468 -0.034810272102226973 -0.039367241987739159 -0.043876218973001292 0.048745175864049251 0.038036883564694382 0.015181201549941773 -0.037001514030210042 -0.0099897450532545687 0.047077991669869236 -0.073104045043602406 -0.010757593485287528 0.017218413104107724 -0.026227771006587949 0.038817544166537439 0.032935790533717715 0.040575757724838638 0.020892994721702668 0.024716068740292901 -0.062129528156815716 0.026978888052301777
leaf_weight=0.48750659357757697 0.84193776547908594 2.617800203152 1.9259749851189543 0.69119415758177538 0.50183151289820926 0.84405911667272648 2.4453589180484396 1.9238503668457259 1.2553280596621332 1.9371331450529394 0.8121940367855135 2.855645361822098 1.0321099143475292 1.1795353535562756 1.2134302714839575 3.6668860674835742 2.4327148869633675 2.1361917220056048 2.5492848046123973 0.8654440809041265 1.7872234568931165 0.45286285132169712 0.78926875209435798 0.75174459768459201 0.69140328001230955 2.0708149755373597 1.0981797287240627 1.4421495441347358 0.72352906363084901 1.2387397326529024
leaf_count=39 14 31 135 58 5 33 182 24 22 142 53 215 56 7 23 86 177 20 11 25 42 10 30 14 20 18 20 31 42 12
internal_value=-0.0011914 -0.0078344 -0.0107641 -0.0082948 -0.00691945 -0.00581532 -0.006921 -0.000359665 -0.0159764 -0.00616548 -0.0154032 -0.00735307 -0.00166073 0.0106728 0.0017212 -0.0040504 -0.0218218 0.0125452 0.0163606 0.0085827 -0.0126108 -0.0316219 0.0242513 0.00550295 0.00222821 0.0219351 0.0125335 0.00417788 -0.0120811 0.0046906
internal_weight=45.2613 30.5078 27.89 25.9641 25.2729 24.7854 24.2835 14.0809 10.2027 7.75731 6.50199 12.157 4.56485 3.53274 8.84849 7.63506 3.96818 14.7535 12.6173 10.068 3.89141 3.30851 2.72055 1.54101 1.53546 6.17661 4.1058 3.26386 1.82171 3.02596
internal_count=1597 1362 1331 1196 1138 1099 1094 588 506 324 302 564 160 104 339 316 230 235 215 204 79 225 51 44 53 125 107 93 62 54
is_linear=0
shrinkage=0.05


Tree=30
num_leaves=31
num_cat=0
split_feature=7 4 4 4 6 4 3 8 3 3 7 12 12 7 7 12 12 7 7 3 3 12 7 7 7 7 3 7 3 4
split_gain=1.25693 1.49664 2.7382 1.238 1.37067 1.04771 1.0412 0.829818 0.825184 1.2915 0.640613 0.584919 1.28749 1.0751 0.827429 0.811059 1.48295 1.15601 1.26647 0.555481 0.521599 0.519394 0.794762 0.448036 0.574151 0.414426 0.414113 0.885966 0.473497 0.392
threshold=0.38034547865390783 0.107896875590086 0.10190830007195474 0.061181470751762397 0.083485122770071044 0.021680841222405437 0.93225258588790905 1.1000000238418581 0.82271087169647228 0.81364682316780101 0.35800749063491827 24.500000000000004 6.5000000000000009 0.36907215416431433 0.26919934153556829 26.500000000000004 42.500000000000007 0.29629880189895635 0.20731281489133838 0.57239133119583141 0.52852848172187816 55.500000000000007 0.35122287273406988 0.30397830903530126 0.2869544923305512 0.3012374639511109 0.43003265559673315 0.39318042993545538 0.7149953842163087 0.52940362691879284
decision_type=2 2 2 2 2 2 2 2 2 2 2 2 2 2 2 2 2 2 2 2 2 2 2 2 2 2 2 2 2 2
left_child=1 2 3 4 5 7 8 11 9 10 23 12 20 14 -14 -13 -17 18 -18 -6 -1 -19 25 24 29 -23 27 -2 -28 -3
right_child=26 6 -4 -5 19 -7 -8 -9 -10 -11 -12 15 13 -15 -16 16 17 21 -20 -21 -22 22 -24 -25 -26 -27 28 -29 -30 -31
leaf_value=0.01792622851883769 0.030503799457530425 -0.056719971280007532 0.054707842590642958 -0.061123997911923238 0.0042800740189350393 -0.04663376820490963 0.0096308539560518384 -0.059592680989158868 -0.072458944384951471 0.034214931157358928 0.004184564019470512 0.038741303983029815 0.0015886062443035262 0.035876956948182527 -0.057221885253378846 -0.051600961871038478 0.032202260590033845 0.044905090010975313 -0.053257236002810161 0.045963286649674806 -0.022097375716486248 0.023290560762113489 0.041579462106870066 -0.054551404435249008 0.0034398578190110922 -0.05183453191461506 0.036476962865840644 -0.042315540016242881 0.0113137761375737 -0.016769870318962359
leaf_weight=3.5616310494952099 0.85804765578359166 1.3791178767569352 2.3822445659898213 0.84170713881030579 1.2969262362457805 1.3752016155049194 2.5930917123332611 0.58982659410685201 0.87681992258876551 0.92379099456593383 1.2182980701327322 1.8975790282711367 0.80622449563816267 0.51586131192743767 2.3166326656937599 1.091600435785949 0.70423618657514442 2.0593121405690913 1.1277873269282279 2.0828699097037315 1.0552156893536446 0.27303893025964476 0.84587680129334331 2.0379618601873517 1.178425738122314 0.56027220049872994 3.3782716663554311 0.81391417793929577 4.1859906334429979 1.1068307147361336
leaf_count=89 11 104 17 51 29 79 46 50 39 11 28 27 40 10 200 119 16 30 109 18 39 10 16 163 53 52 29 31 25 81
internal_value=0.00108778 -0.00306155 0.00367969 -0.00160519 0.000655518 -0.00461974 -0.0181857 -0.00130015 -0.0264564 -0.0213144 -0.0287267 0.000744563 -0.00875103 -0.0309927 -0.0420388 0.00990276 0.00168865 0.0121313 -0.0204063 0.0299682 0.00877853 0.0280761 0.00743746 -0.0357582 -0.0253062 -0.0272194 0.0175744 -0.00494479 0.0225519 -0.0389328
internal_weight=45.9346 36.6984 25.384 23.0018 22.1601 18.7803 11.3143 17.4051 8.72125 7.84443 6.92063 16.8153 8.25557 3.63872 3.12286 8.5597 6.66212 5.57052 1.83202 3.3798 4.61685 3.7385 1.67919 5.70234 3.66437 0.833311 9.23622 1.67196 7.56426 2.48595
internal_count=1622 1526 1001 984 933 886 525 807 479 440 429 757 378 250 240 379 352 233 125 47 128 108 78 401 238 62 96 42 54 185
is_linear=0
shrinkage=0.05


Tree=31
num_leaves=31
num_cat=0
split_feature=4 3 0 6 6 3 12 4 3 12 4 4 0 4 0 12 12 6 12 12 3 12 12 0 3 3 12 12 12 0
split_gain=1.27193 1.32703 0.963293 0.929445 1.21253 0.689789 1.81069 1.5391 0.925568 0.872435 2.89699 1.58878 2.06711 0.930416 0.973851 0.884892 0.958651 0.534252 0.515846 1.15702 0.834626 0.672701 0.569118 0.511499 0.444748 0.660674 0.379127 0.698424 0.38301 0.360688
threshold=0.91189938783645641 0.7825666368007661 0.68847504258155834 0.1374962776899338 0.059317039325833328 0.32960823178291326 24.500000000000004 0.20103058964014056 0.35354222357273107 15.500000000000002 0.22394458204507831 0.045071344822645194 0.64837586879730236 0.029110939241945747 0.56361746788024913 5.5000000000000009 1.0000000180025095e-35 0.15401898324489596 26.500000000000004 42.500000000000007 0.25693033635616308 55.500000000000007 72.500000000000014 0.67911708354949962 0.3439572155475617 0.33455349504947668 13.500000000000002 6.5000000000000009 10.500000000000002 0.58737325668334972
decision_type=2 2 2 2 2 2 2 2 2 2 2 2 2 2 2 2 2 2 2 2 2 2 2 2 2 2 2 2 2 2
left_child=1 2 5 4 -3 6 7 -1 24 11 17 13 -13 14 -10 16 -16 23 -8 -20 21 -21 -23 -11 25 -7 27 -17 -29 -12
right_child=-2 3 -4 -5 -6 8 18 -9 9 10 29 12 -14 -15 15 26 -18 -19 19 20 -22 22 -24 -25 -26 -27 -28 28 -30 -31
leaf_value=-0.058625254744464478 -0.066347901532164799 0.0082184797070262005 -0.062974594400839731 -0.01433581276085231 0.045470647405190349 0.041400169732105398 0.032246396563792586 0.012568717167136079 0.046498238305996975 -0.056991780349718392 0.038698546858802155 -0.066674499423023059 0.034395386342138956 0.049082701339688707 0.021558795267047189 0.039120767289383268 -0.061871177107391463 0.0034165942435791293 -0.058005656652656126 0.037634452236651662 -0.039444722876199899 -0.059189089506095929 0.0084691447866071645 0.020998986402842756 0.04216323782026199 -0.048161667840978827 0.045273726027990291 -0.060373759938813956 0.004070915304957185 0.0047292046138307257
leaf_weight=3.0111435004510039 0.73178796609863539 6.3633231036365014 0.71008163364604016 2.3022881913930169 3.3262076172977686 0.42616272112354936 1.1515612713992593 1.0150366597808895 1.2407392561435715 3.1912534874863923 1.3782578315585854 1.3896386097185316 0.79549065837636579 1.876114221755415 0.51893890555948052 0.70459056086838268 1.0232210643589494 0.50138594163581718 0.85495640570297826 1.7880414547398689 0.85079042240977276 0.38524417765438546 1.6087599564343689 0.22505800239741791 1.8817525645717976 0.39841784816235304 0.71659067505970586 0.44489722233265638 0.47855295473709702 1.8046342087909577
leaf_count=225 65 102 40 38 17 13 20 32 8 291 26 77 17 16 12 10 55 19 100 37 56 35 61 12 29 31 16 28 23 89
internal_value=-0.000991255 0.000137727 -0.00542294 0.0142211 0.0210063 -0.00404517 -0.014221 -0.0406766 0.00166826 -0.00283042 -0.0159938 0.0073415 -0.0298803 0.0189546 0.00793108 -0.0043803 -0.0337969 -0.0447804 0.00182197 -0.0045623 0.00530028 0.0153659 -0.00460251 -0.0518539 0.0287457 -0.00187399 0.0149682 0.00162905 -0.0269771 0.0194386
internal_weight=43.0949 42.3631 30.3713 11.9918 9.68953 29.6612 10.6655 4.02618 18.9957 16.2894 7.10059 9.18877 2.18513 7.00364 5.12753 3.88679 1.54216 3.9177 6.63935 5.48779 4.63284 3.78205 1.994 3.41631 2.70633 0.824581 2.34463 1.62804 0.92345 3.18289
internal_count=1600 1535 1378 157 119 1338 566 257 772 699 437 262 94 168 152 144 67 322 309 289 189 133 96 303 73 44 77 61 51 115
is_linear=0
shrinkage=0.05


Tree=32
num_leaves=31
num_cat=0
split_feature=0 6 3 0 0 3 0 0 3 0 0 3 3 0 3 3 12 0 12 3 12 0 6 12 12 4 12 0 3 0
split_gain=1.04678 0.924481 0.689132 0.588862 1.34777 0.908054 0.887152 0.879977 0.687681 1.92279 0.742668 1.62775 0.776724 0.867054 0.720548 0.649592 0.7075 0.636335 0.609507 1.27628 0.707608 0.545307 1.07931 0.720906 1.15985 0.728897 0.668048 0.619024 0.695183 0.592185
threshold=0.72374483942985546 0.28995323181152349 0.9999937415122987 0.54792338609695446 0.54031535983085643 0.23826970905065539 0.53239566087722789 0.58113190531730663 0.59842529892921459 0.64769184589385997 0.65849256515502941 0.82271087169647228 0.76438340544700634 0.67607370018959057 0.57091325521469127 0.066096160560846343 54.500000000000007 0.52811041474342357 42.500000000000007 0.41118083894252783 48.500000000000007 0.58536961674690258 0.062526607885956778 16.500000000000004 13.500000000000002 0.54029431939125072 91.500000000000014 0.57961755990982067 0.52408653497695934 0.61331769824028026
decision_type=2 2 2 2 2 2 2 2 2 2 2 2 2 2 2 2 2 2 2 2 2 2 2 2 2 2 2 2 2 2
left_child=1 2 3 4 6 7 17 -5 14 -10 -11 12 13 -12 21 -6 -17 18 19 -1 -20 26 23 24 29 -25 27 28 -7 -23
right_child=-2 -3 -4 5 15 8 -8 -9 9 10 11 -13 -14 -15 -16 16 -18 -19 20 -21 -22 22 -24 25 -26 -27 -28 -29 -30 -31
leaf_value=-0.057420727480169381 0.029249740613979114 -0.042476442504354839 0.022990844794853645 -0.058384134067930971 0.07543666241410879 -0.018586127106430386 -0.060250117962916017 0.014397134525142217 -0.044851313391209152 0.033158776041721419 0.020249105494704645 -0.054078010727788998 0.028745288264922161 -0.062724957147946139 0.032667170261884836 -0.0049137151264696081 0.050392275605077599 0.029417804873373456 0.053446075123943199 0.052384443905497104 -0.013874670551743629 -0.0052910641395456943 0.014979855544221777 -0.054860897631753149 0.047703220085464369 0.031034335728232876 0.046174991250061762 0.029047554274085563 0.041065107044075531 -0.062103907303123575
leaf_weight=1.2010073014534994 2.9490846889093509 1.3379668905399729 2.9583287481218568 1.463291935622695 0.77301388513296876 2.9389131125062726 0.65506869135424484 0.5798945273272692 3.2606835407204908 1.4996834523044524 0.64204134047031425 1.3344552293419836 2.2118121376261115 0.61781842401251197 1.8446335466578592 1.1668511335738005 1.1463654502294955 1.448501124512404 0.6076563550159334 0.33941786363720883 1.0914069274440406 1.2664476595818999 2.8990343431942165 1.9874953078106048 0.73366439063101996 0.2820310704410075 1.0850064447149632 1.5731390798464415 0.58578011766076077 0.71912047406658519
leaf_count=104 31 33 26 121 7 167 52 30 184 23 27 51 37 45 44 48 16 25 8 2 49 57 74 218 11 17 8 33 5 52
internal_value=0.000495695 -0.00161106 -0.00020595 -0.00211459 0.00944839 -0.00565566 -0.00574667 -0.0377274 -0.00308407 -0.0136785 0.00244065 -0.0071445 0.010896 -0.0204403 0.00328415 0.0357549 0.0224944 0.00186928 -0.0104487 -0.0332262 0.0102021 -0.000567906 -0.00928256 -0.0233818 -0.00601747 -0.0441868 0.0105499 0.00296753 -0.0086725 -0.0258672
internal_weight=43.1996 40.2505 38.9126 35.9542 8.42929 27.5249 5.34306 2.04319 25.4818 9.56649 6.30581 4.80613 3.47167 1.25986 15.9153 3.08623 2.31322 4.68799 3.23949 1.54043 1.69906 14.0706 7.88779 4.98876 2.71923 2.26953 6.18284 5.09783 3.52469 1.98557
internal_count=1605 1574 1541 1515 311 1204 240 151 1053 367 183 160 109 72 686 71 64 188 163 106 57 642 429 355 120 235 213 205 172 109
is_linear=0
shrinkage=0.05


Tree=33
num_leaves=31
num_cat=0
split_feature=4 4 12 12 0 0 3 6 6 6 0 4 3 3 0 0 3 12 0 6 3 12 3 3 3 4 12 12 0 4
split_gain=1.02349 0.978637 0.549809 1.45025 0.945637 0.848852 1.13577 0.8818 1.23524 1.48056 1.19225 0.865802 0.799625 1.19983 0.761374 1.3027 0.743958 0.616832 0.546845 0.587601 0.630256 0.753548 0.729378 0.640977 0.649749 0.544977 0.465888 0.648106 1.10679 0.669472
threshold=0.91422188282012951 0.88255083560943615 80.500000000000014 101.50000000000001 0.57410290837287914 0.66973870992660534 0.9999937415122987 0.23025272786617282 0.062526607885956778 0.019979323260486129 0.60407859086990368 0.045974882319569595 0.81935068964958202 0.79179209470748912 0.66282746195793163 0.63501799106597911 0.75870591402053844 81.500000000000014 0.63454240560531627 0.0161728709936142 0.54269802570343029 70.500000000000014 0.52408653497695934 0.49298204481601721 0.47482645511627203 0.2547349631786347 73.500000000000014 42.500000000000007 0.54181236028671276 0.30000026524066931
decision_type=2 2 2 2 2 2 2 2 2 2 2 2 2 2 2 2 2 2 2 2 2 2 2 2 2 2 2 2 2 2
left_child=1 2 5 17 -5 6 7 8 9 14 11 -10 13 -7 15 16 18 -4 19 20 22 -22 23 24 26 -14 27 -1 -29 -30
right_child=-2 -3 3 4 -6 12 -8 -9 10 -11 -12 -13 25 -15 -16 -17 -18 -19 -20 -21 21 -23 -24 -25 -26 -27 -28 28 29 -31
leaf_value=-0.011967507802216518 -0.06257614070871316 0.035332902348444779 0.054328503567064201 0.021514389397516882 -0.061448110676326911 -0.039656822280920413 0.033880015841559606 -0.059390866065793448 0.014822123122502471 -0.062386189607581577 0.02799691039185799 -0.06434914924375594 -0.074477605194368607 0.043945884059096468 0.045821921846248059 -0.058426366880883346 -0.06348194612693718 0.013835715380011764 0.052511651030524992 0.039564700260408099 -0.058797079575220929 0.03686835619247486 0.042747278826886122 -0.059981370574252013 0.037554421446640819 -0.023580341872986865 -0.062598692202793405 0.032040091014143138 -0.048248376137368702 0.032314393730200335
leaf_weight=8.1252795448526935 0.64365598978474636 1.9722956018522371 1.5523065649904304 0.56586092151701428 0.87400001473724842 0.89971935562789374 2.2516363281756631 0.6772958436049511 0.70056529296561965 1.1666969633661199 5.2533243149518967 0.68099708901718259 0.92518770135939155 0.82056041434407234 0.72660422511398692 1.1282288813963521 0.49415087001398106 2.3861784003674984 0.46023968979716201 0.78217871766537506 0.9899713606573648 0.25988287618383765 0.86042044637724835 0.50521982694044787 0.93623474892228919 1.2187330508604644 0.34901847364381033 2.5426879539154466 0.90211856458336093 0.36108990898355842
leaf_count=473 66 19 6 9 52 61 16 43 17 86 70 35 30 8 14 96 30 71 2 14 85 6 15 32 23 31 31 53 93 9
internal_value=-1.11465e-05 0.000962303 -0.000758387 0.0140968 -0.0288441 -0.00310703 -0.000279617 -0.00303621 -0.00163423 -0.00767998 0.0171275 -0.0242028 -0.0251704 0.000221035 -0.00439395 -0.00634547 -0.0030009 0.0297955 -0.00125051 -0.00273981 -0.00482987 -0.0389053 -0.00190921 -0.00470941 -0.00259655 -0.0455446 -0.00565763 -0.00399196 0.0130352 -0.0252194
internal_weight=42.0123 41.3687 39.3964 5.37835 1.43986 34.018 30.1538 27.9022 27.2249 20.59 6.63489 1.38156 3.8642 1.72028 19.4233 18.6967 17.5685 3.93848 17.0743 16.6141 15.8319 1.24985 14.5821 13.7216 13.2164 2.14392 12.2802 11.9312 3.8059 1.26321
internal_count=1596 1530 1511 138 61 1373 1243 1227 1184 1062 122 52 130 69 976 962 866 77 836 834 820 91 729 714 682 61 659 628 155 102
is_linear=0
shrinkage=0.05


Tree=34
num_leaves=31
num_cat=0
split_feature=7 6 7 6 6 0 12 0 7 12 3 7 0 0 0 7 12 3 0 7 0 0 12 0 0 3 3 0 0 7
split_gain=1.512 0.820803 0.844191 0.734022 0.863844 0.971353 0.767929 1.76184 0.769791 0.72884 0.966814 0.708571 0.669927 0.627301 1.6525 0.809595 0.864596 0.785926 0.824909 1.31453 1.12555 0.667004 1.66916 0.605606 0.605846 0.543911 0.66535 0.591974 0.539825 0.590182
threshold=0.39318042993545538 0.23025272786617282 0.16157821565866473 0.019561945460736755 0.019979323260486129 0.59101003408432018 25.500000000000004 0.60718190670013439 0.32349976897239691 7.5000000000000009 0.9999937415122987 0.45487730205059057 0.64837586879730236 0.66282746195793163 0.58655557036399852 0.28805068135261541 15.500000000000002 0.32960823178291326 0.5440458655357362 0.29629880189895635 0.57647201418876659 0.54318889975547802 24.500000000000004 0.65590280294418346 0.65327399969100963 0.9999937415122987 0.40323548018932348 0.60474249720573436 0.67179191112518322 0.34535214304924017
decision_type=2 2 2 2 2 2 2 2 2 2 2 2 2 2 2 2 2 2 2 2 2 2 2 2 2 2 2 2 2 2
left_child=1 2 -1 13 -5 -6 7 -7 23 -3 -11 -2 -9 14 17 -15 -17 18 19 -4 -20 22 -21 24 -8 26 27 -16 -14 -30
right_child=11 9 3 4 5 6 8 12 -10 10 -12 -13 28 15 25 16 -18 -19 20 21 -22 -23 -24 -25 -26 -27 -28 -29 29 -31
leaf_value=-0.066705435988774514 0.03213115184601946 -0.077388040027195543 -0.057141626930668654 0.053953540382250809 -0.04225609117344134 0.035400888028291617 -0.0059217686610405903 -0.065962861438506701 0.042992366952332849 -0.054197821968830252 0.044209892180199342 -0.0032641117719983434 0.021332622346696313 0.031014006750685233 -0.056479497674847251 0.014217223837527547 -0.063509921778924602 0.015527785201464209 -0.058019426241688259 -0.056362716245200777 0.010664366699937757 0.056983204796861489 0.02296509967067795 -0.038242729859279928 0.055739853390157391 0.018693968150126666 -0.051944103069749385 0.012836047553879643 -0.060908712921220166 0.0034690267899251401
leaf_weight=0.49561904836445947 4.9132836926728478 0.6855831085704257 0.81130052497610972 0.98538920655846496 0.98579816613346238 1.7571734138764421 0.98649882059544347 0.8261893987655643 2.524256840813905 0.56351799285039283 0.44802295975387096 1.9852687288075683 0.74806475173682008 2.2519493116997178 0.46427785884588846 0.90778346499428131 0.59049891354516149 4.6797186452895403 1.6648202422074976 0.87774411682039533 0.92950401455163945 0.6980775762349366 2.7118090237490833 0.64175333315506566 0.66816955804824829 0.43834396265447129 3.2459869873709977 0.91521497257053852 0.76825154433026888 0.66343586891889572
leaf_count=35 51 19 87 4 70 24 49 41 28 48 7 19 15 41 64 20 38 151 164 69 27 6 62 33 2 7 333 48 40 11
internal_value=0.000553905 -0.0036702 -0.00193838 -0.000957999 0.0091793 0.00500505 0.00986638 -0.00437232 0.0239351 -0.0375873 -0.0106119 0.0219451 -0.0276224 -0.00648668 -0.0104766 0.0120647 -0.0164164 -0.000629524 -0.0104578 0.00122076 -0.0334111 0.012264 0.00356727 0.00298702 0.0189777 -0.0345371 -0.0395817 -0.0104926 -0.0130903 -0.0310764
internal_weight=41.8333 34.9348 33.2376 32.742 11.555 10.5696 9.58379 4.76311 4.82068 1.69712 1.01154 6.89855 3.00594 21.187 17.4368 3.75023 1.49828 12.373 7.69326 5.09893 2.59432 4.28763 3.58955 2.29642 1.65467 5.06382 4.62548 1.37949 2.17975 1.43169
internal_count=1613 1543 1469 1434 317 313 243 131 112 74 55 70 107 1117 1018 99 58 566 415 224 191 137 131 84 51 452 445 112 66 51
is_linear=0
shrinkage=0.05


Tree=35
num_leaves=31
num_cat=0
split_feature=7 4 4 7 7 4 4 8 7 7 3 6 7 12 6 12 3 3 7 12 6 7 7 3 12 7 3 6 4 6
split_gain=0.941437 0.83013 2.12089 1.08995 1.0081 0.913893 0.819722 0.689279 0.61702 0.616875 1.36652 1.31372 1.04254 0.770636 0.609228 0.601322 0.879915 0.867434 0.751432 0.55872 0.553729 0.549046 0.65822 0.463329 0.751561 0.822188 0.442922 0.87864 0.575529 0.376137
threshold=0.39318042993545538 0.107896875590086 0.10190830007195474 0.33768509328365331 0.19116725027561191 0.061181470751762397 0.24625033140182498 1.1000000238418581 0.19280478358268741 0.20900084078311923 0.64011004567146312 0.019561945460736755 0.26849241554737097 3.5000000000000004 0.52060812711715709 42.500000000000007 0.29435105621814733 0.41332446038722997 0.34216937422752386 6.5000000000000009 0.068290233612060561 0.29927712678909307 0.3012374639511109 0.055008687078952796 122.50000000000001 0.37243685126304632 0.57239133119583141 0.019979323260486129 0.031087412498891357 0.092119917273521437
decision_type=2 2 2 2 2 2 2 2 2 2 2 2 2 2 2 2 2 2 2 2 2 2 2 2 2 2 2 2 2 2
left_child=1 2 5 4 -3 7 -5 8 -1 -10 11 12 -11 -12 29 16 19 -18 -19 -14 -2 -17 -23 -24 25 -25 27 -13 -29 -6
right_child=20 3 -4 6 14 -7 -8 -9 9 10 13 26 15 -15 -16 21 17 18 -20 -21 -22 22 23 24 -26 -27 -28 28 -30 -31
leaf_value=-0.061555935659860207 0.007452042599600351 0.012379812009446026 0.050541931025038803 -0.04171347846903236 -0.031521112372667331 -0.059033001346745266 0.013415353485651139 -0.057917109222771768 0.036243219466366328 -0.056593643332655923 0.0011189073206044199 0.054339856183620798 -0.0046435717723177124 -0.060463023702117681 0.030243751332201821 -0.021858416518991713 0.023147595615480202 -0.056048590627267303 0.009618974040022361 -0.05613390394262803 0.038627471832735252 0.065561093012074342 0.042721556891639569 -0.05409707075166257 0.055602199678444521 0.042583195238118238 0.049000002523206465 -0.037287563501170219 0.022089292555773729 -0.060782828068966691
leaf_weight=0.38461261754856835 4.2691423678770652 1.3034878969192485 2.0880821244791141 0.81063027586787928 3.432700278237462 0.68761947122402389 4.009224166162312 0.50726532470434804 1.2576501765288437 0.86293450882658618 0.81592371407896225 0.94360414706170503 0.90496021090075229 1.3462321190163491 0.32015915494412173 0.74947885330766473 2.537062521558255 0.85695944400504209 0.88608755497261882 1.260923796566203 2.1374706942588091 0.7787803411483768 0.80270461551845107 0.7599226441234348 0.38177478313446034 0.30945461802184582 1.6646536160260437 0.78064283682033397 0.85517601994797587 1.6148469815962014
leaf_count=34 58 32 19 41 243 50 84 47 27 98 13 3 39 99 6 58 84 77 29 143 14 3 10 72 1 4 13 53 14 125
internal_value=0.000274955 -0.00304576 0.00255431 -0.0139732 -0.0270623 -0.00237339 0.00414348 -0.000390361 0.0011343 0.00241991 -1.12078e-05 0.00523558 -0.00381723 -0.0372241 -0.0366404 0.000635456 -0.00865096 0.00449025 -0.0226661 -0.03462 0.0178533 0.0164626 0.0259332 0.0122405 -0.00462013 -0.0261199 0.0288933 0.0159172 -0.00624643 -0.0408827
internal_weight=40.3202 33.9136 22.4225 11.491 6.67119 20.3344 4.81985 19.6468 19.1395 18.7549 17.4973 15.3351 11.091 2.16216 5.36771 10.2281 6.44599 4.28011 1.74305 2.16588 6.40661 3.78212 3.03264 2.25386 1.45115 1.06938 4.24408 2.57942 1.63582 5.04755
internal_count=1593 1521 990 531 406 971 125 921 874 840 813 701 618 112 374 520 372 190 106 182 72 148 90 87 77 76 83 70 67 368
is_linear=0
shrinkage=0.05


Tree=36
num_leaves=31
num_cat=0
split_feature=7 6 6 0 0 12 4 7 4 4 7 4 6 6 0 0 7 7 12 3 3 12 0 12 12 0 0 7 7 7
split_gain=1.15546 1.11297 1.38054 0.950667 1.03186 1.02301 0.903864 0.853239 0.746635 0.674298 0.55376 0.529521 0.732601 0.711478 0.529068 1.16493 0.970047 0.683017 0.619484 1.06082 1.48604 0.705105 0.779724 0.57333 0.509111 1.11952 0.46277 0.462859 0.786303 0.408715
threshold=0.38034547865390783 0.059317039325833328 0.064117584377527251 0.66343435645103466 0.64837586879730236 3.5000000000000004 0.053751876577734954 0.18425646424293521 0.61849743127822887 0.60585561394691478 0.35207463800907141 0.57699853181839 0.02635208144783974 0.019561945460736755 0.66282746195793163 0.61138087511062633 0.28805068135261541 0.26849241554737097 46.500000000000007 0.41332446038722997 0.27557374536991125 11.500000000000002 0.54372221231460582 96.500000000000014 48.500000000000007 0.56881877779960643 0.6076960861682893 0.30340439081192022 0.35464857518672949 0.35122287273406988
decision_type=2 2 2 2 2 2 2 2 2 2 2 2 2 2 2 2 2 2 2 2 2 2 2 2 2 2 2 2 2 2
left_child=1 9 -3 4 6 -5 -4 -8 -2 11 -9 12 13 14 15 17 -16 23 19 20 21 22 -19 -1 -20 29 27 -22 -29 -26
right_child=8 2 3 5 -6 -7 7 10 -10 -11 -12 -13 -14 -15 16 -17 -18 18 24 -21 26 -23 -24 -25 25 -27 -28 28 -30 -31
leaf_value=-0.057485464320396099 0.0081621761237995385 0.046612053441087674 0.020016155557135262 0.0066181500111982027 0.043080225595734191 -0.062262649412251493 0.032884512290474836 -0.059188985398156757 0.043780844968505567 -0.052645829192931405 0.003200883258145098 0.053004173797565994 -0.06002959803155597 0.025240839530077663 0.024744688793668448 -0.050859425102574442 -0.036350927799742701 -0.055411027721355227 0.053632961441240634 -0.058319711079194349 0.035786964401156578 -0.057774367493787018 0.023710743582637327 0.014993430702895136 0.00012279234751089255 -0.057437130690029994 0.055965336689092954 -0.056108563197039968 0.030785721660222642 0.040476337641832692
leaf_weight=1.1828905553557181 6.5904023470357043 1.9446428893133987 2.1928272908553463 1.0500509925186636 1.6913492791354654 1.1076580705121157 0.49443232454359565 1.2542449431493876 1.8941254541277883 0.95043133106082578 0.49642805010080326 0.33292759768664737 0.72124654613435168 1.4273962103761721 2.2316931528039272 2.0172746763564637 0.91652054153382767 0.49829465011134588 0.59261189401149783 1.1349253756925461 0.86599283339455757 1.299170929007232 0.83009714214131236 0.35465354286134232 1.4379339199513204 0.6146659986115991 0.71385048329830159 0.53316177567467071 0.5087840911000967 1.1132855322211979
leaf_count=133 89 13 39 16 19 75 7 102 9 82 13 13 58 41 42 234 46 44 5 87 30 140 30 10 68 61 5 58 9 15
internal_value=-0.000207368 -0.00474622 0.00869791 -0.000199103 0.00984885 -0.0287417 -0.00281603 -0.0251166 0.0161139 -0.0115298 -0.0414975 -0.00950787 -0.0106036 -0.0086527 -0.0115246 -0.0157727 0.00695829 -0.00971292 -0.00500538 -0.0144865 -0.00500959 -0.0315835 -0.00596872 -0.0407673 0.0110994 0.00313771 0.0216228 0.00877366 -0.0136779 0.017732
internal_weight=38.994 30.5094 10.2316 8.28699 6.12928 2.15771 4.43793 2.24511 8.48453 20.2778 1.75067 19.3274 18.9944 18.2732 16.8458 13.6976 3.14821 11.6803 10.1428 6.38428 5.24935 2.62756 1.32839 1.53754 3.7585 3.16589 2.62179 1.90794 1.04195 2.55122
internal_count=1593 1495 284 271 180 91 161 122 98 1211 115 1129 1116 1058 1017 929 88 695 552 403 316 214 74 143 149 144 102 97 67 83
is_linear=0
shrinkage=0.05


Tree=37
num_leaves=31
num_cat=0
split_feature=4 6 6 4 4 4 4 6 0 3 0 4 0 0 12 3 3 0 3 12 12 12 12 3 12 12 4 3 0 0
split_gain=0.843754 0.814322 1.03543 0.654799 0.78335 0.735031 0.631443 0.400086 0.398771 0.989778 0.588438 0.801368 0.814958 0.627396 0.547664 0.993068 0.514543 0.749072 0.71744 0.76936 0.658708 0.908584 0.710545 0.490275 0.581104 0.71638 0.466005 0.462836 0.682384 0.513536
threshold=0.91422188282012951 0.059317039325833328 0.071223910897970213 0.90007022023201 0.029110939241945747 0.063332818448543562 0.22394458204507831 0.23025272786617282 0.54792338609695446 0.20353773981332782 0.54031535983085643 0.026072675362229351 0.53239566087722789 0.52811041474342357 42.500000000000007 0.41118083894252783 0.74061912298202526 0.58655557036399852 0.32960823178291326 58.500000000000007 26.500000000000004 92.500000000000014 17.500000000000004 0.29612588882446295 14.500000000000002 5.5000000000000009 0.54029431939125072 0.39707186818122869 0.58243662118911754 0.56361746788024913
decision_type=2 2 2 2 2 2 2 2 2 2 2 2 2 2 2 2 2 2 2 2 2 2 2 2 2 2 2 2 2 2
left_child=1 8 -3 4 -4 -6 7 -7 10 -10 11 12 13 14 15 -1 17 18 19 -11 22 -22 -18 -19 25 -25 -26 -20 29 -29
right_child=-2 2 3 -5 5 6 -8 -9 9 16 -12 -13 -14 -15 -16 -17 20 23 27 -21 21 -23 -24 24 26 -27 -28 28 -30 -31
leaf_value=-0.056325500851175395 -0.061470350142604824 0.039623549617229352 -0.061925573994018504 0.0473928536228388 0.025275798176480457 -0.06162736234181674 0.0022615808866674417 0.006598404203779086 -0.056953381206058411 -0.058066587601584119 0.027016572380030496 -0.061012061222297048 -0.057686859202341595 0.038079678080739088 0.018212679726839497 0.054921748451320633 0.0032312687171656301 0.02291328389894642 0.03374902970560463 0.017357487215065883 -0.068073620256485209 0.019468198538035324 0.04289233120165075 -0.044195023600061223 -0.051488965072008258 0.0056679688609459879 0.008497466340469861 0.0065753136209397546 0.033514401954580213 -0.057782267227551753
leaf_weight=0.83630180289037859 0.52355571184307237 2.8507996480911961 0.470740765333172 0.82646890729665834 2.7366471774876118 0.73513744864612796 3.8351822169497609 0.30363172106444836 0.91437036334537225 0.81516387732699669 2.5329562220722437 0.52566063264384855 0.47133512282744039 1.4399971906095741 1.3096013176254926 0.26390814781188965 3.8882830562070003 0.56845886330120254 1.7859626878052952 0.57772555435076356 0.62139947037212528 0.56670654751360416 1.5915099871344862 1.0942236399278047 2.2840858609415595 2.1080217673443258 0.37723237695172418 0.64065841166302584 0.85365911060944188 0.60049847327172756
leaf_count=92 61 26 26 4 34 47 112 21 100 78 64 45 39 21 38 1 67 30 53 18 43 7 24 78 292 91 21 19 12 46
internal_value=0.00157568 0.00243468 0.0133961 0.00500249 0.000667281 0.00453886 -0.00710461 -0.041685 -0.00239856 -0.00618052 0.00748608 -0.00272062 0.00437044 0.0119682 -0.00363492 -0.0296405 -0.00365378 -0.00996888 0.00399965 -0.0267831 0.00743255 -0.0263176 0.0147501 -0.0214218 -0.02572 -0.0113705 -0.0429861 0.0150482 -0.000895429 -0.0245623
internal_weight=38.9499 38.4263 11.7586 8.90781 8.08134 7.6106 4.87395 1.03877 26.6677 19.288 7.37976 4.8468 4.32114 3.84981 2.40981 1.10021 18.3736 11.7057 5.27367 1.39289 6.6679 1.18811 5.47979 6.43202 5.86356 3.20225 2.66132 3.88078 2.09482 1.24116
internal_count=1610 1549 270 244 240 214 180 68 1279 979 300 236 191 152 131 93 879 738 226 96 141 50 91 512 482 169 313 130 77 65
is_linear=0
shrinkage=0.05


Tree=38
num_leaves=31
num_cat=0
split_feature=7 12 0 0 7 0 7 0 6 0 3 3 7 4 7 6 7 7 12 3 12 12 4 7 12 3 3 4 7 0
split_gain=0.725405 0.925935 1.12814 1.03941 0.725815 0.769115 0.542859 1.45183 0.751411 0.639498 1.12501 0.840202 0.702138 0.807594 0.644077 0.564623 0.761479 0.540367 0.483977 0.548552 0.535857 0.564685 0.650267 0.493444 0.471597 0.953192 0.452561 0.40157 0.358435 0.349396
threshold=0.41552206873893743 4.5000000000000009 0.53157025575637828 0.73751145601272594 0.16157821565866473 0.71406409144401561 0.20900084078311923 0.66973870992660534 0.23025272786617282 0.65153902769088756 0.65760493278503429 0.62963494658470165 0.35668857395648962 0.2052375674247742 0.24956940859556201 0.019561945460736755 0.2997263371944428 0.32923476397991186 122.50000000000001 1.0000000180025095e-35 64.500000000000014 46.500000000000007 0.0212542898952961 0.27819125354290014 47.500000000000007 0.3519608229398728 0.74061912298202526 0.020540243946015838 0.32112815976142889 0.58169397711753856
decision_type=2 2 2 2 2 2 2 2 2 2 2 2 2 2 2 2 2 2 2 2 2 2 2 2 2 2 2 2 2 2
left_child=1 2 -1 27 -3 6 26 8 9 10 12 -11 13 14 -8 18 -17 -18 19 28 21 22 23 -21 25 -14 29 -4 -16 -6
right_child=-2 4 3 -5 5 -7 7 -9 -10 11 -12 -13 24 -15 15 16 17 -19 -20 20 -22 -23 -24 -25 -26 -27 -28 -29 -30 -31
leaf_value=0.032342352197887482 0.017580313706348129 -0.066837993979545623 -0.026775170301984032 0.027389087019443228 0.024398620391265537 0.026409106804422312 -0.057572686510176219 -0.058753891645566693 -0.066689138509250498 -0.025745514440468499 -0.057767982494837312 0.043915626567506784 -0.037626717603248858 -0.038161923427422251 -0.018356514984622676 0.035525334232912938 -0.060451938924839715 0.015428486919392274 0.052367120287611368 0.00016166448797342664 -0.056440847691555877 0.018953551790661077 0.014357141077935133 -0.050917137649256206 0.04152239601053094 0.0251694713050374 0.047482127792974775 -0.059406803317258533 0.032988543433725655 -0.028795020996893218
leaf_weight=0.76307008089497941 4.288165781646966 0.40668247570283966 1.863000307697803 0.60340020060539235 0.72253898484633017 2.5762880346737793 0.48495928943158872 1.1787628270685662 0.43451111018657584 0.59212648402899448 0.90296122268773515 1.60923152603209 0.87739593628793899 1.7267980803735543 0.50029571726918032 2.1624124231748287 0.42096366849727918 0.53003580216318369 0.33285911800339807 0.67074462911114174 0.74810147820971895 1.1767491213977335 0.90062018739990879 1.6023447667248545 1.3544438937678931 1.9414966157637534 0.94148328807204951 1.9087876123376188 1.0602059904485939 0.53897779155522585
leaf_count=16 39 30 88 4 29 43 53 99 37 43 91 28 45 156 39 42 31 19 2 44 87 66 49 201 22 36 11 89 28 28
internal_value=-0.00171432 -0.00433826 -0.0237573 -0.0335415 -0.000557853 0.000479383 -0.00237408 -0.004828 -0.00165435 -0.000212211 -0.00342567 0.025178 -0.000450066 -0.00645562 -0.00128575 0.00141548 0.0191269 -0.0181603 -0.0064712 -0.00941228 -0.0173516 -0.0106298 -0.0215987 -0.0358448 0.0172746 0.00562381 0.0212495 -0.0432891 0.0165274 0.00167186
internal_weight=35.8204 31.5322 5.13826 4.37519 26.394 25.9873 23.411 21.208 20.0293 19.5947 17.3934 2.20136 16.4904 12.3171 10.5903 10.1053 3.11341 0.950999 6.99192 6.65906 5.09856 4.35046 3.17371 2.27309 4.17334 2.81889 2.203 3.77179 1.5605 1.26152
internal_count=1595 1556 197 181 1359 1329 1286 1218 1119 1082 1011 71 920 817 661 608 92 50 516 514 447 360 294 245 103 81 68 177 67 57
is_linear=0
shrinkage=0.05


Tree=39
num_leaves=31
num_cat=0
split_feature=7 7 6 7 7 3 3 6 6 12 3 3 12 7 4 12 7 7 3 12 12 12 12 12 7 12 7 12 4 7
split_gain=0.96163 0.952143 0.65689 0.975193 1.15192 1.53892 0.93281 0.786182 0.694486 0.586573 0.531554 0.965254 0.511265 1.08018 0.423603 0.422984 0.473988 0.518447 0.450184 0.380675 0.973131 0.592292 0.459476 0.756149 0.636319 0.5305 0.687097 0.379134 0.392503 0.69683
threshold=0.47617350518703466 0.35800749063491827 0.019561945460736755 0.3444990366697312 0.32349976897239691 0.59842529892921459 0.85253447294235241 0.10461081936955453 0.27484457194805151 1.5000000000000002 0.9999937415122987 0.76438340544700634 14.500000000000002 0.26170510053634649 0.56326329708099376 50.500000000000007 0.38307331502437597 0.3600581586360932 0.3519608229398728 7.5000000000000009 42.500000000000007 48.500000000000007 87.500000000000014 67.500000000000014 0.3012374639511109 103.50000000000001 0.3229451328516007 21.500000000000004 0.10330102965235712 0.26919934153556829
decision_type=2 2 2 2 2 2 2 2 2 2 2 2 2 2 2 2 2 2 2 2 2 2 2 2 2 2 2 2 2 2
left_child=1 2 9 4 5 7 -6 12 -7 -1 11 15 -4 -14 19 16 17 -3 -19 -11 27 -22 23 24 -23 -24 -27 28 29 -21
right_child=-2 10 3 -5 6 8 -8 -9 -10 14 -12 -13 13 -15 -16 -17 -18 18 -20 20 21 22 25 -25 -26 26 -28 -29 -30 -31
leaf_value=-0.058098923905243155 -0.051378401616568474 0.036282181862277559 0.044179279226966711 -0.05383614177000963 -0.0014062929073065361 -0.059562367917786962 0.055620687752010178 -0.030507393693327074 0.00092419392984305804 0.0055710380274913221 0.043179855925838034 -0.034669579231784868 0.03310630351230056 -0.059077822206938448 -0.04778669977706787 0.037101639559535986 0.021121550375713605 -0.063475216058907089 -0.005987358452622913 0.014259693276337013 0.032567091003164711 0.020462376924320739 0.03123885627329346 -0.059298330122181865 -0.048539932337925057 -0.060001397401285933 0.028498676887417432 -0.052093131293583207 0.0071679883255063945 -0.054899467610003985
leaf_weight=0.67274077748880046 0.96261203289031883 0.46431268006563042 1.6930430294014485 0.67274335445836264 1.1645383127033713 1.3731053220108154 1.8662999849766491 0.78298115544021119 0.72518091974779952 3.6100009554065737 1.2681714370846746 1.1203329320996998 1.0013515497557817 0.46550634689629067 0.71537045529112298 1.690007973462343 2.9146538218483329 0.49284982355311502 1.102011310867965 0.52030216855928157 1.1211425182409582 1.049081417731941 1.180378614459187 0.89546448201872397 0.49023834522813547 0.48477847967296828 0.40050853975117207 1.4923562002368269 0.85946861142292608 1.2141647371463475
leaf_count=50 14 8 20 34 56 100 5 56 21 136 8 22 19 54 74 24 51 34 41 35 42 58 31 97 56 35 8 210 36 159
internal_value=-0.00210674 -0.000691068 -0.00581984 0.0042479 0.00855518 -0.00406454 0.0337092 0.014345 -0.0386578 -0.0124911 0.013162 0.00827153 0.0254588 0.00385173 -0.0103047 0.0154908 0.00814793 -0.0102156 -0.0237525 -0.00829136 -0.0134463 5.0452e-05 -0.00805002 -0.0227655 -0.00151329 0.00929495 -0.0199635 -0.032014 -0.020462 -0.0341532
internal_weight=34.4657 33.5031 24.4507 9.74475 9.07201 6.04117 3.03084 3.94288 2.09829 14.706 9.05234 7.78417 3.1599 1.46686 14.0333 6.66384 4.97383 2.05917 1.59486 13.3179 9.70788 5.62159 4.50045 2.43478 1.53932 2.06567 0.885287 4.08629 2.59394 1.73447
internal_count=1594 1580 1392 365 331 270 61 149 121 1027 188 180 93 73 977 158 134 83 75 903 767 327 285 211 114 74 43 440 230 194
is_linear=0
shrinkage=0.05


Tree=40
num_leaves=31
num_cat=0
split_feature=7 7 3 4 4 6 6 4 4 3 0 7 7 0 0 3 0 7 6 3 0 3 7 7 0 0 0 0 0 7
split_gain=1.07349 0.809381 0.862736 0.830395 1.52612 0.775971 0.587045 1.42337 0.563204 0.577215 0.745808 0.528647 0.527349 0.638684 0.501268 0.500554 0.743682 0.719488 0.353756 0.458088 0.417494 0.377654 0.338022 0.760298 0.583729 0.641419 0.903124 0.268243 0.448496 0.260656
threshold=0.35464857518672949 0.3444990366697312 0.14294264465570453 0.107896875590086 0.10190830007195474 0.019561945460736755 0.019979323260486129 0.029110939241945747 0.021680841222405437 0.7825666368007661 0.60830920934677135 0.26849241554737097 0.19116725027561191 0.77539125084877025 0.6076960861682893 0.52408653497695934 0.5440458655357362 0.26919934153556829 0.047810344025492675 0.31639833748340612 0.66786432266235363 0.15279133617877963 0.45487730205059057 0.41764701902866369 0.60018378496170055 0.66282746195793163 0.63501799106597911 0.54092115163803112 0.52229520678520214 0.24084465205669406
decision_type=2 2 2 2 2 2 2 2 2 2 2 2 2 2 2 2 2 2 2 2 2 2 2 2 2 2 2 2 2 2
left_child=1 3 -3 4 5 8 -7 -8 9 10 11 -1 -5 18 15 16 27 -18 20 -20 21 -14 23 24 -2 26 -26 28 -13 -23
right_child=22 2 -4 12 -6 6 7 -9 -10 -11 -12 14 13 -15 -16 -17 17 -19 19 -21 -22 29 -24 -25 25 -27 -28 -29 -30 -31
leaf_value=-0.037665271491518 0.021460551357635221 0.021189324716079986 -0.061164835736863321 0.011304491976085835 0.048825198814595898 0.051764743619285992 -0.056978773524008368 0.020559992599605607 -0.060018158892431395 0.027838465701226164 -0.050301320863193215 0.0072194686976158927 0.019759828737981398 0.02974025504825888 0.055855387212052021 0.033707448490695978 0.058212101272682164 -0.049611690046951033 0.0042304973005522304 -0.059270026181079974 0.0057358169293889238 0.0063757634150084222 -0.0080531612436207361 0.047470481294229233 -0.0015792811031661897 0.01717883079210553 -0.07067207717837172 0.028286757381485245 -0.055967553792949112 -0.055457766556152956
leaf_weight=1.1305806827731464 4.6070651947520656 0.42538333684205909 1.2599393799901006 1.1082358099520195 1.5547373220324505 0.81989120319485564 0.74058268941007588 2.94730519130826 0.56940604047849852 0.96125396108254779 1.1538359604310242 1.3577370194252583 0.2570833298377696 0.45423634257167567 0.37337791919708241 0.73824159055948246 0.17367286980152119 1.4174014597665516 0.34338160417973984 1.6426245535258202 0.96811817865818728 0.19991978909820307 1.8925383761525143 1.5287609416991461 1.5618301336653533 1.8672402305528519 0.6783880335278808 0.86691372469067562 0.35406240914016951 1.1556379059329627
leaf_count=112 106 17 96 28 17 4 76 53 69 25 153 64 14 7 2 25 1 179 19 141 36 25 21 8 40 30 29 16 42 149
internal_value=-0.000668828 -0.00702328 -0.0403783 -0.00438267 0.00189662 -0.00346653 0.0134968 0.00498906 -0.0118727 -0.00865776 -0.0132947 -0.00663534 -0.0199128 -0.0268031 7.17623e-06 -0.00424147 -0.0109602 -0.0378422 -0.0324272 -0.0482907 -0.0202195 -0.0358012 0.0113604 0.0149472 0.00924176 -0.00446326 -0.0225021 0.00562618 -0.00584991 -0.0463385
internal_weight=35.1094 22.9736 1.68532 21.2882 15.159 13.6043 4.50778 3.68789 9.09648 8.52708 7.56582 6.41199 6.12924 5.021 5.28141 4.90803 4.16979 1.59107 4.56677 1.98601 2.58076 1.61264 12.1358 10.2433 8.71452 4.10746 2.24022 2.57871 1.7118 1.35556
internal_count=1604 1370 113 1257 838 821 133 129 688 619 594 441 419 391 329 327 302 180 384 160 224 188 234 213 205 99 69 122 106 174
is_linear=0
shrinkage=0.05


Tree=41
num_leaves=31
num_cat=0
split_feature=7 7 4 12 7 12 7 12 3 7 12 6 7 7 4 3 7 7 6 7 6 12 7 7 7 7 4 3 3 6
split_gain=0.79597 0.700824 0.621124 0.613012 0.719323 0.682067 0.912454 0.609378 1.08987 0.601674 0.6894 0.574763 0.570731 0.607646 0.557889 0.483832 0.468657 1.08918 0.85076 0.848741 0.512831 0.459392 0.431085 0.984617 0.59447 1.19895 0.401026 0.64712 1.03328 0.373518
threshold=0.39318042993545538 0.45487730205059057 0.66435369849205028 46.500000000000007 0.20322809368371966 101.50000000000001 0.35122287273406988 28.500000000000004 1.0000000180025095e-35 0.27743867039680487 25.500000000000004 0.025456773117184642 0.2869544923305512 0.29099465906620031 0.11199992895126344 0.65467268228530895 0.32112815976142889 0.32395556569099432 0.083485122770071044 0.33987429738044744 0.065376572310924544 8.5000000000000018 0.35800749063491827 0.30397830903530126 0.29629880189895635 0.21744287759065631 0.16781046986579898 0.54079237580299389 0.33219572901725775 0.075549699366092696
decision_type=2 2 2 2 2 2 2 2 2 2 2 2 2 2 2 2 2 2 2 2 2 2 2 2 2 2 2 2 2 2
left_child=2 15 3 4 -1 11 -7 9 -9 14 12 22 -11 -14 -6 -2 18 -18 -15 -19 26 -4 23 24 25 -5 27 28 -21 -13
right_child=1 -3 21 5 7 6 -8 8 -10 10 -12 29 13 16 -16 -17 17 19 -20 20 -22 -23 -24 -25 -26 -27 -28 -29 -30 -31
leaf_value=-0.064738344359018332 0.0089239713777442466 -0.0088193664659956574 -0.005360542128581741 0.036500481770779483 0.025806359374727847 -0.057266783451880757 0.041063381251061348 0.035211021792230186 -0.047673369038322623 -0.057960717383188989 0.029161357068051359 0.051061634182268792 0.041076421825303966 -0.055818383475568494 -0.026212113403146914 0.043123311740475283 0.036550940615563028 -0.05539467026011944 0.0064319233611074529 -0.056327333576484576 -0.043802005874085337 -0.05920976527299901 0.032300190871598251 -0.042149534321497879 0.042525100376905017 -0.046797875250107625 0.024352159802027668 -0.058352959338813952 0.022475081950999853 0.010317149914234819
leaf_weight=0.52138802083210123 1.8651780849322666 1.8863465897738931 0.74911335902288445 0.8702171982731659 2.9011905263178082 0.77067050943151094 0.34001720603555441 0.51033633365295772 1.7798430495895443 0.61011039605364104 1.1874039964750398 1.444272698601708 0.58996137813664873 1.3725751405581816 0.62679090118035663 2.3212542906403542 1.2957992893643675 1.0266207924578337 0.91458578873425711 0.5550015589687981 0.73312920052558173 0.84037813451141119 1.1476147919893263 1.1206779952626673 1.073558649048209 0.85781679768115282 1.3143374947831032 0.53893429832532991 1.6607817425392566 0.92129977839067567
leaf_count=49 40 21 23 22 100 61 5 19 211 49 36 20 16 149 35 12 27 109 29 54 28 98 19 114 21 114 25 37 42 38
internal_value=6.0924e-05 0.0164848 -0.0034666 -0.00165793 -0.00685972 0.00938262 -0.0271648 -0.0051468 -0.0292037 -0.00155224 -0.00696919 0.014842 -0.011012 -0.0081481 0.0165646 0.0278865 -0.0112337 -0.00491202 -0.0309258 -0.0141296 -0.0053079 -0.0338311 0.00534621 -0.00254024 0.0133041 -0.00484982 0.00162765 -0.00921472 0.00273693 0.0351932
internal_weight=34.3472 6.07278 28.2744 26.6849 18.1388 8.54615 1.11069 17.6174 2.29018 15.3272 11.7992 7.43546 10.6118 10.0017 3.52798 4.18643 9.41177 7.1246 2.28716 5.82881 4.80218 1.58949 5.06989 3.92227 2.80159 1.72803 4.06906 2.75472 2.21578 2.36557
internal_count=1623 73 1550 1429 1015 414 66 966 230 736 601 348 565 516 135 52 500 322 178 295 186 121 290 271 157 136 158 133 96 58
is_linear=0
shrinkage=0.05


Tree=42
num_leaves=31
num_cat=0
split_feature=4 6 6 7 12 0 0 0 12 3 7 7 7 12 3 0 3 3 7 3 7 0 0 6 7 3 3 4 12 12
split_gain=0.68151 0.62908 0.86835 0.662018 0.565851 0.594501 0.545008 0.534779 0.523922 0.504802 0.48402 0.5021 1.29888 0.411393 0.776094 0.478143 0.630442 0.578003 0.54704 0.524066 0.421683 0.760578 0.352106 0.338601 0.722345 0.33035 0.823747 0.606083 0.328567 0.541404
threshold=0.91422188282012951 0.059317039325833328 0.071223910897970213 0.37243685126304632 13.500000000000002 0.6194719970226289 0.71882751584053051 0.71406409144401561 28.500000000000004 0.37857168912887579 0.24956940859556201 0.25286036729812628 0.29787173867225653 24.500000000000004 0.9999937415122987 0.58536961674690258 0.13309555500745776 0.1386145502328873 0.29026083648204809 0.27557374536991125 0.20731281489133838 0.60830920934677135 0.66282746195793163 0.019561945460736755 0.28039941191673284 0.59842529892921459 0.9999937415122987 0.47690545022487646 87.500000000000014 57.500000000000007
decision_type=2 2 2 2 2 2 2 2 2 2 2 2 2 2 2 2 2 2 2 2 2 2 2 2 2 2 2 2 2 2
left_child=1 3 -3 6 5 -5 7 13 -6 -4 -11 -12 -13 14 15 16 -1 -18 22 -19 -15 23 -17 24 -22 -14 27 -27 29 -26
right_child=-2 2 9 4 8 -7 -8 -9 -10 10 11 12 25 20 -16 18 17 19 -20 -21 21 -23 -24 -25 28 26 -28 -29 -30 -31
leaf_value=-0.054036374659492008 -0.060432892409679563 0.038043790506866543 -0.033858655216332557 -0.033707100791232153 0.040786577907362703 0.012726051253644517 -0.066708695168512674 0.040356590892846628 0.00024950780510751407 -0.031161243615340617 0.051335700314693436 -0.05928994663007147 0.030265495076175056 0.023546520823049921 0.034928536515595916 -0.037875839593617178 0.04889094281594529 -0.054417143207668765 -0.055805876170532787 0.00099034746702814937 -0.046943163251333325 -0.045021162029780008 0.011542320411418117 0.033425248584970195 0.0098095471935700455 -0.045654488121341763 0.037402765658008666 0.012410907223473024 0.035042051124691144 -0.035745832040684065
leaf_weight=0.67562090209686099 0.45208513527177174 2.3854995472356668 0.8050553365610521 1.134735873434692 2.0124175166711216 1.7562635289505122 0.39142610318958659 0.57502162642777044 1.319846981205046 0.71606363123282779 0.726295681670308 0.65144378202967335 2.2084332448430359 1.4461556412279586 0.65575915481895197 0.74216503510251663 0.49336557835340533 0.53223398409318212 1.68750305310823 2.1536136714275926 0.80446698120795179 1.0633493219502268 0.7008030703291297 0.70699541294015933 2.5835746787488465 0.89569964166730642 1.1686472501605749 0.9019383080303669 0.73894616123288859 0.87244373513385642
leaf_count=88 65 26 48 33 24 19 20 8 31 35 4 53 45 52 9 75 3 75 182 98 110 162 17 27 153 32 10 19 20 75
internal_value=0.000546847 0.00136963 0.0115396 -0.00324573 0.0106874 -0.00549926 -0.00839982 -0.00701085 0.0247306 0.00370845 0.00786935 0.0121347 0.00724783 -0.00872853 -0.0170795 -0.0219619 -0.0101734 -0.000852009 -0.0364782 -0.00998933 -0.000961833 -0.00619729 -0.013875 0.00103724 -0.00354292 0.0156243 0.00472369 -0.016521 0.00477994 -0.00169054
internal_weight=33.9579 33.5058 10.4591 23.0467 6.22326 2.891 16.8234 16.432 3.33226 8.07358 7.26852 6.55246 5.82616 15.857 7.64106 6.98531 3.85483 3.17921 3.13047 2.68585 8.21593 6.76978 1.44297 5.70643 4.99943 5.17472 2.96629 1.79764 4.19496 3.45602
internal_count=1618 1553 272 1281 107 52 1174 1154 55 246 198 163 159 1146 547 538 264 176 274 173 599 547 92 385 358 106 61 51 248 228
is_linear=0
shrinkage=0.05


Tree=43
num_leaves=31
num_cat=0
split_feature=12 12 12 0 3 6 6 6 12 12 0 0 0 3 12 12 6 6 0 12 7 7 7 7 12 3 0 0 0 3
split_gain=0.855238 0.86077 1.02126 1.09331 0.710276 0.740415 1.02187 0.762601 0.668719 0.876892 1.21496 0.843759 0.692681 0.872015 0.55758 0.598087 0.522924 0.867161 0.501521 0.477822 0.497684 0.437528 0.909905 0.508995 0.903022 0.394269 0.818453 0.373382 0.395533 0.322465
threshold=103.50000000000001 46.500000000000007 26.500000000000004 0.50406101346015941 0.9999937415122987 0.11023701727390291 0.083485122770071044 0.064117584377527251 1.0000000180025095e-35 4.5000000000000009 0.54372221231460582 0.56198787689208995 0.71406409144401561 0.78664988279342662 25.500000000000004 6.5000000000000009 0.10048875212669374 0.044124901294708259 0.56881877779960643 10.500000000000002 0.34635226428508764 0.35668857395648962 0.30397830903530126 0.29927712678909307 92.500000000000014 0.32960823178291326 0.55075579881668102 0.58536961674690258 0.68477067351341259 0.38075001537799841
decision_type=2 2 2 2 2 2 2 2 2 2 2 2 2 2 2 2 2 2 2 2 2 2 2 2 2 2 2 2 2 2
left_child=1 2 4 -4 5 6 7 8 -1 11 -11 -10 13 14 15 -12 17 21 -17 -20 27 22 23 24 25 -3 -27 -21 -29 -5
right_child=-2 16 3 29 -6 -7 -8 -9 9 10 12 -13 -14 -15 -16 18 -18 -19 19 20 -22 -23 -24 -25 -26 26 -28 28 -30 -31
leaf_value=0.028783118693099293 -0.057294020426478354 -0.058651828834860635 0.037718036043458893 -0.025619650190666948 0.020548084621152589 -0.037795322462994899 0.03165266450170514 -0.070460511299979198 -3.109559734642115e-06 -0.055443997502938824 0.025246869318975795 -0.062853713597714619 0.053750707676291989 -0.067539029323293656 0.050125717473114111 -0.055242045658547678 -0.039887046524320215 0.044791978727309355 -0.038169289322165095 0.018725513675094962 0.021885832396577928 0.028590385708141448 -0.041649358160187694 0.046504330864722013 0.042873922543773452 0.053183031569235852 -0.04392056404596377 -0.055314651973153862 0.034302349078478317 -0.061471708325880371
leaf_weight=1.3151977737434357 0.68177156848832865 0.52300117327831575 0.46461066650226657 1.1203650627285244 3.0714258095249525 1.6152038257569064 1.9425310753285874 0.46029894240200597 0.90451039373874609 0.94402874563820471 1.6999144037254152 1.3036160117480902 0.65672153793275345 0.44681348046287883 0.61128236167132843 0.53079064574558277 0.43675895500928152 1.9855602723546324 0.78889743983745608 0.43061901163309835 1.8493761315476147 1.5930969100445507 1.0799823761917648 0.78396736085414875 0.77792299725115288 0.3683353248052299 0.52816755208186805 0.66769469436258078 0.15096119605004787 1.4247804821934549
leaf_count=31 55 62 10 138 36 95 30 18 38 116 50 88 6 27 10 68 49 20 57 19 43 25 119 13 13 10 75 100 5 168
internal_value=-0.00190931 -0.000670329 -0.00571613 -0.0328142 -0.00150989 -0.00566159 -0.00213159 -0.00727448 -0.00490997 -0.00894384 -0.00185827 -0.0371083 0.00459979 0.000101896 0.00459298 4.37418e-05 0.0133234 0.0163653 -0.00965292 -0.00342836 0.00541646 0.00638326 -0.00232761 0.0119163 -0.000423492 -0.0241515 -0.00402478 -0.0189641 -0.0387892 -0.0456897
internal_weight=31.1582 30.4764 22.3996 3.00976 19.3899 16.3185 14.7033 12.7607 12.3004 10.9852 8.7771 2.20813 7.83307 7.17635 6.72954 6.11825 8.07679 7.64003 4.41834 3.88755 3.09865 5.65447 4.06138 2.98139 2.19743 1.4195 0.896503 1.24927 0.818656 2.54515
internal_count=1594 1539 1153 316 837 801 706 676 658 627 501 126 385 379 352 342 386 337 292 224 167 317 292 173 160 147 85 124 105 306
is_linear=0
shrinkage=0.05


Tree=44
num_leaves=31
num_cat=0
split_feature=7 6 4 3 4 3 6 12 12 4 7 7 7 12 12 7 7 7 7 3 7 12 3 6 3 12 7 3 3 3
split_gain=0.961919 0.916503 0.67253 1.24143 0.77356 0.860198 0.579008 0.529727 0.883998 0.461456 0.382391 0.360223 0.458575 0.355722 0.536942 0.496824 0.637922 0.547123 0.653884 0.325304 0.318822 0.549755 0.310288 0.308101 1.28351 0.302572 0.529469 0.28502 0.596463 0.284013
threshold=0.37243685126304632 0.019561945460736755 0.10737730190157892 0.95996761322021495 0.47690545022487646 0.55995827913284313 0.089641820639371886 87.500000000000014 49.500000000000007 0.61849743127822887 0.20322809368371966 0.22601355612277987 0.25711239874362951 42.500000000000007 16.500000000000004 0.27784481644630438 0.32112815976142889 0.3229451328516007 0.34216937422752386 0.76438340544700634 0.39028607308864599 6.5000000000000009 0.50611218810081493 0.059317039325833328 0.21750554442405703 103.50000000000001 0.31033670902252203 0.15279133617877963 0.57091325521469127 0.35354222357273107
decision_type=2 2 2 2 2 2 2 2 2 2 2 2 2 2 2 2 2 2 2 2 2 2 2 2 2 2 2 2 2 2
left_child=1 7 6 4 -4 -6 23 8 10 20 -1 -12 -13 14 15 -14 19 -18 -19 -17 -2 -22 -8 24 -3 -9 -27 -15 -29 -16
right_child=9 2 3 -5 5 -7 22 25 -10 -11 11 12 13 27 29 16 17 18 -20 -21 21 -23 -24 -25 -26 26 -28 28 -30 -31
leaf_value=-0.06521958623004831 0.025130996543948049 0.041909474347304271 -0.058091957782246177 0.027787057333290063 0.033999850458401128 -0.042365182163178701 0.01787178713394609 0.029740952001695492 -0.047110748485411989 0.039639075208489742 0.030001623525906709 -0.060166971528783114 0.024886302860969451 0.043810248129633689 -0.017030007597829456 -0.055202407671078361 0.042194897773560752 -0.055779108347421391 0.0031995153184348982 0.0067613180785638357 0.014595969569510132 -0.022604837738577063 -0.032445440454237549 0.036214912499418168 -0.057529551823130146 -0.056757803434731829 0.029628832565738335 -0.060731432532072915 0.042984235947684885 -0.054533396145763226
leaf_weight=0.31313910614699736 2.1324501936323923 0.95005429489537874 1.2209249995648863 1.5255988519638775 0.73552771192043997 0.73954227450303733 0.52253556065261342 1.0409808820113529 2.0123310501221559 1.5516488924622533 0.55587052693590422 0.45890342118218441 1.1291098499204943 0.53637285716831662 1.0661055868258702 1.0070757556241003 0.61078271921724114 0.60900408751331303 2.0582037537824363 0.26822975743561972 2.8294570129364729 1.5302309310063718 0.74069109838455915 2.9020824814215302 0.49285175674594939 0.3469521878287195 0.3628973918966949 0.26908423472195864 0.28591810935176909 0.95885743154212821
leaf_count=34 46 15 119 29 29 69 22 35 234 11 29 65 36 8 139 117 10 74 86 14 29 40 36 29 60 33 8 30 12 147
internal_value=0.000201013 -0.004866 0.00681712 -0.00825684 -0.0286532 -0.00428658 0.0181641 -0.0131341 -0.0168425 0.0151427 -0.0108277 -0.00909207 -0.0114394 -0.00889802 -0.0126811 -0.004803 -0.0121652 -0.000491928 -0.0102671 -0.0421698 0.00928795 0.00153865 -0.0116316 0.0268266 0.0079442 0.0125767 -0.0125942 0.0178186 -0.00730069 -0.0347886
internal_weight=31.7634 23.7196 9.82981 4.22159 2.69599 1.47507 5.60822 13.8898 12.139 8.04379 10.1267 9.81352 9.25765 8.79874 7.70737 5.68241 4.5533 3.27799 2.66721 1.27531 6.49214 4.35969 1.26323 4.34499 1.44291 1.75083 0.70985 1.09138 0.555002 2.02496
internal_count=1645 1519 408 246 217 98 162 1111 1035 126 801 767 738 673 623 337 301 170 160 131 115 69 58 104 75 76 41 50 42 286
is_linear=0
shrinkage=0.05


Tree=45
num_leaves=31
num_cat=0
split_feature=6 6 0 0 12 3 0 3 4 12 12 6 12 12 0 12 4 3 3 0 3 0 0 3 3 0 0 3 0 4
split_gain=0.700691 0.857084 0.663429 0.727168 1.23834 0.542526 1.04395 0.535842 0.491154 0.450478 0.325977 0.752662 0.705558 1.05438 0.659498 0.685457 0.576546 0.54978 0.500705 0.656654 0.489523 0.458349 0.610248 0.518428 0.435498 0.359314 0.626861 0.312388 0.45021 0.346765
threshold=0.059317039325833328 0.071223910897970213 0.67755174636840831 0.64769184589385997 6.5000000000000009 0.43003265559673315 0.60876536369323742 0.60305544734001171 0.23730108886957171 3.5000000000000004 13.500000000000002 1.0000000180025095e-35 26.500000000000004 42.500000000000007 0.53157025575637828 24.500000000000004 0.2052375674247742 0.34672090411186224 0.1386145502328873 0.54372221231460582 0.27557374536991125 0.5929388999938966 0.68325442075729381 0.3439572155475617 0.24546115100383761 0.56638857722282421 0.59494969248771679 0.20353773981332782 0.52229520678520214 0.035380495712161071
decision_type=2 2 2 2 2 2 2 2 2 2 2 2 2 2 2 2 2 2 2 2 2 2 2 2 2 2 2 2 2 2
left_child=10 -2 3 4 -3 8 -7 -8 -6 -4 11 16 14 -14 -12 20 17 18 19 -1 -16 23 -23 24 27 -19 -27 28 -15 -30
right_child=1 2 9 -5 5 6 7 -9 -10 -11 12 -13 13 21 15 -17 -18 25 -20 -21 -22 22 -24 -25 -26 26 -28 -29 29 -31
leaf_value=-0.054921965626768314 0.038132150990254694 -0.068204156824841836 -0.00060401714711971223 0.031081684933280812 -0.058801010946974985 0.045541102937788867 0.011418963660163428 -0.061892538831898672 0.020357872609331085 -0.060883412538362561 -0.05580946654662175 -0.064292690087356844 -0.049180508343155072 0.013141933731665147 -0.054132811043075026 0.041787475802595786 -0.045850525358450564 0.032457728773861945 -0.056761682188467832 0.031558948112419383 0.010503564317827764 -0.049543393543857908 0.011407651670644786 0.033208780098074563 -0.041007604244108535 -0.056521565701285616 0.0060836114268139688 0.034192329734831599 -0.059831956927215525 0.015091127317147197
leaf_weight=0.36246186285280291 2.2067282022908312 0.62874166155233968 0.62033319519832708 2.3881908638868481 0.49155277945101294 1.5393806337378921 0.58770528389140941 0.43280128855258226 0.3258584588766098 0.61942232097499073 0.31917940406128575 0.66726648318581272 1.4127988516120238 1.2448435320984579 0.33044267003424499 1.8979125902988014 0.91799495648592699 0.97419833298772562 0.79390398575924337 0.55651914980262518 2.5801073226612061 0.96930651389993705 0.71253927238285542 1.3225003452971575 0.63635706924833346 0.45659694937057826 3.2168741053901613 0.68283101730048645 0.49632850778289128 0.22419257904402912
leaf_count=49 28 24 11 56 41 29 20 31 11 57 42 39 218 40 46 27 61 15 77 15 149 171 25 42 52 34 126 18 44 20
internal_value=-0.000303796 0.0106867 0.0027532 0.0092435 -0.00377528 0.00821926 0.0195434 -0.0196728 -0.0272446 -0.0307216 -0.00550976 -0.0134681 -0.000580765 -0.0101483 0.0137896 0.0184095 -0.00880875 -0.00346265 -0.0276769 -0.00255061 0.00316522 -0.00137972 -0.0237206 0.006776 -0.00386696 0.00546143 -0.00169795 0.00505788 -0.00506437 -0.0365194
internal_weight=30.6159 9.84071 7.63399 6.39423 4.00604 3.3773 2.55989 1.02051 0.817411 1.23976 20.7752 7.94582 12.8293 7.7017 5.12764 4.80846 7.27855 6.36055 1.71288 0.918981 2.91055 6.2889 1.68185 4.60705 3.28455 4.64767 3.67347 2.6482 1.96536 0.720521
internal_count=1618 308 280 212 156 132 80 51 52 68 1310 416 894 630 264 222 377 316 141 64 195 412 196 216 174 175 160 122 104 64
is_linear=0
shrinkage=0.05


Tree=46
num_leaves=31
num_cat=0
split_feature=7 6 7 6 12 12 0 4 4 12 0 0 12 7 7 12 4 0 7 12 0 0 12 12 0 0 4 12 0 0
split_gain=0.702626 0.720417 0.847589 0.72935 0.841762 0.556622 0.467133 1.07643 0.554472 1.12877 0.529288 0.576356 0.60203 0.454928 0.436971 0.382467 0.507584 0.492254 0.53037 0.3907 0.379105 0.451009 0.36698 0.509086 0.342154 0.578257 0.329499 0.408947 0.326133 0.519991
threshold=0.35464857518672949 0.019561945460736755 0.34050792455673223 0.092119917273521437 28.500000000000004 23.500000000000004 0.63501799106597911 0.16781046986579898 0.026072675362229351 15.500000000000002 0.61011797189712536 0.53411644697189342 6.5000000000000009 0.30991716682910925 0.24956940859556201 87.500000000000014 0.2052375674247742 0.64657899737358104 0.29099465906620031 3.5000000000000004 0.60830920934677135 0.6076960861682893 67.500000000000014 42.500000000000007 0.54181236028671276 0.58565649390220653 0.10330102965235712 3.5000000000000004 0.58017861843109142 0.70214921236038219
decision_type=2 2 2 2 2 2 2 2 2 2 2 2 2 2 2 2 2 2 2 2 2 2 2 2 2 2 2 2 2 2
left_child=1 15 3 14 5 13 8 -8 10 -10 11 -2 -13 -5 -3 16 17 20 -19 -20 21 22 23 26 -25 -26 27 -1 -17 -30
right_child=6 2 -4 4 -6 -7 7 -9 9 -11 -12 12 -14 -15 -16 28 -18 18 19 -21 -22 -23 -24 24 25 -27 -28 -29 29 -31
leaf_value=-0.0017879555292264673 0.037847879812616531 -0.016104006009011334 -0.061216871483915872 -0.037764112095051143 -0.057661523349248928 0.040292728036630407 -0.050236956055128471 0.01324211588816168 -0.050511148048687927 0.023147420874672378 0.044996756337332536 0.017178187480710878 -0.042978550935472093 0.015118304810282042 0.028467763459207554 0.029005460664131195 -0.042724122199667543 0.039014469180050242 0.023446458582963445 -0.057313534085295992 -0.048717893403566491 0.045552769934394097 -0.060428386098153569 0.025492880377924507 -0.057396581409076677 0.037719434768072248 0.021286803424349604 -0.043290794818255374 -0.054510209463638187 0.023887781577055574
leaf_weight=0.85252009681426599 1.3051803517155334 0.63882532832212557 0.44676308799535025 0.82141430443152852 0.69396130484528828 0.75808448810130347 0.95258629275485907 2.2340551032684743 0.81725849350914392 1.4305281653068957 2.1632000915706158 1.0782524161040781 0.6770504459273069 0.80548704625107348 3.9496773076243699 0.88940090779214986 1.6674685345496971 0.86060606339015044 0.26627638470381498 0.34223973844200373 0.88433644734323014 0.30568309011869121 0.4438861320959403 1.1075856662355361 0.40430257096886624 0.26421728893183172 0.3421814132016151 1.9538588769501073 0.41290981532074511 0.43362804222851992
leaf_count=43 19 33 32 59 87 15 41 34 27 29 21 24 45 28 114 20 182 24 5 40 147 5 56 28 48 17 23 311 49 7
internal_value=-3.27502e-05 -0.00566423 0.00572938 0.00963017 -0.00919534 0.00490691 0.0102945 -0.00573375 0.0171307 -0.00363363 0.0260657 0.012685 -0.0060253 -0.0115818 0.0222623 -0.0137518 -0.0176219 -0.0124077 0.0137527 -0.0219743 -0.0182677 -0.013522 -0.0168857 -0.0129609 0.00844324 -0.0198041 -0.0250351 -0.0306831 0.00786208 -0.0143519
internal_weight=30.2034 19.5453 8.11421 7.66745 3.07895 2.38499 10.6581 3.18664 7.47147 2.24779 5.22368 3.06048 1.7553 1.6269 4.5885 11.4311 9.69516 8.02769 1.46912 0.608516 6.55857 5.67424 5.36855 4.92467 1.77611 0.66852 3.14856 2.80638 1.73594 0.846538
internal_count=1613 1373 368 336 189 102 240 75 165 56 109 88 69 87 147 1005 929 747 69 45 678 531 526 470 93 65 377 354 76 56
is_linear=0
shrinkage=0.05


Tree=47
num_leaves=31
num_cat=0
split_feature=12 12 12 4 12 3 12 12 12 4 12 0 3 12 3 12 0 0 3 12 12 12 6 12 4 0 3 4 3 0
split_gain=0.814839 0.60038 0.624453 0.464906 0.447268 0.436666 0.415068 0.761999 0.406709 0.447701 0.392643 0.684782 0.837728 0.698203 0.598538 0.743107 0.389248 0.44033 0.408374 0.358126 0.713254 0.694436 0.373576 0.332167 0.261713 0.252469 0.620439 0.48084 0.211426 0.421575
threshold=103.50000000000001 80.500000000000014 73.500000000000014 0.10190830007195474 96.500000000000014 0.9999937415122987 5.5000000000000009 1.0000000180025095e-35 6.5000000000000009 0.83091023564338695 47.500000000000007 0.58113190531730663 0.1211330220103264 35.500000000000007 0.11837169528007509 42.500000000000007 0.58536961674690258 0.60407859086990368 0.51777914166450512 13.500000000000002 15.500000000000002 25.500000000000004 0.054983092471957214 28.500000000000004 0.031087412498891357 0.58364054560661327 0.33219572901725775 0.10575854033231737 0.37627542018890386 0.68672966957092296
decision_type=2 2 2 2 2 2 2 2 2 2 2 2 2 2 2 2 2 2 2 2 2 2 2 2 2 2 2 2 2 2
left_child=1 2 5 4 -3 6 7 -1 -8 10 11 12 14 16 15 -10 -13 18 -18 24 -21 22 28 -23 -19 26 -9 -27 -22 -30
right_child=-2 3 -4 -5 -6 -7 8 25 9 -11 -12 13 -14 -15 -16 -17 17 19 -20 20 21 23 -24 -25 -26 27 -28 -29 29 -31
leaf_value=0.01777917649465385 -0.056227797023802553 -0.055625908848964872 -0.059668261696663817 0.034646114353382225 0.024710213071877381 0.018640256491356436 0.028218073221508128 -0.055300754636250928 -0.056153635782739034 0.029756381520126503 0.011588321540845511 0.038393559826395585 -0.046777149573075598 -0.060247200596982103 0.055081862218119754 0.033110586683341388 -0.057333517690755176 -0.03931746193838153 0.019788995876000755 0.047187190757325727 0.030944568663382091 0.039791650645624732 -0.062632371253383251 -0.0106095442444825 0.00078182296416609174 -0.064366871765832778 0.012420970748764502 -0.017243712511914682 -0.054511122789704602 0.016946991396549951
leaf_weight=1.3194113655481654 0.62516400404274364 0.32125929254107122 0.44494077237322827 2.1633251840248704 0.37606978602707386 2.8158740792423478 1.3097625002265001 0.51284847804345213 0.54024392017163181 1.1170185103546817 3.4910328263649708 0.74359073350206006 2.0269817135995254 0.4472852824255823 0.40304233133792877 0.41016296483576298 0.57099790149368335 0.6437895456328987 0.24542285641655326 1.1161764552816746 0.26640007877722405 1.0610157158225773 0.43377066543325771 0.47246830700896669 1.1058575769420711 0.9378444722387943 0.99317506467923522 1.2804300368297843 0.43077394156716764 0.39626909792423248
leaf_count=42 60 40 54 42 14 46 36 53 103 55 220 14 239 84 4 8 77 44 15 21 6 25 29 38 50 60 25 50 61 9
internal_value=0.000237344 0.00148042 -0.000952881 0.0232021 -0.0123006 8.82965e-05 -0.00225685 -0.0148724 0.00143564 -0.000767473 -0.00307042 -0.0075934 -0.0264381 0.000435912 0.00402261 -0.0176303 0.00406144 0.000275405 -0.0341498 0.00501773 0.0129727 0.000495325 -0.0233699 0.024263 -0.0139729 -0.0264399 -0.0106404 -0.0371665 -0.00779443 -0.0202727
internal_weight=29.0224 28.3972 25.5366 2.86065 0.697329 25.0916 22.2758 5.04371 17.2321 15.9223 14.8053 11.3142 3.38043 7.93382 1.35345 0.950407 7.48653 6.74294 0.816421 5.92652 4.17687 3.0607 1.52721 1.53348 1.74965 3.7243 1.50602 2.21827 1.09344 0.827043
internal_count=1624 1564 1468 96 54 1414 1368 230 1138 1102 1047 827 354 473 115 111 389 375 92 283 189 168 105 63 94 188 78 110 76 70
is_linear=0
shrinkage=0.05


Tree=48
num_leaves=31
num_cat=0
split_feature=7 4 6 6 4 6 12 12 4 0 0 7 6 12 7 4 4 12 7 7 0 7 7 7 7 7 7 12 0 0
split_gain=0.831921 0.668989 0.603153 0.543826 0.705627 0.419706 0.837563 0.415454 0.380994 0.80917 0.60852 0.642466 0.316158 0.295893 0.396839 0.294826 0.283675 0.23048 0.217974 0.416252 0.411103 0.254269 0.58802 0.586563 0.509942 0.598436 0.435332 0.39462 0.569006 0.502758
threshold=0.37243685126304632 0.90604233741760265 0.019561945460736755 0.019979323260486129 0.021412626840174202 0.094888828694820418 28.500000000000004 61.500000000000007 0.61849743127822887 0.63501799106597911 0.61364063620567333 0.40085881948471075 0.083485122770071044 23.500000000000004 0.30991716682910925 0.10737730190157892 0.44309346377849584 42.500000000000007 0.20322809368371966 0.20900084078311923 0.70214921236038219 0.32112815976142889 0.3229451328516007 0.32934233546257025 0.30397830903530126 0.29927712678909307 0.32970482110977178 72.500000000000014 0.55893534421920787 0.61271134018898021
decision_type=2 2 2 2 2 2 2 2 2 2 2 2 2 2 2 2 2 2 2 2 2 2 2 2 2 2 2 2 2 2
left_child=1 2 18 -4 17 7 13 12 9 10 11 -2 15 14 16 -6 -7 -5 20 -20 -1 24 -23 -24 25 -21 -25 28 -28 -30
right_child=8 -3 3 4 5 6 -8 -9 -10 -11 -12 -13 -14 -15 -16 -17 -18 -19 19 21 -22 22 23 26 -26 -27 27 -29 29 -31
leaf_value=-0.061378665565270565 0.021668637366907013 -0.063996818586336365 0.051148211393770605 -0.057978770126517302 0.011716265180055392 -0.059947359460616835 -0.058846283339298394 0.040993756154619768 0.040413658764602539 -0.02772992652001734 0.042420249273636336 -0.029133934872264511 0.025880715214395108 0.035369742218020257 0.014852418890404423 -0.039025362708963104 0.0043129922609458022 0.0051358199078698572 0.037878484595637224 -0.01909463645970676 0.016297126653133164 0.040256042507011924 -0.056552495589518574 0.053222840060030877 -0.049116172730848728 0.024354625824409046 -0.045574709852840935 0.032822895331564315 0.013895700376891083 -0.034844976942848216
leaf_weight=0.50208027858753723 1.9484714041464024 0.44667855580337246 0.67742883833125045 0.55686690239235748 0.63346529565751619 0.39911611052230078 0.57100537186488498 1.5084168063476679 1.3288575969636438 1.106410466134548 1.819852636195719 0.91437117848545302 1.141879699192941 0.71624837000854302 1.2296041005756704 0.52230743132531643 0.30146197648718953 0.19540574448183179 0.48673378489911456 3.7438401851104555 0.25780774932354689 0.72419186565093685 0.55224648071452964 0.33138881903141726 1.0040804586606098 1.0052850584033874 0.95160743710584972 0.55464493646286417 1.8166369181126358 0.74647555779665697
leaf_count=55 39 63 4 60 22 35 70 25 10 29 18 27 17 13 38 42 13 16 15 431 5 19 75 3 156 44 94 18 89 74
internal_value=0.00144654 -0.00344327 -0.00216321 0.00818176 0.00443851 0.00936794 -0.00392585 0.0206058 0.0162692 0.0107269 0.0198134 0.00544266 0.00722097 0.00792402 -0.00226049 -0.0112145 -0.0322958 -0.0415845 -0.00906138 -0.00740579 -0.0350255 -0.00933411 -0.00182696 -0.00798004 -0.0167421 -0.00989739 -0.00188472 -0.00637241 -0.0125577 -0.000299433
internal_weight=28.6949 21.5769 21.1302 8.45321 7.77578 7.02351 3.21744 3.80607 7.11796 5.78911 4.6827 2.86284 2.29765 2.64643 1.93018 1.15577 0.700578 0.752273 12.677 11.9171 0.759888 11.4304 5.67719 4.953 5.75321 4.74913 4.40075 4.06936 3.51472 2.56311
internal_count=1619 1496 1433 355 351 275 169 106 123 113 84 66 81 99 86 64 48 76 1078 1018 60 1003 372 353 631 475 278 275 257 163
is_linear=0
shrinkage=0.05


Tree=49
num_leaves=31
num_cat=0
split_feature=7 4 6 3 7 6 4 3 3 3 7 3 7 7 12 12 3 3 3 4 4 12 4 3 7 12 12 12 3 12
split_gain=0.517712 0.692298 0.726967 0.515177 0.602339 0.479325 0.712333 0.37761 0.784798 0.489373 0.614961 0.419404 0.559879 0.413945 0.384289 0.366661 0.409026 0.777929 0.343985 0.319195 0.318791 0.27712 0.270988 0.270076 0.311131 0.427366 0.265773 0.239454 0.335004 0.22369
threshold=0.37243685126304632 0.88490688800811779 0.019561945460736755 0.45958939194679266 0.38767705857753759 0.019979323260486129 0.021412626840174202 0.41332446038722997 0.74061912298202526 0.32960823178291326 0.29629880189895635 0.35354222357273107 0.27906808257102972 0.3229451328516007 5.5000000000000009 2.5000000000000004 0.85253447294235241 0.64011004567146312 0.49871850013732916 0.23889241367578509 0.24625033140182498 3.5000000000000004 0.10737730190157892 0.14949969947338107 0.3012374639511109 27.500000000000004 96.500000000000014 16.500000000000004 0.60536465048789989 15.500000000000002
decision_type=2 2 2 2 2 2 2 2 2 2 2 2 2 2 2 2 2 2 2 2 2 2 2 2 2 2 2 2 2 2
left_child=1 2 7 4 -2 -4 -7 9 21 10 26 29 -13 19 -12 -8 17 18 20 -10 22 -9 -17 -16 -25 -26 -1 -20 -29 -11
right_child=3 -3 5 -5 -6 6 15 8 13 11 14 12 -14 -15 23 16 -18 -19 27 -21 -22 -23 -24 24 25 -27 -28 28 -30 -31
leaf_value=-0.055388404414595041 0.012009384606527777 -0.061164664183502762 0.050263936274396043 0.020417666798066579 -0.044936132430861302 -0.041563103175769466 -0.0312293153143922 -0.0087262901036604147 0.027444490648649979 -0.00077760423092893894 -0.054601737860963201 0.020172481541020942 -0.056128987744853115 -0.034461579440070646 0.015218751404780136 -0.0029379712187060673 0.033317230747767504 -0.056302768734509318 0.042571709196376817 -0.015551753854779742 0.023324183884883734 -0.05057073028261902 -0.055889238512089393 0.0285669470908149 0.0062350066046593751 -0.057659041692096104 0.0030218191974726882 -0.0202954802649477 0.042107332369634091 0.043002429265895953
leaf_weight=0.95947346615140261 1.2029010215774167 0.52083618077449401 0.64493613690137763 4.8368323966860771 0.75634794589132059 0.73010629741474975 0.48815920716151584 0.501043658005074 1.1162899632472547 0.39679701020941172 0.31892756419256363 0.60048628784716107 0.40094715065788478 0.69842604128643859 1.8819917791988703 0.77245201030746125 1.866608642041683 0.45812325738370407 1.1057270499877629 0.70380516536533821 0.7084362560417502 1.8813638148130847 0.3516036996152252 0.32823952334001649 0.49997239629738011 0.54917317535728216 0.24434359837323427 0.48260259733069677 0.38796734251081944 1.1022654334083197
leaf_count=178 32 71 4 63 34 74 19 33 39 20 40 29 63 38 97 30 32 53 15 29 29 322 46 12 47 68 11 37 8 43
internal_value=-0.000317888 -0.00424888 -0.00277993 0.0116561 -0.00997385 0.00893378 0.00530809 -0.0104683 -0.0211985 -0.00324723 -0.0126196 0.0146771 -0.0103766 -0.00173842 -0.00221979 0.0104761 0.0137954 0.00525534 0.0126596 0.0108184 -0.00294496 -0.0417704 -0.0195011 0.00290574 -0.0139182 -0.0272102 -0.0435326 0.0271287 0.00751418 0.031414
internal_weight=27.4972 20.7011 20.1803 6.79608 1.95925 7.99672 7.35179 12.1835 4.90093 7.28262 4.78212 2.5005 1.00143 2.51852 3.5783 6.62168 6.13352 4.26691 3.80879 1.8201 1.83249 2.38241 1.12406 3.25938 1.37739 1.04915 1.20382 1.9763 0.87057 1.49906
internal_count=1616 1487 1416 129 66 347 343 1069 461 608 453 155 92 106 264 269 250 218 165 68 105 355 76 224 127 115 189 60 45 63
is_linear=0
shrinkage=0.05


Tree=50
num_leaves=31
num_cat=0
split_feature=12 7 7 4 12 3 3 3 7 0 3 7 3 3 6 6 7 12 3 4 4 7 7 3 0 7 4 3 3 12
split_gain=0.784352 0.58243 0.683017 0.539744 0.496819 0.440024 0.851844 0.49166 1.00474 0.420399 0.395145 0.572916 0.5276 0.441799 0.472144 0.413594 0.612465 0.368501 0.355977 0.475341 0.33618 0.325785 0.544791 0.378188 0.756765 0.403163 0.316717 0.292065 0.286967 0.503668
threshold=103.50000000000001 0.35464857518672949 0.32970482110977178 0.0212542898952961 54.500000000000007 0.1386145502328873 0.3056220561265946 0.13309555500745776 0.32112815976142889 0.52118885517120372 0.59842529892921459 0.21508859097957614 0.74061912298202526 0.81935068964958202 0.27484457194805151 0.061920523643493659 0.30340439081192022 14.500000000000002 0.15279133617877963 0.032553743571043021 0.46771433949470526 0.45487730205059057 0.41764701902866369 0.49685506522655493 0.66282746195793163 0.39318042993545538 0.57699853181839 0.37627542018890386 0.81935068964958202 67.500000000000014
decision_type=2 2 2 2 2 2 2 2 2 2 2 2 2 2 2 2 2 2 2 2 2 2 2 2 2 2 2 2 2 2
left_child=1 2 4 -4 5 7 -7 8 -1 -6 11 -8 -12 -14 -15 16 -13 -17 -5 -20 28 22 23 27 25 -25 -21 -3 29 -11
right_child=-2 21 3 18 9 6 10 -9 -10 20 12 15 13 14 -16 17 -18 -19 19 26 -22 -23 -24 24 -26 -27 -28 -29 -30 -31
leaf_value=-0.055043219885920362 -0.05578024957777597 0.0088425787674238209 -0.058182679888801749 0.044544846004081776 -0.065800102032197591 -0.05564127646655246 -0.060574073224179896 0.054347689132982047 0.038756468479960525 0.038785449121879062 -0.057089376249141392 0.0096022636074052717 0.017687683765502015 -0.046998452813085845 0.012812053288440357 0.043299324861183403 -0.053900309815926417 -0.00067341892500824368 0.027749895125541397 -0.05752248727656574 -0.015482558669382621 -0.012339836240704312 0.040973485121855655 -0.061742552062261848 0.017979011882663168 -0.0022435074883587502 0.003490379384594529 0.037235537378560273 0.049132749821368484 -0.0080463830465457419
leaf_weight=0.50328469695524336 0.61485090688802202 2.8764954051002842 0.9416552204638714 0.24814716633409251 0.15450968639925067 0.93295994505751689 0.31155001861043263 0.58541364967823017 0.65971355373039842 1.1585573857883003 0.69104331079870496 1.5473224713932725 1.0116274729371073 0.9168613313231615 0.51546195242553949 1.2104914453811941 0.50317192065995175 0.78568508382886637 0.37082370463758685 0.68531863624230027 0.61556895077228535 1.2838173117488612 1.5978327887132762 0.66857145936228357 1.4193957825191317 0.49587541446089745 0.30842618620954454 1.3219888093881307 0.88184320321306575 1.1381029337644575
leaf_count=97 63 97 135 6 20 147 33 2 13 63 105 148 53 69 13 20 86 37 7 78 48 19 12 44 26 11 24 22 5 105
internal_value=4.49637e-05 0.00134801 -0.00431156 -0.0281043 -8.31803e-06 -0.00585037 -0.0105869 0.0169763 -0.00183512 0.0150453 -0.00497725 0.00476093 -0.0185151 -0.00760801 -0.025474 0.00979102 -0.00598067 0.0259919 -0.0105417 -0.0205592 0.0183376 0.011115 0.0147082 0.0085204 -0.00652999 -0.0364051 -0.0385861 0.0177828 0.0248875 0.0155781
internal_weight=26.9564 26.3415 16.6775 2.55437 14.1232 10.1746 8.42617 1.74841 1.163 3.94858 7.49322 4.35822 3.13499 2.44395 1.43232 4.04667 2.05049 1.99618 1.61272 1.36457 3.79407 9.66398 8.38016 6.78233 2.58384 1.16445 0.993745 4.19848 3.1785 2.29666
internal_count=1608 1545 1314 250 1064 823 711 112 110 241 564 324 240 135 82 291 234 57 115 109 221 231 212 200 81 55 102 119 173 168
is_linear=0
shrinkage=0.05


Tree=51
num_leaves=31
num_cat=0
split_feature=7 4 0 12 0 12 0 7 4 12 7 7 7 7 12 0 12 12 7 7 7 0 7 0 7 0 4 0 0 4
split_gain=0.703214 0.577998 0.352277 0.648274 0.62861 0.482456 0.390889 0.71288 0.556454 0.553563 0.474499 0.730399 0.439218 0.54503 0.391903 0.447954 0.415986 0.47079 0.378637 0.374579 0.365161 0.29345 0.460066 0.258869 0.765573 0.258363 0.263958 0.523896 0.388406 0.256995
threshold=0.38034547865390783 0.90604233741760265 0.54031535983085643 2.5000000000000004 0.50153666734695446 1.0000000180025095e-35 0.55075579881668102 0.3215776532888413 0.88255083560943615 4.5000000000000009 0.2997263371944428 0.29927712678909307 0.30418176949024206 0.32241795957088476 101.50000000000001 0.63501799106597911 7.5000000000000009 25.500000000000004 0.32395556569099432 0.33568607270717626 0.22601355612277987 0.49897456169128424 0.35800749063491827 0.65442833304405224 0.20585947483778003 0.68477067351341259 0.57699853181839 0.62589290738105785 0.62240064144134533 0.28953628242015844
decision_type=2 2 2 2 2 2 2 2 2 2 2 2 2 2 2 2 2 2 2 2 2 2 2 2 2 2 2 2 2 2
left_child=1 2 3 -1 21 -4 12 8 9 -8 11 14 -7 -14 15 20 -17 -18 -9 -20 29 22 -5 -19 -25 26 27 28 -21 -11
right_child=-2 -3 5 4 -6 6 7 18 -10 10 -12 -13 13 -15 -16 16 17 23 19 25 -22 -23 -24 24 -26 -27 -28 -29 -30 -31
leaf_value=0.031046130059063967 0.015400634165104754 -0.06331993938079844 -0.041568707481961835 -0.063663922961228123 -0.057002464659933243 0.040395181987740093 -0.060520530863262346 0.034122853613576934 0.049682801073310183 -0.023300793021892582 -0.040196167045937703 0.047051487108504396 0.037602773448040021 -0.057156365325995995 -0.055995507816527894 0.043701544201063654 -0.042903895067345571 0.036423770967047062 -0.032490513050023297 0.007715177156121915 -0.036231636413417451 0.036287395433133453 0.033851395706514735 0.035012737444044963 -0.063072575919137244 -0.027526309904686186 0.042507364516919617 -0.037556461143832119 0.05491603221187924 0.033603469603614926
leaf_weight=0.48458492755890903 5.6963950768113127 0.40899511182214965 0.69489984400570648 0.29970153025351498 1.1721215019933877 1.2026858427561844 0.60284110321663131 1.3358890342060465 0.35298808477818955 0.39512427407316897 1.1405736721353603 0.60560328839346755 0.29137253842782218 0.31666542566381395 0.44151615258306254 0.60979763092473183 0.54847112856805313 0.6047197990119455 0.61049724754411716 2.6618538871407518 1.594569045351818 0.33166168257594109 0.20279636234045029 0.46701453346759081 0.34656995092518628 0.43787027522921551 0.63696359866298724 0.54628602671436954 0.52117419382557262 0.3985502440482378
leaf_count=13 96 64 38 45 164 34 54 29 6 42 177 6 15 43 45 10 44 23 98 129 260 4 4 10 46 19 17 58 9 16
internal_value=-0.000120426 -0.00448346 -0.0032715 -0.020856 -0.0333921 -0.000749085 0.000952549 -0.00172026 -0.0117131 -0.0145075 -0.0106294 -0.00502004 0.0228857 -0.0117477 -0.010853 -0.00683847 0.00762102 -0.00356572 0.0102825 0.0044007 -0.0224382 -0.000215902 -0.024309 0.0116467 -0.00676955 0.00908873 0.0127607 0.00767994 0.0154436 0.00527415
internal_weight=25.9608 20.2644 19.8554 2.49087 2.00628 17.3645 16.6696 14.8589 8.10834 7.75535 7.15251 6.01194 1.81072 0.608038 5.40633 4.96482 2.57657 1.96678 6.75053 5.41465 2.38824 0.83416 0.502498 1.4183 0.813584 4.80415 4.36628 3.72931 3.18303 0.793675
internal_count=1618 1522 1458 230 217 1228 1190 1098 739 733 679 502 92 58 496 451 133 123 359 330 318 53 49 79 56 232 213 196 138 58
is_linear=0
shrinkage=0.05


Tree=52
num_leaves=31
num_cat=0
split_feature=7 7 7 7 7 12 6 6 7 7 0 0 0 6 0 12 7 7 0 0 0 0 0 0 0 7 6 6 12 12
split_gain=0.762151 0.606939 0.466378 0.329493 0.30814 0.306178 0.30544 0.384696 0.273116 0.24814 0.469652 0.564429 0.560563 0.473635 0.350829 0.26634 0.241279 0.219257 0.295539 0.329103 0.372051 0.43822 0.317527 0.364424 0.34803 0.249496 0.248906 0.262566 0.214755 0.213578
threshold=0.37243685126304632 0.45487730205059057 0.17414723336696628 0.36742486059665685 0.41764701902866369 5.5000000000000009 0.086430422961711897 0.068290233612060561 0.20900084078311923 0.35706225037574774 0.66282746195793163 0.63597232103347789 0.60060697793960582 0.49525094032287603 0.59101003408432018 12.500000000000002 0.36272539198398596 0.35464857518672949 0.49897456169128424 0.55075579881668102 0.56681209802627575 0.5675877332687379 0.54372221231460582 0.52229520678520214 0.54092115163803112 0.28395229578018194 0.061920523643493659 1.0000000180025095e-35 28.500000000000004 66.500000000000014
decision_type=2 2 2 2 2 2 2 2 2 2 2 2 2 2 2 2 2 2 2 2 2 2 2 2 2 2 2 2 2 2
left_child=2 4 -1 6 5 -2 7 8 29 10 11 12 14 -12 15 -8 17 18 -10 22 -21 -22 23 -20 -25 -24 27 -23 -7 -4
right_child=1 -3 3 -5 -6 28 9 -9 16 -11 13 -13 -14 -15 -16 -17 -18 -19 19 20 21 26 25 24 -26 -27 -28 -29 -30 -31
leaf_value=-0.061856257356781644 -0.011210949646617806 -0.020435064211324849 -0.010091571285660586 -0.057407000905061102 0.038759171694419926 0.029802849117717047 0.022443481900706691 -0.058099364089461425 -0.062943652049292281 0.032926974544087349 -0.058643336288826176 0.034471665988364854 -0.05837217256342158 0.02583249346013184 0.047187324758661185 -0.054712762206063886 -0.058370347259387882 0.012092019837571064 0.011845654911683993 -0.053903949142053653 0.043890852932753181 -0.015519558149822837 0.049934410184786393 -0.057052363463834493 0.0048633458879446777 -0.00013209174117871056 0.016316775998841977 -0.054343118535870275 0.0016940862723359219 0.034284510801049474
leaf_weight=0.38573089824058726 1.0438680076040316 1.1658247187733648 0.46220825845376079 0.30901563726365466 1.4831439321860669 1.9890018883161249 0.21223245421424486 0.38927781721577126 0.26927967602386615 0.73350374121218909 0.54686196940019716 1.2899732089135794 0.43668707937467843 0.23820230271667242 0.3775094544980675 0.23647468606941402 0.25188311887905079 1.1181747631635524 1.0988921807147551 0.59610992512898509 0.32608878845348943 4.3615862174192443 0.53801583964377619 0.53331236250232894 0.39511139900423586 0.46294790506362915 0.54252286721020926 0.48380719334818412 1.0321266786195336 0.65592360799200833
leaf_count=46 26 18 35 21 12 39 10 29 42 14 64 34 48 7 10 30 21 52 70 105 11 549 15 81 17 41 16 97 31 16
internal_value=-0.0019328 0.0123601 -0.00749539 -0.00625211 0.0192513 0.0121338 -0.00529735 -0.0091755 -0.007601 0.00659507 0.000808706 0.0112093 -0.0125518 -0.0330119 0.0116661 -0.0182189 -0.00999881 -0.00886287 -0.0113017 -0.00981254 -0.016315 -0.0123936 0.00373687 -0.00763969 -0.0307028 0.0267785 -0.0158 -0.019396 0.0201999 0.0159405
internal_weight=23.9653 6.71397 17.2513 16.8656 5.54814 4.065 16.5566 12.4851 12.0959 4.07144 3.33794 2.55288 1.2629 0.785064 0.826217 0.448707 10.9777 10.7258 9.60767 9.33839 6.31011 5.71401 3.02828 2.02732 0.928424 1.00096 5.38792 4.84539 3.02113 1.11813
internal_count=1607 126 1481 1435 108 96 1414 1197 1168 217 203 132 98 71 50 40 1117 1096 1044 1002 778 673 224 168 98 56 662 646 70 51
is_linear=0
shrinkage=0.05


Tree=53
num_leaves=31
num_cat=0
split_feature=4 4 12 7 7 12 0 12 0 4 7 0 0 0 0 12 12 7 12 7 0 7 0 7 12 6 7 4 7 0
split_gain=0.482211 0.472576 0.415464 0.609947 0.909882 0.392348 0.665602 0.305812 0.542575 0.422094 0.403002 0.402392 0.39893 0.40792 0.486609 0.275849 0.597284 0.269358 0.695045 0.746055 0.500309 0.323434 0.308424 0.545035 0.650344 0.258469 0.240939 0.559261 0.647804 0.354715
threshold=0.91422188282012951 0.88255083560943615 46.500000000000007 0.47617350518703466 0.41764701902866369 28.500000000000004 0.50492119789123546 2.5000000000000004 0.53157025575637828 0.47690545022487646 0.27784481644630438 0.53239566087722789 0.54372221231460582 0.54661411046981823 0.56139713525772106 3.5000000000000004 4.5000000000000009 0.35122287273406988 101.50000000000001 0.32374675571918493 0.52118885517120372 0.32349976897239691 0.55075579881668102 0.25286036729812628 47.500000000000007 0.12105294317007066 0.36907215416431433 0.029110939241945747 0.27819125354290014 0.67179191112518322
decision_type=2 2 2 2 2 2 2 2 2 2 2 2 2 2 2 2 2 2 2 2 2 2 2 2 2 2 2 2 2 2
left_child=1 2 3 4 5 7 -7 9 -9 10 -1 -10 -13 -14 -15 -16 -17 18 19 20 -4 22 -22 -24 -25 -8 27 28 -18 -29
right_child=-2 -3 17 -5 -6 6 25 8 11 -11 -12 12 13 14 15 16 26 -19 -20 -21 21 -23 23 24 -26 -27 -28 29 -30 -31
leaf_value=0.0083494696620086024 -0.058578546222225129 0.033613634385908489 -0.06282678269512941 -0.051134749848007734 0.039230651706008451 0.038833542041357312 -0.053842572064292243 -0.053184044799990907 0.055926753880523365 0.021955110557443827 -0.047115005005493996 -0.054648122834212325 0.043903028264025971 -0.055802666260660744 0.028620659164124568 -0.064463969419325418 0.0092843332320669061 0.025635313703838286 -0.054082464184577607 -0.058398572928136508 0.037611395721627902 0.053171056507730678 0.025303928495524111 0.056171113079040762 -0.046107509827060938 -0.0035915972260096769 0.019589422443281147 0.014388153907408744 -0.053428777912057794 -0.028592002202442388
leaf_weight=0.4537350342143428 0.33052680466789652 1.1428952321875829 0.18837863998487492 0.64965566992759782 1.250214675441385 0.31000444456003506 1.0877926269313318 0.43928016780409862 0.35420194733887811 0.47315417486242939 1.1772118383087216 0.30456472409423341 0.5859069109428664 0.36375873017823224 0.95201054844073763 0.34238183381967235 0.72970207710750379 2.1489821809809655 0.4603095962665974 0.36030031298287202 0.97117668250575739 0.63674050569534291 1.2621570895425978 0.19607872725464393 0.74957443657331169 0.33460650127381075 1.7016558852046726 3.4136518412269656 0.94513556675519794 0.55860010418109585
leaf_count=21 64 17 24 12 10 10 207 89 2 12 86 45 14 59 24 30 48 50 61 58 36 2 50 3 150 31 36 156 167 37
internal_value=0.00141164 0.00221952 0.000686239 -0.00365456 -0.00169952 -0.00522194 -0.0275529 -0.00219839 0.00123091 -0.0196225 -0.0316846 0.0035626 0.00168861 0.00347727 0.000847533 0.00323174 8.90865e-05 0.0109114 0.00435322 0.0105164 0.0167175 0.0206445 0.0141296 0.00380036 -0.0249003 -0.0420215 0.00309665 -0.00187318 -0.0261056 0.00834405
internal_weight=24.8743 24.5438 23.4009 16.4272 15.7776 14.5274 1.7324 12.795 10.6909 2.1041 1.63095 10.2516 9.89737 9.5928 9.0069 8.64314 7.69113 6.9737 4.82472 4.36441 4.00411 3.81573 3.17899 2.20781 0.945653 1.4224 7.34875 5.64709 1.67484 3.97225
internal_count=1611 1547 1530 1096 1084 1074 248 826 707 119 107 618 616 571 557 498 474 434 384 323 265 241 239 203 153 238 444 408 215 193
is_linear=0
shrinkage=0.05


Tree=54
num_leaves=31
num_cat=0
split_feature=7 7 7 3 3 0 8 3 7 3 3 0 0 7 4 7 3 7 7 7 4 0 3 7 0 7 0 3 3 7
split_gain=0.492544 0.474597 0.434503 0.40909 0.367604 0.57004 0.483883 0.395608 0.36139 0.3161 0.311523 0.78725 0.440766 0.400927 0.393389 0.387977 0.580531 0.300593 0.30944 0.475501 0.264159 0.223562 0.304855 0.293099 0.3238 0.238377 0.599261 0.200259 0.282592 0.888679
threshold=0.24823594093322757 0.21744287759065631 0.25286036729812628 0.3439572155475617 0.79179209470748912 0.64045259356498729 1.1000000238418581 0.65760493278503429 0.38307331502437597 0.58053377270698558 0.32960823178291326 0.54661411046981823 0.58113190531730663 0.33568607270717626 0.058303298428654678 0.35207463800907141 0.3519608229398728 0.3215776532888413 0.34050792455673223 0.41552206873893743 0.39505125582218176 0.52811041474342357 0.1258705332875252 0.32934233546257025 0.52118885517120372 0.32241795957088476 0.53239566087722789 0.38075001537799841 0.45958939194679266 0.30019125342369085
decision_type=2 2 2 2 2 2 2 2 2 2 2 2 2 2 2 2 2 2 2 2 2 2 2 2 2 2 2 2 2 2
left_child=1 3 -2 -1 5 6 7 10 -7 -5 11 21 -13 -14 27 16 -16 -6 -19 20 -20 22 23 24 -4 -23 -27 -12 29 -29
right_child=2 -3 4 9 17 8 -8 -9 -10 -11 14 12 13 -15 15 -17 -18 18 19 -21 -22 25 -24 -25 -26 26 -28 28 -30 -31
leaf_value=-0.059117005047672068 0.040381577807804825 -0.05850801418858647 -0.057565589753253189 0.032845742880232211 -0.012800278757657005 -0.045756340703866742 -0.055881582533245766 -0.041045745023906621 0.015398759568942417 -0.015772776915186092 0.031522009803471869 -0.055460548852395514 -0.05369849984585108 0.025390759878559956 0.035660427934251691 0.010413774334701564 -0.05493992946444233 0.035756004785397012 -0.032441407902086043 0.02504226731923272 0.0082289212232589653 0.030272498769065789 -0.054674067848098966 0.023828549425016256 0.030534251802942593 0.036261728133540887 -0.055934349224918571 0.028913276832855057 0.019172043221970237 -0.05980682912941987
leaf_weight=0.32324615586549343 0.707524953060786 0.65094232966657717 0.3052057721652075 0.5496876537799833 1.088770544156431 1.1708469039294858 0.38229694869369346 0.53257121972274113 0.30437418445944775 0.85328903561457992 1.580780917429365 1.0092450227821244 0.25300583709031332 0.43703143484890461 0.23476456012576852 1.1714285560883579 0.71621836838312447 1.4376890030689535 0.79134852741844974 1.9109430611133573 0.80580161209218204 1.3283336720196532 0.28111675800755609 0.69779739459045231 0.15843766112811863 0.38817744795233 0.3228310055565089 0.63603348424658201 2.7159539717249572 0.50744478462729603
leaf_count=46 27 98 49 32 73 179 56 64 6 44 68 157 62 19 10 35 119 23 30 13 17 48 36 31 13 8 42 33 131 56
internal_value=-0.000511209 -0.0221266 0.00183764 -0.00840748 0.000549361 -0.0036113 -0.000422179 0.00117479 -0.0331385 0.00327601 0.00293921 -0.00650547 -0.0344044 -0.00360774 0.00940979 -0.00884757 -0.0325739 0.0109838 0.0162196 0.00821323 -0.0119222 0.00711013 -0.00795384 0.00335439 -0.0274598 0.0177658 -0.00559959 0.0165326 0.0103931 -0.0104583
internal_weight=24.2531 2.37717 21.876 1.72622 21.1684 15.1339 13.6587 13.2764 1.47522 1.40298 12.7438 5.18118 1.69928 0.690037 7.56262 2.12241 0.950983 6.03455 4.94578 3.50809 1.59715 3.4819 1.44256 1.16144 0.463643 2.03934 0.711008 5.44021 3.85943 1.14348
internal_count=1625 220 1405 122 1378 1222 1037 981 185 76 917 465 238 81 452 164 129 156 83 60 47 227 129 93 62 98 50 288 220 89
is_linear=0
shrinkage=0.05


Tree=55
num_leaves=31
num_cat=0
split_feature=7 12 12 12 3 7 3 3 7 3 7 6 6 7 3 3 3 12 12 3 7 3 3 3 12 0 12 0 3 12
split_gain=0.569815 0.452549 0.365104 1.21701 0.577807 0.336877 0.418304 0.740751 0.513196 0.512433 0.307476 0.305756 0.399035 0.420923 0.408865 0.392364 0.565726 0.352758 0.809679 0.342265 0.235726 0.220963 0.215199 0.199292 0.19914 0.203569 0.33314 0.302888 0.230611 0.178601
threshold=0.35122287273406988 101.50000000000001 13.500000000000002 3.5000000000000004 0.86529290676116954 0.3444990366697312 0.32960823178291326 0.14949969947338107 0.29060964286327368 0.33964461088180548 0.33768509328365331 0.11023701727390291 0.044124901294708259 0.3229451328516007 0.59842529892921459 0.74061912298202526 0.41332446038722997 46.500000000000007 49.500000000000007 0.9999937415122987 0.33568607270717626 0.48021534085273748 0.44735717773437506 0.13309555500745776 16.500000000000004 0.6018124818801881 47.500000000000007 0.6580030918121339 0.1211330220103264 7.5000000000000009
decision_type=2 2 2 2 2 2 2 2 2 2 2 2 2 2 2 2 2 2 2 2 2 2 2 2 2 2 2 2 2 2
left_child=1 5 3 4 21 6 7 8 -1 -8 11 12 13 15 -14 16 -11 -18 -19 22 -9 -2 -13 -10 -4 26 28 -27 -26 -5
right_child=2 -3 24 29 -6 -7 9 20 23 10 -12 19 14 -15 -16 -17 17 18 -20 -21 -22 -23 -24 -25 25 27 -28 -29 -30 -31
leaf_value=-0.053346349052851974 0.015389821159807039 -0.054629503511007829 0.041091784966608452 -0.051058935689385312 0.038624602298624487 -0.041874679155417489 0.069890771897953299 -0.055724311761914662 0.0054476682701971226 0.012714783051981045 0.028478647508457956 2.7926163328501097e-05 0.032269939622471384 -0.055411129242826922 -0.015163875648262033 0.016026493945798793 -0.055260895370814606 0.06972598904736986 -0.053882839768670268 0.011054641029965614 -0.0029920503747171462 -0.02445494765689642 -0.057519425817193208 0.049592103526205876 0.025429440132272576 -0.027474581176443337 0.035826672648301909 0.019510774498367949 -0.024793281846833222 -0.019275105291510716
leaf_weight=0.32468780281487797 0.6735967730637622 0.48246918409131545 0.82058886508457352 0.80327299213968195 1.635595366358757 0.6004942297004171 0.26842061418574203 1.1563242512056602 1.0051036563236264 1.0461339738685604 0.8448845832608648 0.21555551025085129 1.5664581460878255 0.41467633505817492 0.6398765246849506 1.685385806718841 0.88183210126589961 0.22128850664012134 0.33011357835493982 0.43189790984615684 0.2594907956663518 0.71973134926520288 0.65944514388684183 0.34289023862220336 0.42269626143388528 0.61794816656038143 1.6476446595042942 0.77090657013468444 0.49769554659724236 0.9827062978874892
leaf_count=84 22 61 15 32 12 64 18 233 80 85 40 18 39 82 33 82 173 7 75 14 18 23 102 8 16 38 33 17 35 51
internal_value=-0.000417357 -0.00708596 0.00888261 -0.000834133 0.0184685 -0.00530711 -0.00352105 -0.0194439 0.00308439 0.0018209 -0.000223435 -0.00321997 0.00104517 -0.00737083 0.0185133 -0.00258756 -0.0152407 -0.0356458 -0.00427618 -0.0253657 -0.0460595 -0.00519221 -0.0433427 0.0166767 0.0186755 0.0140267 0.0223669 -0.00139459 -0.00172815 -0.0335704
internal_weight=22.9698 13.3774 9.59238 4.8149 3.02892 12.895 12.2945 3.0885 1.67268 9.20597 8.93755 8.09266 6.78576 4.57943 2.20633 4.16475 2.47937 1.43323 0.551402 1.3069 1.41582 1.39333 0.875001 1.34799 4.77748 3.95689 2.56804 1.38885 0.920392 1.78598
internal_count=1610 1316 294 140 57 1255 1191 423 172 768 750 710 576 504 72 422 340 255 82 134 251 45 120 88 154 139 84 55 51 83
is_linear=0
shrinkage=0.05


Tree=56
num_leaves=31
num_cat=0
split_feature=7 12 12 0 7 12 3 4 12 12 7 12 12 0 6 7 7 0 3 7 7 12 0 0 0 0 7 0 7 4
split_gain=0.390101 0.393841 0.56997 0.490321 0.40659 0.397672 0.39382 0.463422 0.813974 0.37386 0.414439 0.389057 0.561158 0.517401 0.634361 0.332449 0.451778 0.343544 0.321019 0.291678 0.391293 0.268045 0.396882 0.513018 0.504635 0.437783 0.520559 0.344567 0.253873 0.247103
threshold=0.16157821565866473 13.500000000000002 8.5000000000000018 0.49897456169128424 0.47617350518703466 15.500000000000002 0.9999937415122987 0.024872431531548504 5.5000000000000009 23.500000000000004 0.35876084864139562 26.500000000000004 46.500000000000007 0.50406101346015941 0.12105294317007066 0.38515695929527288 0.34313413500785833 0.56268113851547252 0.1211330220103264 0.36968341469764715 0.35876084864139562 51.500000000000007 0.54031535983085643 0.55075579881668102 0.65327399969100963 0.58113190531730663 0.35122287273406988 0.57410290837287914 0.27819125354290014 0.043495764955878265
decision_type=2 2 2 2 2 2 2 2 2 2 2 2 2 2 2 2 2 2 2 2 2 2 2 2 2 2 2 2 2 2
left_child=-1 2 4 -3 6 -5 7 15 19 10 -7 -11 13 -13 -15 16 17 -2 -14 20 -9 -20 -23 -24 25 26 27 -25 -19 -4
right_child=1 3 29 5 -6 9 -8 8 -10 11 -12 12 18 14 -16 -17 -18 28 21 -21 -22 22 23 24 -26 -27 -28 -29 -30 -31
leaf_value=-0.061436875878265573 0.023779908642515838 -0.062656897314992785 -0.057037807127660982 0.033563736573965462 -0.045817325699729551 -0.03729393905645307 0.025525891344000753 -0.04536049649185106 0.01526130359897912 0.029732706526530511 0.009348852443577237 0.047418219442990239 -0.028924417178105129 -0.046597957586684384 0.016896108638871865 0.027320229240798119 -0.055970871083414059 0.0077987808301792187 0.037086745137465481 -0.078186077302694987 0.025773597305759469 -0.06070032015308479 0.047845076205259005 -0.054625694703802345 0.023300677349666003 -0.037961330968688839 0.053433478870948993 0.038578627964141361 -0.053146222530296022 -0.015180753387459842
leaf_weight=0.25635032844729977 1.0426122996723304 0.25493750139139493 0.72343697724863865 1.3041064471472044 0.49734605476260174 1.0311224878532801 1.3277431372553108 0.88415131345391296 0.96628662105649699 1.7552499651210371 0.88500505895353843 0.26283063925802563 0.45437462779227633 1.3079406013130208 0.56258060422260303 1.3009739667177198 0.35843889857642341 0.35160501324571658 1.0860757608897982 0.42990958946757007 0.24742486421018839 0.19308328675106157 0.83356220298446704 0.31077184516470902 1.7564891288056967 0.93920241098385304 0.39646468311548233 0.14562854054383934 0.33243459183722734 0.68785676476545632
leaf_count=33 50 35 99 50 8 158 21 84 39 64 30 2 42 261 37 17 41 20 47 14 6 24 20 50 71 169 6 9 52 50
internal_value=-0.000103645 0.000591143 -0.00741478 0.00602579 -0.00208575 0.00734984 0.000917701 -0.0046072 -0.0208067 0.004482 -0.015751 0.00835724 0.0038089 -0.0182712 -0.0275014 0.00748611 -0.00488922 0.00571492 0.0115112 -0.0431265 -0.0298067 0.0147566 0.00945579 0.012547 0.0042554 -0.0144118 0.0115218 -0.024886 -0.0218197 -0.0366369
internal_weight=22.886 22.6296 9.15022 13.4794 7.73893 13.2245 7.24158 5.91384 2.52777 11.9204 1.91613 10.0043 8.249 2.13335 1.87052 3.38606 2.08509 1.72665 6.11565 1.56149 1.13158 5.66128 4.5752 4.38212 3.54856 1.79207 0.852865 0.4564 0.68404 1.41129
internal_count=1609 1576 501 1075 352 1040 344 323 143 990 188 802 738 300 298 180 163 122 438 104 90 396 349 325 305 234 65 59 72 149
is_linear=0
shrinkage=0.05


Tree=57
num_leaves=31
num_cat=0
split_feature=7 7 7 7 12 7 0 7 0 12 0 7 12 12 7 7 0 0 7 12 12 3 12 3 7 7 12 12 3 12
split_gain=0.513774 0.324248 0.632241 0.469945 0.372509 0.304326 0.289427 0.586655 0.316156 0.287643 0.57823 0.345303 0.502682 0.518556 0.276044 0.408489 0.339688 0.434267 0.241053 0.224395 0.383363 0.207468 0.704119 0.291476 0.175187 0.306436 0.225299 0.363998 0.169769 0.16443
threshold=0.17414723336696628 0.32349976897239691 0.31519578397274023 0.32395556569099432 98.500000000000014 0.31380061805248266 0.77539125084877025 0.30397830903530126 0.71654811501503002 13.500000000000002 0.555088371038437 0.35122287273406988 43.500000000000007 25.500000000000004 0.45487730205059057 0.41764701902866369 0.60584920644760143 0.63454240560531627 0.35800749063491827 46.500000000000007 31.500000000000004 0.3056220561265946 1.0000000180025095e-35 0.3519608229398728 0.21744287759065631 0.25060823559761053 62.500000000000007 87.500000000000014 0.66147875785827648 16.500000000000004
decision_type=2 2 2 2 2 2 2 2 2 2 2 2 2 2 2 2 2 2 2 2 2 2 2 2 2 2 2 2 2 2
left_child=-1 2 4 -3 5 6 7 8 19 10 -5 12 13 28 15 16 -12 -18 -19 20 21 22 -2 -23 -21 -26 -27 -28 -11 -13
right_child=1 3 -4 9 -6 -7 -8 -9 -10 11 14 29 -14 -15 -16 -17 17 18 -20 24 -22 23 -24 -25 25 26 27 -29 -30 -31
leaf_value=-0.060993035013897134 0.052897410049573594 0.045273334562055872 -0.058062954331395959 -0.059121757870875535 -0.053613824275759087 0.057265590432565808 0.05085869803028277 -0.054320919715923455 -0.059990580098784191 -0.054512408180111584 0.015384783336025607 0.040739023933956758 -0.058767693482754915 0.029290157822126572 -0.03060975963147039 0.035575960825165905 -0.062073215832316953 -0.031760365333726177 0.009227037421434138 0.036078380187141913 -0.055384896347655005 0.044890945241816499 -0.055446169800346889 -0.0009754945018710595 -0.054321482870823695 0.026581934906582828 -0.054952537481288893 0.027355429645139817 0.012488289894332961 0.014204732993282676
leaf_weight=0.34309042734094219 0.20897155208512952 0.71618253854103286 0.55832433601608578 0.45013199152890404 0.3500353433191784 0.21858698106370855 0.2457350194454192 0.5436752582900225 0.21589262457564462 0.33992377109825589 1.4561190538806843 0.6929285640362649 0.38035728398244817 0.86787746800109744 0.63930677995085705 0.85376198589801777 0.41231783921830389 0.54040944622829545 1.0669371541589496 0.64428689004853401 0.35047725052572776 0.392406715312973 0.53105550195323303 2.953145839041099 0.19026766368187953 1.0287895989604292 0.26584079780150194 0.2715167123824358 0.13097413268405944 3.709182211314328
leaf_count=45 2 13 91 58 51 13 3 117 21 61 56 13 72 52 11 7 33 39 27 23 95 20 116 228 34 62 69 16 10 137
internal_value=-0.000295653 0.000685467 -0.00653874 0.005972 -0.00311842 -0.000925644 -0.00254765 -0.0042753 -0.000417379 0.00353297 -0.00485681 0.0109602 -0.00804294 0.00636839 5.90933e-05 0.0045877 -0.00302399 -0.0162962 -0.00455343 0.00146384 -0.00519997 -0.000894906 -0.0248517 0.00440427 0.0137773 0.00559687 0.0128762 -0.0133639 -0.035877 0.0183814
internal_weight=21.5685 21.2254 8.96901 12.2564 8.41068 8.06065 7.84206 7.59633 7.05265 11.5402 5.41898 6.12124 1.71913 1.33878 4.96885 4.32955 3.47578 2.01966 1.60735 6.83676 4.43606 4.08558 0.740027 3.34555 2.4007 1.75641 1.56615 0.537358 0.470898 4.40211
internal_count=1595 1550 961 589 870 819 806 803 686 576 231 345 195 123 173 162 155 99 66 665 461 366 118 248 204 181 147 85 71 150
is_linear=0
shrinkage=0.05


Tree=58
num_leaves=31
num_cat=0
split_feature=7 3 12 12 4 0 7 7 3 3 12 12 12 0 0 0 0 12 7 4 4 0 4 12 3 0 12 12 7 7
split_gain=0.495675 0.554891 0.367978 0.364106 0.392644 0.352508 0.321529 0.334343 0.305237 0.523132 0.450892 0.29237 0.276507 0.34675 0.388462 0.46158 0.301078 0.264947 0.339846 0.276308 0.394156 0.413372 0.263801 0.263515 0.256258 0.326921 0.280135 0.710862 0.236252 0.278074
threshold=0.32112815976142889 0.79739060997962963 98.500000000000014 50.500000000000007 0.10190830007195474 0.66786432266235363 0.3229451328516007 0.32923476397991186 0.13309555500745776 0.1386145502328873 97.500000000000014 51.500000000000007 4.5000000000000009 0.54031535983085643 0.55075579881668102 0.56718024611473095 0.54495236277580272 15.500000000000002 0.22601355612277987 0.10575854033231737 0.050559889525175102 0.58655557036399852 0.029110939241945747 72.500000000000014 0.86529290676116954 0.66343435645103466 2.5000000000000004 1.0000000180025095e-35 0.32970482110977178 0.34216937422752386
decision_type=2 2 2 2 2 2 2 2 2 2 2 2 2 2 2 2 2 2 2 2 2 2 2 2 2 2 2 2 2 2
left_child=1 2 8 6 11 -3 -2 -8 10 -10 -1 -5 16 -14 -15 -16 -11 22 -19 20 21 -20 -17 -13 25 26 27 -9 -28 -30
right_child=3 5 -4 4 -6 -7 7 24 9 12 -12 23 13 14 15 17 -18 18 19 -21 -22 -23 -24 -25 -26 -27 28 -29 29 -31
leaf_value=-0.055389743625647164 0.042230725695786404 -0.0051452602196879783 -0.052832584954773158 0.043303168591502211 0.042650626510489432 -0.061322931342628277 -0.03680156257268382 0.021588990278245967 0.052044707200467714 0.021743171007655531 0.056873561390527266 -0.058449042098549175 -0.054486028965446437 0.040319936478993075 -0.053961040006908816 -0.013583580615069583 -0.056456041952192206 0.021988020084989821 0.013702750192813579 -0.054122224129000918 0.025465937106038811 -0.057236526015868233 0.029032724020672515 0.0053750815753502157 0.01830418743595719 -0.038255997053052798 0.045408494584400626 -0.06303856637148296 -0.031245295349698561 0.0078634663959320002
leaf_weight=0.48378513369243759 0.51790732960216601 0.45766023546457268 0.34787576785311092 0.30946654174476795 1.3973360985983161 0.71628782025072724 0.53040978603530575 0.48082252964377215 0.49893359933048476 0.17398140614386637 0.1097271516919136 0.23424899659585208 0.25765959220007051 0.67758771905209858 0.36756727739702899 0.48510272684507061 0.42077943123877048 0.75536428927443955 0.34349333355203249 0.40849741850979615 0.55323574075009674 0.51063915865961462 1.44424554600846 0.52235897909849882 2.3461918081156909 0.53760177292861033 0.36906941269990046 0.51277690602000803 0.50468571402598161 4.5726314390776679
leaf_count=118 17 28 59 3 34 70 69 17 3 8 1 40 46 33 77 60 60 48 40 123 23 144 54 30 40 33 11 35 83 212
internal_value=0.00162407 -0.00736364 -0.00256231 0.00793478 0.0252147 -0.0394222 0.00383073 0.00181253 -0.000227675 0.00273314 -0.0346348 0.00236097 -0.00111221 0.00221535 0.00484974 -8.72873e-05 -0.0335809 0.00431264 -0.00619609 -0.0179201 -0.00741223 -0.028708 0.0183176 -0.0143851 0.00400921 -0.000797435 0.00232956 -0.0220856 0.00678368 0.00397605
internal_weight=21.8479 9.01242 7.83848 12.8355 2.46341 1.17395 10.3721 9.85419 7.4906 6.89709 0.593512 1.06607 6.39815 5.80339 5.54573 4.86815 0.594761 4.50058 2.57123 1.81587 1.40737 0.854132 1.92935 0.756608 9.32378 6.97759 6.43999 0.993599 5.44639 5.07732
internal_count=1619 995 897 624 107 98 517 500 838 719 119 73 716 648 602 569 68 492 378 330 207 184 114 70 431 391 358 52 306 295
is_linear=0
shrinkage=0.05


Tree=59
num_leaves=31
num_cat=0
split_feature=4 4 3 6 6 4 6 6 4 4 12 4 12 4 4 3 12 0 12 4 12 0 0 0 0 12 12 3 12 6
split_gain=0.277685 0.367178 0.335855 0.252336 0.618955 0.667828 0.321184 0.537804 0.391892 0.277472 0.456877 0.571128 0.378197 0.216015 0.581099 0.534408 0.337318 0.298469 0.537727 0.29312 0.425075 0.28148 0.412216 0.37633 0.275038 0.222969 0.641666 0.3097 0.189286 0.185855
threshold=0.91189938783645641 0.88255083560943615 0.47482645511627203 0.059317039325833328 0.071223910897970213 0.039763800799846656 0.019979323260486129 0.019561945460736755 0.2547349631786347 0.045974882319569595 25.500000000000004 0.28953628242015844 62.500000000000007 0.021680841222405437 0.10330102965235712 0.32960823178291326 6.5000000000000009 0.5675877332687379 47.500000000000007 0.35555425286293035 30.500000000000004 0.5440458655357362 0.53157025575637828 0.50153666734695446 0.57647201418876659 1.0000000180025095e-35 2.5000000000000004 0.9999937415122987 2.5000000000000004 0.19356048852205279
decision_type=2 2 2 2 2 2 2 2 2 2 2 2 2 2 2 2 2 2 2 2 2 2 2 2 2 2 2 2 2 2
left_child=1 3 -2 6 -5 -6 7 13 -8 -7 11 29 -12 15 -15 21 28 -17 25 -18 -21 22 23 -1 -23 -19 -27 -28 -16 -11
right_child=2 -3 -4 4 5 9 8 -9 -10 10 12 -13 -14 14 16 17 19 18 -20 20 -22 24 -24 -25 -26 26 27 -29 -30 -31
leaf_value=0.0020513325351498857 0.031140139166321329 0.032845227846359785 -0.06759114975103396 0.03791071723945208 -0.058980839677054489 0.044584082279802158 -0.049086445600273317 0.049621777826437674 0.022382561078979388 -0.06308443138941848 0.037391831540427162 0.0094408394599253959 -0.014649132202179031 -0.062466123084359004 -0.0090096159449730203 0.029888604769222629 0.015129547931576566 0.043082763991759844 -0.053177276635424667 -0.064746427700659373 0.00015639681022275678 -0.055228287532629441 0.020047947524639138 -0.055176477247758704 -0.0057779158549359465 -0.063902286270541217 0.0047850931001709278 0.049818415402802144 -0.064320396997507731 -0.010477596242514903
leaf_weight=0.617227932671091 0.11958368797786434 0.85351019469089706 0.3079513831762597 1.3452405221760262 0.44483186420984555 0.41078115999698672 0.76589039445388951 0.48433629609644491 0.25589702697470784 0.56690645031631015 1.0758214762900022 0.97125644737388939 0.51683023129589845 0.52832621603738594 0.27980373275931958 1.406284653698094 1.6140648901928218 0.42544822208583433 0.38365869992412616 0.34067866008263059 0.97222141257952899 0.69535721564898245 0.93731304793618608 0.53738533216528594 0.47208568686619401 0.30911576235666904 2.4068018757971008 0.45375822857022274 0.34590607287827879 0.23853468219749629
leaf_count=51 8 16 50 23 36 6 98 4 17 44 48 38 45 86 22 56 125 12 96 37 74 133 51 91 59 20 227 3 26 24
internal_value=-9.03576e-05 0.000735209 -0.0399755 -0.000648821 0.00837309 -0.00103177 -0.00417998 -0.00209091 -0.0311877 0.00578746 0.00105749 -0.0163746 0.0205041 -0.00405912 -0.0135403 0.00041689 -0.00626439 0.0100887 0.00309055 0.000859046 -0.016685 -0.0155627 -0.00458605 -0.0245839 -0.0352318 0.00909525 0.0045333 0.0119285 -0.0395866 -0.0475047
internal_weight=21.0828 20.6553 0.427535 19.8018 5.5702 4.22496 14.2316 13.2098 1.02179 3.78013 3.36935 1.7767 1.59265 12.7254 4.081 8.64444 3.55267 5.38507 3.97878 2.92696 1.3129 3.25937 2.09193 1.15461 1.16744 3.59512 3.16968 2.86056 0.62571 0.805441
internal_count=1626 1568 58 1552 264 241 1288 1173 115 205 199 106 93 1169 370 799 284 414 358 236 111 385 193 142 192 262 250 230 48 68
is_linear=0
shrinkage=0.05


Tree=60
num_leaves=31
num_cat=0
split_feature=4 7 4 4 4 6 7 7 0 0 3 0 7 0 3 0 7 0 7 7 0 0 7 4 7 7 7 7 7 7
split_gain=0.401734 0.357102 0.476068 0.374062 0.561366 0.395382 0.305353 0.305767 0.285274 0.308108 0.470818 0.419247 0.344431 0.310595 0.322939 0.551637 0.444274 0.416279 0.397514 0.305098 0.284212 0.54591 0.378661 0.244215 0.233497 0.297401 0.275102 0.200782 0.193097 0.199562
threshold=0.91422188282012951 0.35122287273406988 0.39505125582218176 0.025100587867200378 0.107896875590086 0.051824329420924194 0.3444990366697312 0.16157821565866473 0.71406409144401561 0.55075579881668102 0.32960823178291326 0.54031535983085643 0.33768509328365331 0.57570967078208934 0.60102730989456188 0.64045259356498729 0.20900084078311923 0.63501799106597911 0.31519578397274023 0.29927712678909307 0.62699854373931896 0.61011797189712536 0.39661149680614477 0.37901748716831213 0.27551971375942236 0.29671797156333929 0.32934233546257025 0.28346766531467443 0.38515695929527288 0.35876084864139562
decision_type=2 2 2 2 2 2 2 2 2 2 2 2 2 2 2 2 2 2 2 2 2 2 2 2 2 2 2 2 2 2
left_child=1 6 3 20 -5 -6 7 -1 9 11 -11 24 13 -12 15 17 -16 18 19 23 21 22 28 -15 -9 -26 -27 -13 29 -3
right_child=-2 2 -4 4 5 -7 -8 8 -10 10 12 27 -14 14 16 -17 -18 -19 -20 -21 -22 -23 -24 -25 25 26 -28 -29 -30 -31
leaf_value=-0.061053919827860105 -0.058845255840381618 0.020377706527244403 0.031324909797883188 -0.06656798851399337 -0.026332764705948444 0.02624144031173551 -0.039961936428998847 -0.053446468813272641 0.020960943786922533 -0.042807848372217211 -0.053654827886714232 0.049813387619425928 0.028401601707286134 -0.017532229978688117 0.020230010754136087 -0.056702714364641998 -0.033635631430135093 0.058859386658583528 -0.053378356210357664 0.034194285363919164 -0.020999433571416606 0.042862065242038588 -0.037856208044859348 0.048237590247931554 0.028705832586440327 -0.056536997964769534 0.0082296769854412373 0.012323426722164191 0.034751180350253555 -0.016639327405605042
leaf_weight=0.21252611291129575 0.2735633283155029 0.72787553700618379 2.0060924093704671 0.41740198514889915 0.73256426386069484 0.6986834304407239 0.54496129858307618 0.24449623067630311 1.3581022301223118 0.90609232056885947 0.35596167296171177 0.65248717181384541 0.71610094443894912 0.8307795124128472 0.50782396527938578 0.31625372444977973 1.5547951198532244 0.41911018756218243 0.26161864475579921 0.86439991707447905 0.59301159204915155 1.279872423969209 0.46661798935383547 0.17002937686629593 0.51553959317970999 0.30744484614115208 0.35130399605259299 0.78898275090614334 0.64341329596936692 0.72850623715203255
leaf_count=29 68 35 34 27 36 20 63 60 40 202 65 20 35 129 18 70 206 12 54 47 35 19 20 17 39 57 30 51 13 48
internal_value=0.00133937 0.00215554 0.0101169 0.0033507 -0.0155473 -0.000667937 -0.00340324 -0.0016454 -0.000510115 -0.00349682 -0.00921437 0.010302 -0.00413859 -0.00855121 -0.00529116 0.00557799 -0.0203737 0.0133144 0.0043394 0.012435 0.0112204 0.016188 0.00288557 -0.00635847 -0.00899316 0.000262374 -0.0219976 0.0292934 0.0119392 0.00186117
internal_weight=20.4464 20.1728 8.29404 6.28795 1.84865 1.43125 11.8788 11.3338 11.1213 9.76322 6.90297 2.86025 5.99687 5.28077 4.92481 2.86219 2.06262 2.54594 2.12683 1.86521 4.4393 3.84629 2.56641 1.00081 1.41878 1.17429 0.658749 1.44147 2.0998 1.45638
internal_count=1599 1531 287 253 83 56 1244 1181 1152 1112 855 257 653 618 553 329 224 259 247 193 170 135 116 146 186 126 87 71 96 83
is_linear=0
shrinkage=0.05


Tree=61
num_leaves=31
num_cat=0
split_feature=4 7 7 6 6 3 6 3 3 3 7 12 3 7 3 7 7 6 4 12 6 7 12 12 7 7 12 12 3 7
split_gain=0.42975 0.359065 0.287372 0.265498 0.372706 0.535488 0.483281 0.310781 0.333983 0.531921 0.478477 0.414769 0.282051 0.271047 0.236049 0.534932 0.228658 0.217111 0.373885 0.253696 0.320933 0.291551 0.213202 0.187406 0.270924 0.191119 0.184186 0.295839 0.371543 0.209234
threshold=0.91189938783645641 0.38216309249401098 0.37388662993907934 0.019561945460736755 0.094888828694820418 0.95996761322021495 0.12312184646725656 0.57239133119583141 0.32960823178291326 0.33219572901725775 0.35464857518672949 42.500000000000007 0.93225258588790905 0.29629880189895635 0.47482645511627203 0.39028607308864599 0.27551971375942236 0.019979323260486129 0.021412626840174202 61.500000000000007 0.083485122770071044 0.32923476397991186 96.500000000000014 11.500000000000002 0.32112815976142889 0.32241795957088476 46.500000000000007 49.500000000000007 0.37627542018890386 0.27551971375942236
decision_type=2 2 2 2 2 2 2 2 2 2 2 2 2 2 2 2 2 2 2 2 2 2 2 2 2 2 2 2 2 2
left_child=1 2 3 7 17 6 -6 8 11 -10 26 23 16 22 15 -3 -9 -5 -19 20 21 -20 -13 24 -1 -26 29 -28 -29 -11
right_child=-2 14 -4 4 5 -7 -8 12 9 10 -12 13 -14 -15 -16 -17 -18 18 19 -21 -22 -23 -24 -25 25 -27 27 28 -30 -31
leaf_value=-0.054691594612754649 -0.060294816922670504 0.031991211213781005 -0.056430964586070088 0.048909648698983156 0.0083093666321963893 0.022394584683477485 -0.047851411921995372 -0.017278274571589262 0.0835599061412578 -0.05404798543971099 0.04187426389038016 -0.054418136329836081 0.0056079685936474624 0.012086895486129751 0.019372341881914914 -0.039580825294403738 -0.056091309135930169 -0.034931010713735826 -0.05753872618709608 0.03790518203797405 0.027436553632487953 0.0069301758002068732 0.015386914213864292 -0.054782405964240458 0.046970586865681771 -0.01906228465918279 0.064107346398443107 0.022754441950745007 -0.052389188671192445 -0.0084337430789310202
leaf_weight=0.30901144590461826 0.30270755529636417 0.46856848429888376 0.25607725558802563 0.43964495183900121 0.62078470131382379 0.8637936608865856 1.0003482560859991 0.76461063843453325 0.21697765169665251 0.3126528611173861 0.62185455730650563 0.32730374333914358 0.53745445422828186 1.3949124811915679 3.1849258681759238 0.58952792594209313 0.75333379488438368 0.38141843979246948 0.28873503830982394 0.99035554088186462 0.79570998717099428 0.44665391417220235 0.16429074853658676 0.64720470237080008 0.1750374361872673 0.29301160795148462 0.20244025951251376 0.45552811538800597 0.25748087209649384 1.2832974966731852
leaf_count=65 67 8 23 4 33 22 133 64 5 68 17 67 20 82 48 34 153 58 38 22 17 24 10 192 2 45 10 27 80 168
internal_value=-0.00118745 -0.000247876 -0.00392406 -0.00299956 0.00526255 -0.00940287 -0.0263456 -0.00852328 -0.00327874 0.00785112 0.00260829 -0.0145413 -0.0255194 0.000835846 0.0125749 -0.00788579 -0.0365406 0.0161653 0.0112061 0.0181852 0.00542975 -0.0183822 -0.0310893 -0.034909 -0.0183566 0.00563219 -0.00711447 0.0107641 -0.00438133 -0.0173697
internal_weight=19.3457 19.0429 14.7999 14.5438 5.82744 2.48493 1.62113 8.7164 6.661 3.35023 3.13325 3.31077 2.0554 1.88651 4.24302 1.0581 1.51794 3.34252 2.90287 2.52145 1.5311 0.735389 0.491594 1.42427 0.77706 0.468049 2.5114 0.915449 0.713009 1.59595
internal_count=1606 1539 1449 1426 351 188 166 1075 838 375 370 463 237 159 90 42 217 163 159 101 79 62 77 304 112 47 353 117 107 236
is_linear=0
shrinkage=0.05


Tree=62
num_leaves=31
num_cat=0
split_feature=12 12 12 0 12 7 6 6 3 3 0 7 7 12 4 12 7 12 6 0 3 3 12 7 4 3 7 12 7 0
split_gain=0.394627 0.502117 0.632013 0.601753 0.339371 0.318661 0.307713 0.285234 0.217438 0.318265 0.363187 0.229379 0.522813 0.297571 0.215105 0.276243 0.326493 0.242582 0.327734 0.21424 0.210902 0.526661 0.350214 0.319155 0.199221 0.195906 0.187848 0.18464 0.175058 0.207685
threshold=103.50000000000001 46.500000000000007 28.500000000000004 0.50492119789123546 24.500000000000004 0.38767705857753759 0.019561945460736755 0.12105294317007066 0.3056220561265946 0.1386145502328873 0.52811041474342357 0.37243685126304632 0.35876084864139562 1.5000000000000002 0.059828849509358413 57.500000000000007 0.20731281489133838 51.500000000000007 0.10048875212669374 0.52229520678520214 0.9999937415122987 0.82271087169647228 15.500000000000002 0.25203402340412145 0.34757031500339514 0.63763511180877697 0.23620872944593432 13.500000000000002 0.27743867039680487 0.58448961377143871
decision_type=2 2 2 2 2 2 2 2 2 2 2 2 2 2 2 2 2 2 2 2 2 2 2 2 2 2 2 2 2 2
left_child=1 2 4 -4 8 6 26 -5 9 10 -1 12 13 -10 15 -3 -17 -16 25 -18 21 22 23 -15 -11 -19 -6 28 -25 -30
right_child=-2 14 3 7 5 -7 -8 -9 11 24 -12 -13 -14 20 17 16 19 18 -20 -21 -22 -23 -24 27 -26 -27 -28 -29 29 -31
leaf_value=-0.053321639096676102 -0.053375262950698679 0.02076291644166103 0.038784399228990483 -0.060244869272831396 0.020600811018554151 0.054890851314900138 0.026586536430689669 -0.0060701175092268411 -0.039713721985242062 -0.054393811454575718 0.022332697763559995 0.010186451504087084 -0.061628167999182727 -0.056248311590206185 0.059883892356662 0.034129859784549903 0.0057669763900355707 0.0023739947640631399 -0.027391309431765178 -0.044666480617248094 0.023533601130886535 -0.060755164143314881 -0.029383263866327194 0.027147015319425101 0.0087196131218195746 0.038543689618560514 -0.054764728619037542 0.035230178367063526 0.017745010729567464 -0.018682879104104055
leaf_weight=0.21857337385882292 0.35292243701405723 1.1527053164318197 0.23783558933064242 1.0307878734311087 0.12231775163672753 0.47982999682426442 0.63957159157143906 0.31789861258584995 0.49679094355087539 0.67388436096371152 0.57850228488678113 3.0068328692577779 0.4044656823389231 0.17727610177826214 0.40198368800338391 0.27864046336617299 0.31914228748064488 0.56317524926271323 0.34030374349094916 0.61898438038770109 0.85174377681687463 0.36964293068740506 0.73529381852131326 0.68024720239918757 0.15351960016414523 1.1166672534309325 0.25514117639977485 0.70185008144471783 0.68262029264587887 0.91672779957298189
leaf_count=64 60 67 7 231 8 3 24 38 51 126 40 64 32 29 22 11 21 68 40 137 20 37 122 29 12 28 48 28 36 119
internal_value=-0.00100011 -2.19739e-06 -0.00486516 -0.0345441 -0.000988091 0.0213042 0.00545815 -0.0474753 -0.00412187 -0.0209616 0.00158683 -0.00109025 -0.0067258 -0.00276904 0.0139337 0.00322271 -0.013394 0.0244118 0.0173532 -0.0275095 0.000818908 -0.00371877 0.00169546 0.00893003 -0.0426835 0.0264176 -0.0303421 0.0128055 0.00590134 -0.00313503
internal_weight=18.8759 18.523 13.7314 1.58652 12.1448 1.49686 1.01703 1.34869 10.648 1.62448 0.797076 9.02349 6.01666 5.61219 4.7916 2.36947 1.21677 2.42213 2.02015 0.938127 5.1154 4.26366 3.89402 3.15872 0.827404 1.67984 0.377459 2.98145 2.2796 1.59935
internal_count=1622 1562 1168 276 892 83 80 269 809 242 104 567 503 471 394 236 169 158 136 158 420 400 363 241 138 96 56 212 184 155
is_linear=0
shrinkage=0.05


Tree=63
num_leaves=31
num_cat=0
split_feature=0 12 12 0 12 4 12 12 7 7 12 12 0 0 4 12 12 0 0 4 12 4 0 0 4 4 0 12 12 12
split_gain=0.36686 0.338951 0.219463 0.52208 0.470909 0.454012 0.46495 0.413394 0.34697 0.342826 0.33653 0.365596 0.272683 0.441355 0.269355 0.197121 0.299565 0.267813 0.282585 0.263541 0.193874 0.365096 0.182292 0.26312 0.251063 0.397495 0.249686 0.188375 0.180246 0.353062
threshold=0.49897456169128424 103.50000000000001 24.500000000000004 0.65849256515502941 92.500000000000014 0.24625033140182498 26.500000000000004 42.500000000000007 0.47617350518703466 0.40771275758743292 67.500000000000014 96.500000000000014 0.58113190531730663 0.58299937844276439 0.10737730190157892 4.5000000000000009 18.500000000000004 0.64657899737358104 0.59654414653778087 0.2547349631786347 6.5000000000000009 0.10330102965235712 0.66973870992660534 0.66160073876380932 0.045974882319569595 0.46106496453285223 0.71406409144401561 13.500000000000002 51.500000000000007 48.500000000000007
decision_type=2 2 2 2 2 2 2 2 2 2 2 2 2 2 2 2 2 2 2 2 2 2 2 2 2 2 2 2 2 2
left_child=-1 2 8 5 -5 6 -4 -8 9 12 -9 -12 14 -14 20 17 22 18 -15 -18 -2 -22 23 24 27 -26 -24 -17 29 -7
right_child=1 -3 3 4 -6 28 7 10 -10 -11 11 -13 13 15 -16 16 19 -19 -20 -21 21 -23 26 -25 25 -27 -28 -29 -30 -31
leaf_value=-0.060582947959683525 0.00026652518252271682 -0.053029173801766707 0.035118795847336529 -0.048135000665872271 0.025666519122278526 0.02566205125793844 -0.04363367276328764 0.012530011058213315 -0.045144569227130893 0.02384709267306423 -0.054307294177897585 0.023236880399853291 0.05441928730457847 0.013560821774310151 -0.057267982665588482 0.0024859165536527087 -0.056304194316070914 -0.0035350950800070858 -0.060529739120829956 0.0052588394707491076 -0.052670704602664542 0.058616706629273374 -0.039635827217940428 0.046049648435893514 -0.045167516877715169 0.035374929831541252 0.016324275348670033 0.035017320154294838 0.0099619704445588417 0.081631068309194421
leaf_weight=0.25948869850253942 1.0569568052887937 0.30431023857090522 0.90267103363294054 0.72282776026986517 0.30835124547593296 0.92302843811921753 0.58153499857871827 2.1148443914717068 0.49834495410323221 1.1067368406802423 0.44736479630228121 0.23022178024984896 0.34286316914949555 0.1712771055754273 0.42167282954324026 1.0505716564948682 0.37932671775342885 1.2970752312103284 0.51765877939760685 0.32090397260617465 0.48707081202883262 0.086836978793144226 0.43041782779619087 0.50469148019328702 0.47138480271678407 0.22693419142160565 0.37127464869990945 0.77200069080572564 0.61247024929616589 0.4055808954872191
leaf_count=52 73 57 32 98 13 64 169 173 13 20 112 14 6 16 62 88 62 54 60 26 132 2 46 11 53 11 12 34 43 6
internal_value=-0.00155412 -0.000706326 0.000190058 0.00688338 -0.0260663 0.0123479 0.00324547 -0.00528192 -0.00442466 -0.00239858 0.00270499 -0.0279603 -0.00565903 -0.000872894 -0.0216468 -0.0037834 0.00197749 -0.0169165 -0.04211 -0.0280909 -0.0124367 -0.035832 0.00747875 0.0130958 0.00649831 -0.0189935 -0.0137199 0.0162655 0.0324027 0.0427476
internal_weight=18.3267 18.0672 17.7629 7.2489 1.03118 6.21772 4.27664 3.37397 10.514 10.0157 2.79243 0.677587 8.90892 6.85638 2.05254 6.51352 4.52751 1.98601 0.688936 0.700231 1.63086 0.573908 3.82728 3.02558 2.52089 0.698319 0.801692 1.82257 1.94108 1.32861
internal_count=1614 1562 1505 724 111 613 500 468 781 768 299 126 748 479 269 473 343 130 76 88 207 134 255 197 186 64 58 122 113 70
is_linear=0
shrinkage=0.05


Tree=64
num_leaves=31
num_cat=0
split_feature=12 12 4 3 6 8 12 12 0 3 3 3 12 12 12 0 12 3 6 6 4 3 0 4 0 0 12 3 0 0
split_gain=0.306253 0.443633 0.422806 0.332976 0.359184 0.274663 0.266056 0.197544 0.613909 0.476578 0.508719 0.727532 0.272709 0.336082 0.483872 0.281766 0.271475 0.437997 0.530376 0.227716 0.482449 0.274718 0.353415 0.360029 0.298121 0.2979 0.363086 0.229752 0.196122 0.459124
threshold=46.500000000000007 51.500000000000007 0.30000026524066931 0.9999937415122987 0.23025272786617282 1.1000000238418581 54.500000000000007 35.500000000000007 0.50492119789123546 0.13309555500745776 0.1386145502328873 0.27557374536991125 25.500000000000004 16.500000000000004 13.500000000000002 0.68672966957092296 26.500000000000004 0.38075001537799841 0.21670634299516681 0.061920523643493659 0.19592410326004031 0.34672090411186224 0.56638857722282421 0.10737730190157892 0.63597232103347789 0.63454240560531627 1.0000000180025095e-35 0.52408653497695934 0.54031535983085643 0.55075579881668102
decision_type=2 2 2 2 2 2 2 2 2 2 2 2 2 2 2 2 2 2 2 2 2 2 2 2 2 2 2 2 2 2
left_child=3 2 -2 4 5 7 -3 9 -9 -1 -11 -12 13 14 19 -15 -14 -18 -19 20 21 -13 -23 24 25 26 -24 -21 -8 -30
right_child=1 6 -4 -5 -6 -7 28 8 -10 10 11 12 16 15 -16 -17 17 18 -20 27 -22 22 23 -25 -26 -27 -28 -29 29 -31
leaf_value=-0.053618911637747985 0.010600813853855544 -0.05780850094325897 0.068049713251689695 0.016891431218338939 -0.059291435346285996 -0.055771204724971116 -0.021883799233234108 0.040080019171339847 -0.06061458298702186 0.050885749001006897 -0.053627948180464957 -0.057712580555215609 0.047311012651923778 -0.043511047578651187 0.029938557560408648 0.021793746062067368 0.048551118460138772 -0.059289823351605223 0.053118478680309326 0.029823807812514709 -0.06189679223581121 0.033449571376772076 0.033877956848084999 0.031978492219382093 -0.059345345596178933 0.043448439651984555 -0.037975137850874835 -0.0066112534088152422 0.046039260330578036 3.7679199449001358e-05
leaf_weight=0.43131281319073878 0.72298874938860425 0.17557588173076544 0.57497450150549412 1.7240078747272498 0.31546173163224089 0.26205018925247792 0.56949097180040587 0.21908694272860962 0.4897016299655661 0.4691667752340426 0.64673141433740866 0.23040438862517376 0.59024734329432227 0.77900267526274536 1.2207600696710867 0.20961879403330386 0.32118869433179498 0.35584282083436847 0.14882436394691467 0.76780902734026291 0.4373397611780091 0.58433342864736948 0.23048453312367179 0.39368402282707382 0.39088951295707364 0.22044025571085513 0.74124530330300331 0.99126918811816722 0.69151900999713722 2.5154228958417661
leaf_count=119 45 29 13 41 46 51 58 7 126 5 143 35 10 127 50 8 28 71 1 20 51 14 10 18 51 4 93 42 21 299
internal_value=0.000476403 0.0106878 0.0360496 -0.00359389 -0.00667917 -0.00518815 0.00235814 -0.00396864 -0.0294898 -0.00218832 9.16714e-05 -0.00248183 0.00135845 -0.0025879 0.00172356 -0.0296644 0.0214156 0.00290794 -0.0261411 -0.0051819 -0.0130674 -0.00541732 -0.000712634 -0.0108111 -0.0214523 -0.00902787 -0.0209323 0.00929206 0.00515544 0.00995709
internal_weight=18.4209 5.24997 1.29796 13.1709 11.4469 11.1314 3.95201 10.8694 0.708789 10.1606 9.72928 9.26012 8.61338 7.19728 6.20866 0.988621 1.4161 0.825856 0.504667 4.9879 3.22882 2.79148 2.56108 1.97674 1.58306 1.19217 0.97173 1.75908 3.77643 3.20694
internal_count=1636 465 58 1171 1130 1084 407 1033 133 900 781 776 633 523 388 135 110 100 72 338 276 225 190 176 158 107 103 62 378 320
is_linear=0
shrinkage=0.05


Tree=65
num_leaves=31
num_cat=0
split_feature=7 6 7 7 7 7 12 4 4 6 6 7 7 12 3 3 4 7 7 0 3 12 12 0 12 12 0 0 12 7
split_gain=0.284359 0.278463 0.462851 0.536635 0.392167 0.4845 0.346536 0.352251 0.594685 0.259064 0.406186 0.435346 0.318998 0.255907 0.230533 0.463472 0.357433 0.263592 0.257083 0.233664 0.208424 0.192842 0.280913 0.180674 0.182459 0.178606 0.177503 0.338229 0.191978 0.413573
threshold=0.16157821565866473 0.059317039325833328 0.29671797156333929 0.25286036729812628 0.24956940859556201 0.18425646424293521 25.500000000000004 0.045974882319569595 0.39505125582218176 0.019979323260486129 0.019561945460736755 0.35800749063491827 0.35238148272037512 17.500000000000004 0.41332446038722997 0.74061912298202526 0.74613142013549816 0.28805068135261541 0.26849241554737097 0.49897456169128424 0.94527024030685436 87.500000000000014 55.500000000000007 0.50153666734695446 54.500000000000007 48.500000000000007 0.63661944866180431 0.62514308094978344 50.500000000000007 0.38515695929527288
decision_type=2 2 2 2 2 2 2 2 2 2 2 2 2 2 2 2 2 2 2 2 2 2 2 2 2 2 2 2 2 2
left_child=-1 9 3 4 5 -3 7 -4 -9 10 11 12 14 -11 16 -16 18 -17 -2 -20 -15 22 23 -21 25 -25 27 28 29 -13
right_child=1 2 6 -5 -6 -7 -8 8 -10 13 -12 26 -14 20 15 17 -18 -19 19 21 -22 -23 -24 24 -26 -27 -28 -29 -30 -31
leaf_value=-0.060429949619388516 -0.035678865861745318 0.038005602586629467 0.029150229795600016 -0.056577226763272884 0.045051534957807386 -0.058493318536959639 0.035593553822163053 -0.047692293064206401 0.017216550237316126 -0.061551218800266511 0.048512564740766283 -0.032087253395605191 -0.058702128945249815 -0.030541461170895668 -0.044122322347631332 0.015116186669835691 0.06957175010607447 -0.031743957754894442 -0.065456892970184102 0.051599476141577928 0.040719363064696937 0.034977648308221469 -0.054014367279838695 -0.00045311644920732172 0.050346594751232356 -0.057306255632252237 -0.012383219644081388 0.045952708913397845 0.02900342558602664 0.014717230520835265
leaf_weight=0.20216375601012515 0.58916852215770532 0.21458038501441368 0.94672482402529645 0.5146701816120185 0.39275184599682689 0.33028344647027552 1.5812471579993141 0.60881258454173781 0.83939581480808556 0.38868572562933046 0.36966030392795879 0.73936666222289327 0.35860468843020488 0.30272904981393367 1.2115025130333381 0.85729640070348956 0.16578465839847911 0.46172906900756061 0.12813827663194421 0.18075100984424475 0.15522048203274608 0.41624142613727588 0.23332338617183257 1.6272289636544881 0.16074277227744449 0.15095798205584277 0.86552721145562816 0.63207527971826483 0.64900991041213263 1.3050461979582904
leaf_count=32 130 5 21 84 7 46 59 56 25 43 4 56 56 66 316 42 7 59 24 2 4 21 59 268 4 18 34 8 16 37
internal_value=-0.00147234 -0.000786437 0.00860402 -0.0155539 0.00696443 -0.0204897 0.0174276 0.00543359 -0.0100705 -0.00505262 -0.00301954 -0.00479446 -0.0128549 -0.0317131 -0.0101958 -0.0217948 -0.00215938 -0.00128736 -0.00557018 0.000552272 -0.00638784 0.00360664 -0.00194282 0.00378894 -0.000668054 -0.00527963 0.00778652 0.0130361 0.00531143 -0.00220972
internal_weight=17.5794 17.3773 5.42847 1.45229 0.937616 0.544864 3.97618 2.39493 1.44821 11.9488 11.1022 10.7325 6.54147 0.846635 6.18286 2.53053 3.65234 1.31903 3.48655 2.89738 0.45795 2.76925 2.353 2.11968 1.93893 1.77819 4.19103 3.3255 2.69342 2.04441
internal_count=1609 1577 303 142 58 51 161 102 81 1274 1161 1157 1006 113 950 417 533 101 526 396 70 372 351 292 290 286 151 117 109 93
is_linear=0
shrinkage=0.05


Tree=66
num_leaves=31
num_cat=0
split_feature=7 0 0 3 3 3 3 3 3 6 6 3 7 3 7 12 12 0 0 7 6 6 3 7 12 7 7 7 7 3
split_gain=0.245061 0.390498 0.437373 0.204107 0.185253 0.379518 0.346297 0.264677 0.207308 0.428841 0.276801 0.326408 0.498113 0.300015 0.343337 0.316665 0.394434 0.577362 0.260271 0.256418 0.246152 0.378683 0.278599 0.268354 0.356577 0.156767 0.211112 0.138022 0.172318 0.116701
threshold=0.24823594093322757 0.62514308094978344 0.57647201418876659 0.33219572901725775 0.14949969947338107 0.11837169528007509 0.20353773981332782 1.0000000180025095e-35 0.79179209470748912 0.12312184646725656 0.081176627427339568 0.3519608229398728 0.37243685126304632 0.34672090411186224 0.37388662993907934 59.500000000000007 50.500000000000007 0.56718024611473095 0.51332741975784313 0.39661149680614477 0.059317039325833328 0.0767318829894066 0.95996761322021495 0.3229451328516007 16.500000000000004 0.33568607270717626 0.29060964286327368 0.3444990366697312 0.34313413500785833 0.74061912298202526
decision_type=2 2 2 2 2 2 2 2 2 2 2 2 2 2 2 2 2 2 2 2 2 2 2 2 2 2 2 2 2 2
left_child=1 2 -1 -4 5 7 -6 -2 9 10 11 13 18 14 15 16 17 -8 -13 -14 23 -22 -23 -10 -25 26 -19 28 -20 -3
right_child=4 29 3 -5 6 -7 8 -9 20 -11 -12 12 19 -15 -16 -17 -18 25 27 -21 21 22 -24 24 -26 -27 -28 -29 -30 -31
leaf_value=-0.053815154547692368 0.0047608556212787962 -0.060694045734621817 0.054083520991111703 -0.0019297571501818512 -0.054754575788656834 0.03518833173287686 -0.055353587558965828 -0.056146241417967126 0.019741680468744346 -0.044872693753410645 0.017281258310611208 0.051721805396668055 0.023598936319403158 0.046731730826041415 -0.058904181937455814 -0.057057200250024434 0.044928049293021084 0.052026129317979834 -0.03161852816715395 -0.017448468762128355 0.052724298659278759 -0.023102966938857963 0.02284471356912874 -0.04399007851376982 0.011944891452493285 0.039492873736742595 -0.053350779401303741 -0.058657158435402125 0.035355900914049568 -0.024315534301142055
leaf_weight=0.24978053913219145 0.90463198482757368 0.48598330747336149 0.30239981203339994 0.35188761522294953 0.31988198860199091 0.98950352141400788 0.372573902044677 0.22217690537218004 0.66125876817386542 0.6684432413894682 1.3674204726703463 0.092059038579464736 0.87240398954600074 0.3956528843846171 0.22636851365678001 0.17727416212437663 0.61470271414145816 0.076284179929643869 1.7409238994587215 0.67472311109304428 0.60520634055137668 0.53194535360671558 0.86861129105091095 0.6681891339831052 0.49673390272073448 0.44263353361748159 0.12609143991721794 0.4556547466199844 0.10164772649295617 0.40349856484681368
leaf_count=77 90 59 12 45 80 42 90 66 43 114 51 1 25 8 18 43 16 16 402 23 2 32 23 28 20 14 40 84 7 31
internal_value=-0.00322411 -0.0206706 0.00247084 0.0239586 -0.00109154 0.0125933 -0.00339799 -0.00724841 -0.00205548 -0.00644977 -0.00312994 -0.00751222 -0.0164074 0.00689156 -0.000850798 0.00641144 0.0133044 -0.00579878 -0.030715 0.00569761 0.00758279 0.0196747 0.00539333 -0.00569817 -0.0201389 0.0228254 -0.0136296 -0.0340171 -0.0279238 -0.0441915
internal_weight=16.4665 1.79355 0.904068 0.654287 14.673 2.11631 12.5567 1.12681 12.2368 8.40486 7.73641 6.36899 3.93741 2.43158 2.03593 1.80956 1.63229 1.01758 2.39029 1.54713 3.83194 2.00576 1.40056 1.82618 1.16492 0.645009 0.202376 2.29823 1.84257 0.889482
internal_count=1602 224 134 57 1378 198 1180 156 1100 952 838 787 542 245 237 219 176 160 494 48 148 57 55 91 48 70 56 493 409 90
is_linear=0
shrinkage=0.05


Tree=67
num_leaves=31
num_cat=0
split_feature=7 7 4 4 0 0 7 6 7 7 6 7 7 0 7 7 4 4 0 0 4 7 4 3 3 3 7 7 0 3
split_gain=0.191371 0.142316 0.216343 0.190656 0.248466 0.1569 0.316269 0.140506 0.278503 0.49777 0.260053 0.2752 0.432113 0.414885 0.224938 0.485006 0.218823 0.180265 0.17805 0.244246 0.272502 0.171485 0.323858 0.159246 0.315496 0.283698 0.283513 0.275531 0.147869 0.313718
threshold=0.17414723336696628 0.37243685126304632 0.90604233741760265 0.61849743127822887 0.63501799106597911 0.61364063620567333 0.40936672687530523 0.019561945460736755 0.20322809368371966 0.22601355612277987 0.019979323260486129 0.19116725027561191 0.24956940859556201 0.58169397711753856 0.25286036729812628 0.29671797156333929 0.60759925842285167 0.30000026524066931 0.72374483942985546 0.65681111812591564 0.47690545022487646 0.26849241554737097 0.54029431939125072 0.41332446038722997 0.52408653497695934 0.32960823178291326 0.30037905275821691 0.35876084864139562 0.58655557036399852 0.76438340544700634
decision_type=2 2 2 2 2 2 2 2 2 2 2 2 2 2 2 2 2 2 2 2 2 2 2 2 2 2 2 2 2 2
left_child=-1 2 7 4 5 6 -3 8 -2 17 -9 -12 -13 -14 -15 -16 21 -10 19 -17 -21 22 -11 25 -25 26 -23 -28 -26 -30
right_child=1 3 -4 -5 -6 -7 -8 10 9 16 11 12 13 14 15 18 -18 -19 -20 20 -22 23 -24 24 28 -27 27 -29 29 -31
leaf_value=-0.036820612726590519 -0.061445113058712919 0.014957996984722772 -0.05697215546891754 0.03088473515413151 -0.022148744095520197 0.026857261690031095 -0.030580820028553991 0.047909913953793487 0.010747177223969494 -0.054064529626489922 0.054902791040865928 -0.058898194768703595 -0.05391180132090341 0.045966028891746086 -0.041946629392056081 0.01469695102571443 -0.056218112733029305 0.060467242175679219 0.033972804693983748 -0.059034821679353248 0.012262414827869822 -0.053104084868644888 0.057113210229976633 -0.054864172529538839 0.024942967991421806 0.020401163336283487 0.0055402707370725375 -0.056511561961453731 -0.052485303998742155 0.0019281345377744324
leaf_weight=0.34298161999322729 0.21571283880621184 1.343390224734321 0.17549009970389384 0.79035183042287815 0.73563142120838154 0.96352221560664464 0.53236065432429303 0.33670651633292425 0.36874388938304026 0.39181913097854693 0.23617254733107973 0.2953110416419803 0.28897369577316601 0.3579291179776195 0.48537083819974247 1.6132360260235152 0.22973077371716488 0.36055139754898846 0.70253900298848737 0.27469457092229266 0.26169399125501513 0.30980616828310381 0.078651212155818939 0.40061792649794403 0.32274444820359338 1.3522483889828434 1.6117438798537476 0.20123234286438663 0.36267668084474258 0.98244884563609958
leaf_count=49 30 47 61 12 30 18 23 4 35 129 4 42 61 7 74 95 44 9 8 33 14 103 2 121 17 112 214 24 137 70
internal_value=0.000147462 0.000912104 -0.00185677 0.00866122 0.00374798 0.0104576 0.00203353 -0.00105352 -0.00549107 -0.00376011 0.0055203 0.00235974 -0.000539785 0.00378551 0.00829726 0.00425753 -0.00832577 0.0353279 0.0121204 0.00497859 -0.0242502 -0.00649631 -0.0354783 -0.00403665 -0.0150208 0.00250156 -0.00890078 -0.00134721 -0.00545048 -0.012743
internal_weight=16.9251 16.5821 12.2168 4.36526 3.5749 2.83927 1.87575 12.0414 7.18873 6.97302 4.85263 4.51592 4.27975 3.98444 3.69546 3.33753 6.24372 0.729295 2.85216 2.14962 0.536389 6.01399 0.47047 5.54352 2.06849 3.47503 2.12278 1.81298 1.66787 1.34513
internal_count=1629 1580 1450 130 118 88 70 1389 1047 1017 342 338 334 292 231 224 973 44 150 142 47 929 131 798 345 453 341 238 224 207
is_linear=0
shrinkage=0.05


Tree=68
num_leaves=31
num_cat=0
split_feature=7 12 12 4 6 6 3 3 4 4 7 7 3 7 4 12 7 7 4 3 6 6 7 12 3 3 4 3 12 12
split_gain=0.349043 0.295397 0.394253 0.336768 0.32477 0.473417 0.27035 0.440654 0.253505 0.236714 0.33944 0.355301 0.313309 0.332931 0.304076 0.331964 0.400109 0.244987 0.23818 0.281987 0.231175 0.220704 0.265847 0.224002 0.219795 0.264943 0.223346 0.201205 0.181374 0.205399
threshold=0.17414723336696628 46.500000000000007 51.500000000000007 0.30000026524066931 0.10048875212669374 0.044124901294708259 0.37627542018890386 0.14569689333438876 0.54029431939125072 0.47690545022487646 0.47617350518703466 0.43887381255626684 0.59842529892921459 0.24956940859556201 0.10737730190157892 15.500000000000002 0.35800749063491827 0.39318042993545538 0.2547349631786347 0.9999937415122987 0.017394304275512699 0.019561945460736755 0.38515695929527288 14.500000000000002 0.33219572901725775 1.0000000180025095e-35 0.0212542898952961 0.26455646753311163 42.500000000000007 6.5000000000000009
decision_type=2 2 2 2 2 2 2 2 2 2 2 2 2 2 2 2 2 2 2 2 2 2 2 2 2 2 2 2 2 2
left_child=-1 9 3 27 5 6 7 -4 -8 10 11 12 13 -2 17 -16 -17 21 20 -20 -14 22 24 -23 25 28 -27 -3 29 -15
right_child=1 2 4 -5 -6 -7 8 -9 -10 -11 -12 -13 18 14 15 16 -18 -19 19 -21 -22 23 -24 -25 -26 26 -28 -29 -30 -31
leaf_value=-0.059711221207185632 -0.058967056938724671 0.039051125871510793 -0.039758996180804619 0.064798729359404561 -0.055040692914818862 0.039035322296280116 -0.053558067260923818 0.021760282491566016 0.010572016058376411 0.012037312603727 -0.061845296663077282 0.033282062175561428 -0.019573686026863008 0.019926747040734702 -0.061074358171627985 -0.054226921360886193 0.029449640088696452 -0.035723522745874259 -0.024265315641673158 0.037032235428304437 -0.058729839047097249 0.042013743499973999 0.043702399154995047 0.0012919105302200166 0.0082427897171198986 -0.054427040073872723 0.018798340117624081 -0.016428289045229562 0.049667415124956038 -0.053838818522069148
leaf_weight=0.24709160614293146 0.24841436708811127 0.32886995282024034 0.39029220415977883 0.541502321138978 0.23126281227450807 0.81442302698269475 0.45106868928996835 1.1451090892078353 0.23406479321420193 1.8826941390288983 0.27771488297730762 0.5484266225248583 0.96601238555740587 0.21201917668804593 0.38948342646472145 0.22876351122977212 0.38043927494436502 0.33952921396121372 0.50337282556574781 0.29910725168883801 0.61815972585463896 0.80539109057281144 0.32728229369968165 0.58155535307014361 1.6152281379909252 0.55290843787952326 0.12829806027002633 0.32485018228180707 0.16617226274684072 0.1700647046091035
leaf_count=47 63 11 61 12 50 24 133 100 22 131 9 8 118 14 60 58 10 24 49 6 75 22 5 44 193 169 21 35 2 52
internal_value=-0.000746795 0.00018106 0.0110667 0.0356374 0.00207544 0.00642767 -0.0055318 0.00612235 -0.0316491 -0.00413934 -0.00739372 -0.00572842 -0.00823591 -0.002265 0.000123549 -0.0250217 -0.00197199 0.00525011 -0.0236108 -0.00141797 -0.0348528 0.00830165 0.00102704 0.0249388 -0.00388277 -0.0198129 -0.0406358 0.011482 0.00605942 -0.0129061
internal_weight=15.9496 15.7025 4.46144 1.19522 3.26622 3.03496 2.22053 1.5354 0.685133 11.241 9.35834 9.08063 8.5322 6.14555 5.89713 0.998686 0.609203 4.89845 2.38665 0.80248 1.58417 4.55892 3.17197 1.38695 2.84469 1.22946 0.681206 0.65372 0.548256 0.382084
internal_count=1628 1581 448 58 390 340 316 161 155 1133 1002 993 985 737 674 128 68 546 248 55 193 522 456 66 451 258 190 46 68 66
is_linear=0
shrinkage=0.05


Tree=69
num_leaves=31
num_cat=0
split_feature=4 4 7 7 4 4 12 7 3 12 7 4 3 3 12 0 4 3 4 6 0 6 3 3 7 7 6 3 3 3
split_gain=0.281954 0.290515 0.429797 0.404209 0.390824 0.3487 0.294308 0.233502 0.185427 0.183164 0.29752 0.251176 0.342871 0.267095 0.226396 0.178921 0.158688 0.306329 0.192704 0.196961 0.176009 0.165772 0.156384 0.378179 0.153475 0.145533 0.241358 0.145358 0.470283 0.17954
threshold=0.91189938783645641 0.57699853181839 0.47617350518703466 0.41764701902866369 0.60585561394691478 0.6568669080734254 47.500000000000007 0.20322809368371966 0.81935068964958202 101.50000000000001 0.35122287273406988 0.059828849509358413 0.37627542018890386 0.20353773981332782 72.500000000000014 0.71406409144401561 0.2547349631786347 0.33712284266948706 0.24625033140182498 0.089641820639371886 0.63597232103347789 0.083485122770071044 0.25693033635616308 0.32960823178291326 0.41552206873893743 0.23775930702686313 0.21670634299516681 0.49298204481601721 0.62963494658470165 0.33219572901725775
decision_type=2 2 2 2 2 2 2 2 2 2 2 2 2 2 2 2 2 2 2 2 2 2 2 2 2 2 2 2 2 2
left_child=1 2 3 6 -3 -6 7 -1 15 11 -11 12 13 14 -8 16 18 -18 19 21 -21 27 -15 -24 25 -7 -27 29 -29 -9
right_child=-2 4 -4 -5 5 24 9 8 -10 10 -12 -13 -14 22 -16 -17 17 -19 -20 20 -22 -23 23 -25 -26 26 -28 28 -30 -31
leaf_value=-0.06046877281545962 -0.059572119280312266 0.063639668345792641 -0.061620999464220574 0.0327219055240624 -0.036219823274806703 0.044480430906779014 -0.057367215186820558 -0.0097382511709122131 -0.024565767568968666 -0.052792355046062445 0.035869239890435743 0.02777022518768248 -0.053479454994009495 0.042912633989903942 0.0075354849516488564 0.037550616042157044 0.013366765787024807 -0.057443030873355366 0.050155126510026085 -0.058372533456516287 -0.00080567239650968848 0.033684830726227522 -0.054205734798512817 0.033570347698158289 0.042281203065053556 -0.035215436285045254 0.028501992009086291 -0.055786217412022235 0.0057716977000567904 0.012058491388417768
leaf_weight=0.20378052006708003 0.19251623505260873 0.39447255933191572 0.28934010677039701 0.87987524364143688 0.34787987812887866 0.19203418074175693 0.22872417245525856 1.7809504949545938 1.1872762512648476 0.27396567253163073 0.14454131340608001 1.5521340951090676 0.25349420437123615 0.52818740846123524 0.32569351216079667 0.25937706429976959 0.25766791740898032 0.37505430169403553 0.17017927020788182 0.29753507196437556 0.23978768824599683 0.32484145276248444 0.18203928356524557 0.37652313051512465 0.48819336295127869 0.31929330475395545 0.27804609155282378 0.49799584294669308 0.8230392198311165 2.0121455867192708
leaf_count=45 57 15 11 15 31 7 34 329 81 59 4 105 89 16 30 9 22 68 2 41 27 5 35 27 5 40 13 109 84 185
internal_value=0.000564968 0.00131266 -0.00134005 -1.61784e-05 0.0189948 0.00816011 -0.00235905 -0.00759741 -0.00628762 0.00906501 -0.022171 0.0128577 0.00064107 0.00900051 -0.01924 -0.00320443 -0.00476375 -0.0286067 -0.00230935 -0.00380331 -0.0326825 -0.000950298 0.0234077 0.00496353 0.0202447 0.0066161 -0.00555662 -0.00315027 -0.017434 0.00182439
internal_weight=15.6766 15.4841 13.4641 13.1748 2.01992 1.62545 12.2949 8.42963 8.22585 3.8653 0.418507 3.4468 1.89466 1.64117 0.554418 7.03857 6.7792 0.632722 6.14647 5.9763 0.537323 5.43897 1.08675 0.558562 1.27757 0.789374 0.597339 5.11413 1.32104 3.7931
internal_count=1600 1543 1432 1421 111 96 1406 1007 962 399 63 336 231 142 64 881 872 90 782 780 68 712 78 62 65 60 53 707 193 514
is_linear=0
shrinkage=0.05


Tree=70
num_leaves=31
num_cat=0
split_feature=0 4 0 12 0 4 6 0 0 3 3 6 6 3 12 3 12 0 8 6 12 0 0 0 3 3 4 12 3 4
split_gain=0.52031 0.32137 0.482395 0.398503 0.247406 0.222998 0.219528 0.274609 0.187418 0.207795 0.375664 0.136664 0.422519 0.146421 0.520192 0.427619 0.332526 0.275153 0.226524 0.165261 0.175962 0.21615 0.237918 0.180473 0.177972 0.392714 0.282996 0.190018 0.229561 0.142773
threshold=0.68477067351341259 0.52940362691879284 0.59974905848503124 71.500000000000014 0.67607370018959057 0.10737730190157892 0.1276737451553345 0.65903398394584667 0.60876536369323742 0.85867658257484447 0.55080971121788036 0.061920523643493659 0.02635208144783974 0.49298204481601721 6.5000000000000009 0.49115876853466039 2.5000000000000004 0.62589290738105785 1.1000000238418581 0.019561945460736755 50.500000000000007 0.62514308094978344 0.61138087511062633 0.6076960861682893 0.1386145502328873 0.33219572901725775 0.34757031500339514 3.5000000000000004 0.39707186818122869 0.045974882319569595
decision_type=2 2 2 2 2 2 2 2 2 2 2 2 2 2 2 2 2 2 2 2 2 2 2 2 2 2 2 2 2 2
left_child=1 4 3 -3 6 -2 11 -8 -4 10 -10 12 13 15 16 17 -15 18 19 20 21 22 23 24 -1 26 -26 -27 -29 -13
right_child=5 2 8 -5 -6 -7 7 -9 9 -11 -12 29 -14 14 -16 -17 -18 -19 -20 -21 -22 -23 -24 -25 25 27 -28 28 -30 -31
leaf_value=0.010395254631665723 -0.062248366553383588 -0.061110237963099473 0.060182806565206005 0.033193813137168099 -0.057752976308420315 -0.017827346542282126 -0.044503692548954699 0.026008980858254219 0.032483674064232353 0.040433731009705605 -0.065848323597126168 0.027354642387814539 -0.05772665181282588 -0.027963680414844011 -0.042880610264998606 0.070702323454398058 0.026432111470167718 -0.054258149273017066 -0.053660923120608855 0.036859353368565273 0.01673026583347708 0.055304646882532775 -0.062540559873159027 0.03420522270311304 -0.05481941901205209 0.032731632374232926 0.042982015547139235 0.0065520749069329937 -0.056632616573483521 -0.00047474384366734932
leaf_weight=1.0279553066648022 0.35534190910402763 0.28230633540078898 0.48058158427011211 0.18572114361450076 0.18926217855187211 1.3788152311462907 0.54450966138392765 0.18498480494599789 0.25315390713512875 0.63219238840974867 0.15759454300859943 0.96657297993078717 0.31515166786266569 0.41268187819514446 0.76821367390220974 0.23874154174700368 0.88017891615163535 0.20642546244198445 0.16275914679863479 0.40700236859265704 1.744605417945422 0.15331033337861288 0.17280665051657695 0.30592596274800588 0.65360942253028032 0.36878359760157742 0.083403943222947419 0.50059767672792077 0.20166200055973604 0.88088755425997078
leaf_count=134 42 54 12 8 27 96 72 12 17 16 47 26 60 39 208 4 41 47 46 19 174 2 33 8 178 14 6 58 52 60
internal_value=-0.00116287 0.00218131 0.0207093 -0.0236888 -0.00106402 -0.0269295 -0.000104419 -0.0266231 0.0343485 0.0224442 -0.00524401 0.00174658 -0.000902869 0.00125769 -0.0102939 0.0050808 0.00906894 0.00246484 0.00448978 0.00617397 0.00377806 -0.00273754 -0.00542205 -0.00228054 -0.00621632 -0.0156607 -0.0437517 0.0036695 -0.0115921 0.0140853
internal_weight=15.0957 13.3616 1.99155 0.468027 11.37 1.73416 11.1808 0.729494 1.52352 1.04294 0.410748 10.4513 8.60381 8.28866 2.06107 6.22759 1.29286 5.98885 5.78242 5.61966 5.21266 3.46805 3.31474 3.14194 2.83601 1.80806 0.737013 1.07104 0.70226 1.84746
internal_count=1612 1474 154 62 1320 138 1293 84 92 80 64 1209 1123 1063 288 775 80 771 724 678 659 485 483 450 442 308 184 124 110 86
is_linear=0
shrinkage=0.05


Tree=71
num_leaves=31
num_cat=0
split_feature=12 12 12 12 12 0 4 12 7 7 4 12 12 4 12 4 4 4 7 7 12 3 8 7 7 7 3 7 7 0
split_gain=0.294647 0.33601 0.221226 0.202876 0.352525 0.331426 0.273499 0.442769 0.262248 0.488337 0.19304 0.186857 0.331651 0.198662 0.216024 0.167285 0.396286 0.162803 0.21717 0.144913 0.248785 0.144166 0.0948355 0.147299 0.106933 0.15261 0.531391 0.183227 0.302956 0.144856
threshold=103.50000000000001 46.500000000000007 51.500000000000007 31.500000000000004 24.500000000000004 0.50492119789123546 0.6568669080734254 26.500000000000004 0.45487730205059057 0.41764701902866369 0.30000026524066931 80.500000000000014 73.500000000000014 0.10190830007195474 96.500000000000014 0.24625033140182498 0.26939004659652716 0.061181470751762397 0.37243685126304632 0.31921842694282537 69.500000000000014 0.32960823178291326 1.1000000238418581 0.38767705857753759 0.36645796895027166 0.3444990366697312 0.33455349504947668 0.33987429738044744 0.32395556569099432 0.58017861843109142
decision_type=2 2 2 2 2 2 2 2 2 2 2 2 2 2 2 2 2 2 2 2 2 2 2 2 2 2 2 2 2 2
left_child=1 3 10 4 8 -5 7 -6 9 22 -3 12 17 14 -13 -7 -17 19 -19 21 -21 -4 23 24 25 27 29 28 -1 -27
right_child=-2 2 11 5 6 15 -8 -9 -10 -11 -12 13 -14 -15 -16 16 -18 18 -20 20 -22 -23 -24 -25 -26 26 -28 -29 -30 -31
leaf_value=-0.0022222434007897504 -0.052461412826593251 0.014741297184357991 -0.0026734810996293322 0.040128238876009692 0.025483118143176976 -0.057723634141540893 0.05552633302142667 -0.053871398190863833 -0.042984838597394159 0.040201429839463641 0.05761429373721462 -0.052800449148689435 -0.057613773685799785 0.032380128858110993 0.026689274532196678 0.047039836300341496 -0.059322163150565113 -0.053674204995873637 0.02626499229032711 -0.057140815251493698 0.033033880160168706 0.044423785390578091 0.018574096332161082 -0.030101943297167668 0.009963708557733467 -0.01256822505333147 -0.0577809842895892 0.035907515167052706 -0.052648055203554069 0.049685364266000301
leaf_weight=3.6463250855740577 0.2475571652757943 0.57074239896610268 0.24764639214845396 0.16693074931390661 0.82474242930766262 0.44540309332660399 0.44039966288255517 0.22339503685361706 0.40942275896668423 0.63213185220956791 0.48623379494529217 0.16478252626257006 0.24192722188308824 1.0326736457645891 0.17758021643385291 0.1586230555549264 0.19551692099776119 0.22221028787316743 0.13755409047007561 0.15570359613047913 0.15034393221139908 0.47249923867639154 0.38316341358586203 0.6261390047147869 1.0408619975205509 0.18029368424322445 0.5415028955321759 0.27435650024563063 0.32435732550220553 0.19397964153904468
leaf_count=421 58 42 34 7 44 151 12 76 15 8 13 43 53 39 12 2 54 76 3 35 7 42 42 28 52 34 69 13 99 6
internal_value=0.0016356 0.00254246 0.0147909 -0.00210169 6.61775e-05 -0.0239515 0.0224624 0.00856987 -0.00397351 -0.00193706 0.0344639 0.00786637 -0.00359663 0.0214373 -0.0115699 -0.0373303 -0.0116815 0.00583238 -0.0231099 0.015979 -0.0128431 0.0282278 -0.00563102 -0.00698936 -0.00465585 -0.00760441 -0.0261162 -0.00361088 -0.00634143 0.0196968
internal_weight=15.015 14.7674 4.0599 10.7075 9.74107 0.966474 1.48854 1.04814 8.25253 7.84311 1.05698 3.00292 1.62788 1.37504 0.342363 0.799543 0.35414 1.38596 0.359764 1.02619 0.306048 0.720146 7.21098 6.82782 6.20168 5.16082 0.915776 4.24504 3.97068 0.374273
internal_count=1590 1532 399 1133 919 214 132 120 787 772 55 344 250 94 55 207 56 197 79 118 42 76 764 722 694 642 109 533 520 40
is_linear=0
shrinkage=0.05


Tree=72
num_leaves=31
num_cat=0
split_feature=12 12 12 4 0 12 7 7 7 0 6 4 6 3 0 3 4 3 3 12 0 0 12 7 7 12 12 12 3 3
split_gain=0.264739 0.577662 0.247506 0.254929 0.194822 0.245358 0.318567 0.305063 0.298165 0.341203 0.417687 0.265577 0.246886 0.230415 0.198098 0.305938 0.195166 0.19038 0.18584 0.16262 0.153955 0.348838 0.322538 0.351497 0.276106 0.26078 0.147984 0.261859 0.134225 0.213369
threshold=46.500000000000007 35.500000000000007 51.500000000000007 0.30000026524066931 0.66973870992660534 23.500000000000004 0.24956940859556201 0.47617350518703466 0.41764701902866369 0.66160073876380932 0.11023701727390291 0.6568669080734254 0.083485122770071044 0.38075001537799841 0.73751145601272594 0.81674510240554821 0.23405057936906817 0.27950905263423925 0.7825666368007661 26.500000000000004 0.54031535983085643 0.55075579881668102 80.500000000000014 0.32349976897239691 0.20731281489133838 72.500000000000014 62.500000000000007 58.500000000000007 0.33712284266948706 0.14569689333438876
decision_type=2 2 2 2 2 2 2 2 2 2 2 2 2 2 2 2 2 2 2 2 2 2 2 2 2 2 2 2 2 2
left_child=1 4 3 -2 5 6 -1 8 9 10 12 13 16 28 15 18 -8 -18 -6 -15 25 -22 26 24 -24 -4 27 -23 29 -7
right_child=2 -3 20 -5 14 11 7 -9 -10 -11 -12 -13 -14 19 -16 -17 17 -19 -20 -21 21 22 23 -25 -26 -27 -28 -29 -30 -31
leaf_value=-0.057412317751268871 0.010314682140932549 -0.0583011410318377 -0.06218413699186847 0.059361847684183393 -0.030759841511943487 0.033485744376291773 -0.0032166632115351243 -0.060077720223924186 0.033356425123855928 0.037517489876424094 -0.059619633005320777 0.054376588029022954 0.024555729598992646 0.0048129439869483781 0.016823010039778829 -0.0488129797437232 0.016811913187346612 -0.061587886456473978 0.023223007620622304 -0.056404415707535849 0.043850667906648079 -0.054305535072281669 0.021277122941196516 0.040819491297600832 -0.039119691230080078 0.0096175500000995409 -0.054470290099920687 0.026981855941959704 0.056638607075068653 -0.025297294656455166
leaf_weight=0.25106440298258714 0.59522695443593032 0.45854718820191998 0.21798627061070908 0.47743143048137426 0.28632887953426756 0.41577108533238039 3.35039918741677 0.20407121721655119 0.67631099559366692 0.49778668046928931 0.33731757820351038 0.40608319966122497 0.73567685252055515 0.25508525094483048 0.35359024722129095 0.67638008709764108 0.10601578163914371 0.28721581888385117 0.3597251147730276 0.18876045342767611 0.57185009971726719 0.17421539092902127 0.37226472306065239 0.64435780874919146 0.38486061041476205 0.30117366090416908 0.29924945259699598 0.22970521228853613 0.22139984299428761 0.24553680102690123
leaf_count=67 44 159 34 13 51 31 431 9 12 19 44 14 23 25 11 53 14 55 10 55 23 53 17 23 91 31 98 27 18 56
internal_value=0.000890965 -0.00344328 0.0113633 0.0321452 -0.000890657 0.00229189 -0.00219812 3.96186e-05 0.00208749 -0.00189179 -0.00596465 0.0189959 -0.00192412 0.00816518 -0.0164205 -0.0253091 -0.00712778 -0.0404512 -0.000702003 -0.0212218 0.00438768 0.00922109 -0.000188031 0.0136765 -0.00942368 -0.0205307 -0.0278214 -0.00807829 0.0229416 0.0116602
internal_weight=14.5814 10.3131 4.26832 1.07266 9.85452 8.1785 6.44586 6.19479 5.99072 5.31441 4.81663 1.73264 4.47931 1.32655 1.67602 1.32243 3.74363 0.393232 0.646054 0.443846 3.19566 2.6765 2.10465 1.40148 0.757125 0.51916 0.70317 0.403921 0.882708 0.661308
internal_count=1611 1157 454 57 998 873 674 607 598 586 567 199 523 185 125 114 500 69 61 80 397 332 309 131 108 65 178 80 105 87
is_linear=0
shrinkage=0.05


Tree=73
num_leaves=31
num_cat=0
split_feature=12 7 12 12 6 3 3 6 6 12 7 7 7 3 6 7 3 7 12 12 7 7 12 3 7 7 12 7 12 0
split_gain=0.171952 0.246555 0.229862 0.271599 0.216641 0.188585 0.321049 0.25439 0.248617 0.187294 0.172954 0.170289 0.220024 0.337399 0.304571 0.346211 0.310555 0.312539 0.169573 0.166061 0.236372 0.201195 0.163775 0.160271 0.157314 0.20693 0.183892 0.404328 0.144585 0.25255
threshold=13.500000000000002 0.24956940859556201 15.500000000000002 23.500000000000004 0.047810344025492675 0.9999937415122987 0.81674510240554821 0.10461081936955453 0.086430422961711897 7.5000000000000009 0.33987429738044744 0.17414723336696628 0.22601355612277987 0.97439229488372814 0.059317039325833328 0.32349976897239691 0.34972424805164343 0.50088572502136242 81.500000000000014 25.500000000000004 0.28039941191673284 0.29060964286327368 5.5000000000000009 0.89974045753479015 0.29099465906620031 0.34216937422752386 1.0000000180025095e-35 0.35668857395648962 42.500000000000007 0.6076960861682893
decision_type=2 2 2 2 2 2 2 2 2 2 2 2 2 2 2 2 2 2 2 2 2 2 2 2 2 2 2 2 2 2
left_child=1 -1 -2 4 10 6 7 8 9 22 -4 -5 18 14 16 -16 19 -18 -13 -14 -21 -22 24 -8 -3 -26 -27 -28 29 -23
right_child=2 5 3 11 -6 -7 23 -9 -10 -11 -12 12 13 -15 15 -17 17 -19 -20 20 21 28 -24 -25 25 26 27 -29 -30 -31
leaf_value=-0.058539840068993168 0.030287257862426926 0.017427691078440215 -0.033889398351900461 -0.057073487351047204 -0.057043694206569108 0.01546441155647235 -0.065856908299353256 -0.053722064280327969 0.037665777620162176 -0.027354738184088935 0.012768520006747284 0.039675769277607388 0.037806163732822445 -0.064289378978495446 -0.012969279559503014 0.040233132501395943 -0.034624878750746761 0.045707103423680527 -0.0058748945162523242 -0.052597827476755711 0.052510986051129194 -0.059394420830425988 0.01959895187781879 -0.016773335030620114 -0.053959970773926884 0.02762224930124408 0.021127444390200065 -0.061685604199967714 0.0074012843530868403 0.045821958145747084
leaf_weight=0.22189645250910039 0.77856924847583098 0.45411361393053251 0.35157980286749058 0.10633497167145822 0.30404609552351758 0.94992818497121323 0.32988149905577291 0.23611484596040089 0.3877344918437301 0.71096793317701656 0.45652584661729634 0.7729660859913563 0.37151529378024939 0.18208737473469216 0.43641624518204469 1.0215870639076454 0.97919006471056469 0.13816245086491108 0.27773112081922591 0.18391593580599908 0.21348925930215079 0.21236710163066153 0.84636133082676668 0.33540968783199787 0.28893767792033009 0.28740241844207048 0.28869225125527009 0.30114124179817736 1.5041637026006354 0.077972033643163741
leaf_count=49 50 32 122 22 50 24 20 39 10 130 36 52 16 17 91 31 301 2 21 71 24 72 54 21 70 12 19 30 116 3
internal_value=-0.000133293 -0.0068823 0.00441403 0.00176001 -0.0210669 -0.00476613 -0.00906848 -0.00346071 -0.000132158 -0.00474428 -0.00753078 0.00567903 0.00672631 0.00259745 0.00496752 0.0243083 -0.00269363 -0.0246917 0.0276353 0.00689495 0.00165568 0.00662487 0.00177278 -0.0411112 -0.00753877 -0.0172608 -0.00517312 -0.021153 0.00116587 -0.031138
internal_weight=14.0072 5.63858 8.36862 7.59005 1.11215 5.41669 4.46676 3.80147 3.56535 3.17762 0.808106 6.4779 6.37156 5.32087 5.13878 1.458 3.68078 1.11735 1.0507 2.56342 2.19191 2.00799 2.46665 0.665291 1.62029 1.16617 0.877236 0.589833 1.7945 0.290339
internal_count=1607 510 1097 1047 208 461 437 396 357 347 158 839 817 744 727 122 605 303 73 302 286 215 217 41 163 131 61 49 191 75
is_linear=0
shrinkage=0.05


Tree=74
num_leaves=31
num_cat=0
split_feature=12 3 0 6 7 7 12 3 7 12 3 4 0 0 0 7 12 4 12 4 7 7 4 7 12 6 3 12 0 7
split_gain=0.337493 0.408888 0.370919 0.225349 0.133266 0.258288 0.167259 0.267203 0.247125 0.18663 0.131952 0.131588 0.200709 0.188788 0.130092 0.123484 0.221816 0.118587 0.230126 0.158825 0.233638 0.256063 0.183279 0.203765 0.114566 0.111656 0.105894 0.218471 0.101661 0.132876
threshold=24.500000000000004 0.97439229488372814 0.555088371038437 0.019561945460736755 0.38034547865390783 0.36968341469764715 18.500000000000004 0.93225258588790905 0.20731281489133838 13.500000000000002 0.33455349504947668 0.57699853181839 0.57258805632591259 0.60876536369323742 0.60584920644760143 0.50088572502136242 28.500000000000004 0.031087412498891357 3.5000000000000004 0.045071344822645194 0.35706225037574774 0.31185615062713629 0.11199992895126344 0.2869544923305512 2.5000000000000004 0.1276737451553345 0.86529290676116954 5.5000000000000009 0.72374483942985546 0.16157821565866473
decision_type=2 2 2 2 2 2 2 2 2 2 2 2 2 2 2 2 2 2 2 2 2 2 2 2 2 2 2 2 2 2
left_child=2 11 3 -1 5 6 8 -8 -4 10 -10 25 -13 -14 -11 16 -15 18 24 -19 21 22 -21 -24 -12 28 27 -6 29 -2
right_child=1 -3 4 -5 26 -7 7 -9 9 14 17 12 13 15 -16 -17 -18 19 -20 20 -22 -23 23 -25 -26 -27 -28 -29 -30 -31
leaf_value=-0.05463162196979069 -0.056123828894966934 -0.061749021789379105 -0.064033695761393075 0.011423770071871673 -0.024268425205288869 -0.058964242920229573 -0.055116636899895613 0.043479171543150633 0.021931258774188493 -0.0084242090036986371 -0.026943905034362656 -0.021708924329137475 0.061705358167125593 0.047021987840633418 0.031944209359605784 0.051521353007815775 -0.055633073147838011 0.026920957961210953 -0.05412151748531531 0.040725367570023485 0.027998031228520799 -0.057437859471369063 -0.057090893004086263 0.0083382626012262259 0.022792201036704759 -0.027293313741934701 0.02249754423371475 0.015484648358598536 0.03255180099312726 0.0079485346254489064
leaf_weight=0.60164667441858899 0.082392177428118774 0.20247275149449695 0.15678314084652845 0.16439596237614751 0.59640866704285167 0.2403892537113278 0.3432808082725386 0.085915210889652371 0.36154759410419579 0.28914242901373644 0.22927327029174227 0.16634919209172938 0.41188697074539959 0.092195799021283165 0.64427345292642713 0.121379554271698 0.12259775336133316 0.35745687456801523 0.38543295813724399 0.16941688035149105 0.2995982957072556 0.34181673801504076 0.20804163330467418 0.27800756104988977 0.23391105292830616 0.22194774454692368 0.70327803678810585 0.82189679564908147 0.41811556881293643 4.522752413598937
leaf_count=184 16 18 22 14 24 23 95 3 42 37 30 23 18 4 52 1 52 13 94 9 11 46 36 23 13 51 10 26 10 627
internal_value=-0.000308523 0.00816525 -0.00748525 -0.0404559 -0.00374119 -0.00850131 -0.0057342 -0.03538 -0.0025168 2.27024e-05 -0.00630434 0.0104634 0.0279664 0.0390129 0.0194394 0.0112096 -0.0115705 -0.0103829 -0.0255785 -0.0025881 -0.0107216 -0.0223536 -0.0040576 -0.0196671 -0.00182685 0.00741206 0.00663415 -0.00123183 0.00894549 0.00680219
internal_weight=13.874 6.36209 7.51191 0.766043 6.74587 4.62429 4.3839 0.429196 3.9547 3.79792 2.8645 6.15962 0.914409 0.74806 0.933416 0.336173 0.214794 2.50296 0.848617 1.65434 1.29688 0.997283 0.655466 0.486049 0.463184 5.24521 2.12158 1.41831 5.02326 4.60514
internal_count=1627 820 807 198 609 549 526 98 428 406 317 802 98 75 89 57 56 275 137 138 125 114 68 59 43 704 60 50 653 643
is_linear=0
shrinkage=0.05


Tree=75
num_leaves=31
num_cat=0
split_feature=12 12 0 0 3 3 12 12 3 12 3 6 6 12 3 12 7 7 0 3 7 3 0 7 0 0 7 7 7 0
split_gain=0.183375 0.270043 0.447488 0.261454 0.278989 0.46556 0.232813 0.210884 0.239577 0.405549 0.343649 0.222677 0.209319 0.210907 0.257611 0.201484 0.165601 0.298741 0.296058 0.161824 0.140484 0.295213 0.140737 0.1189 0.105954 0.213811 0.23929 0.266848 0.212497 0.236587
threshold=46.500000000000007 33.500000000000007 0.50492119789123546 0.52811041474342357 0.1386145502328873 0.27557374536991125 51.500000000000007 13.500000000000002 0.35354222357273107 15.500000000000002 0.74061912298202526 0.061920523643493659 0.016761357896029953 1.0000000180025095e-35 0.9999937415122987 54.500000000000007 0.28857167065143591 0.27404244244098669 0.56564155220985424 0.11837169528007509 0.41552206873893743 0.50611218810081493 0.66282746195793163 0.30231802165508276 0.54031535983085643 0.55075579881668102 0.31380061805248266 0.25286036729812628 0.32374675571918493 0.58169397711753856
decision_type=2 2 2 2 2 2 2 2 2 2 2 2 2 2 2 2 2 2 2 2 2 2 2 2 2 2 2 2 2 2
left_child=1 3 -3 -1 19 -6 -2 11 23 -10 -11 12 13 -7 16 -8 17 -15 -18 -5 21 -13 -23 -9 -17 -26 27 -27 -28 -30
right_child=6 2 -4 4 5 7 15 8 9 10 -12 20 -14 14 -16 24 18 -19 -20 -21 -22 22 -24 -25 25 26 28 -29 29 -31
leaf_value=-0.052309742359648997 0.030028489611925085 0.037236592312865198 -0.057818526132769256 -0.0021212218112357756 -0.053122439104721413 0.022749867764250697 -0.0580577420430771 0.066464897781955024 0.037082241533507268 -0.031530599504356036 0.015049176594565226 0.033739318963882152 -0.060268703403007731 -0.055202860843893857 0.02054979635773712 -0.01748047628758044 0.0066211769138349924 0.028772407651834205 -0.052585385065784057 0.045611523092701507 0.030515369820241313 -0.043130910504821041 -0.0026611266521463606 0.01925290037015746 0.041678823875958664 0.0035010156149869135 0.049966844762045076 -0.052099365381979505 0.035056223192995402 -0.033443556341885644
leaf_weight=0.24202927027363053 1.019020320265555 0.1647618096321829 0.49819249076244887 0.27338985077221689 0.42889793268113852 0.37966775509994555 0.13240561407292295 0.25033529056236181 0.65904401254374567 0.83987384792999342 0.74917485559126362 0.41996718035079517 0.24109065410448227 0.16573171009076748 0.35265127103775729 0.43531526176957447 0.28474372945493065 0.29340743273496628 0.81686667277244851 0.50656821113079786 0.46917556412518013 0.3275310795288533 0.62430191307794303 0.28538698851480149 0.41945326142013106 0.6522634685388764 0.36915962328203022 0.32249419414438307 0.24662651802645996 0.25783393229357898
leaf_count=99 59 7 177 45 121 24 29 17 32 179 57 18 35 37 7 58 22 17 135 14 7 27 37 25 20 61 23 142 16 44
internal_value=0.000364687 -0.00344539 -0.0341948 -0.0010777 0.000404131 -0.00252295 0.00953044 0.000508505 0.0112668 0.0041064 -0.00957004 -0.00633677 -0.0159511 -0.0112916 -0.0180463 0.002164 -0.0267671 -0.00153946 -0.0372817 0.0288803 0.00689765 -0.00117995 -0.016587 0.0413144 0.00511378 0.0094508 0.00213728 -0.0148941 0.0211404 4.54161e-05
internal_weight=13.1274 9.27279 0.662954 8.60984 8.36781 7.58785 3.85457 7.15895 2.78381 2.24809 1.58905 4.37513 2.53416 2.29307 1.9134 2.83555 1.56075 0.459139 1.10161 0.779958 1.84098 1.3718 0.951833 0.535722 2.70315 2.26783 1.84838 0.974758 0.87362 0.50446
internal_count=1591 1139 184 955 856 797 452 676 310 268 236 366 277 242 218 393 211 54 157 59 89 82 64 42 364 306 286 203 83 60
is_linear=0
shrinkage=0.05


Tree=76
num_leaves=31
num_cat=0
split_feature=12 12 6 12 3 3 3 12 3 7 7 7 0 0 7 7 7 6 12 0 0 7 12 6 12 0 7 12 3 0
split_gain=0.26839 0.383917 0.214438 0.193116 0.344238 0.44282 0.331438 0.308144 0.254682 0.188857 0.19039 0.181932 0.163431 0.240637 0.223614 0.241689 0.263487 0.163177 0.181998 0.226831 0.255728 0.216923 0.201845 0.494091 0.423502 0.353756 0.200638 0.153779 0.178089 0.149843
threshold=47.500000000000007 103.50000000000001 0.42279385030269628 26.500000000000004 0.38075001537799841 0.33712284266948706 1.0000000180025095e-35 24.500000000000004 0.9999937415122987 0.21744287759065631 0.24823594093322757 0.20731281489133838 0.65327399969100963 0.61848577857017528 0.35668857395648962 0.31446340680122381 0.28039941191673284 0.19356048852205279 1.0000000180025095e-35 0.58017861843109142 0.58364054560661327 0.34313413500785833 13.500000000000002 0.061920523643493659 15.500000000000002 0.68672966957092296 0.30231802165508276 4.5000000000000009 0.40195265412330633 0.54372221231460582
decision_type=2 2 2 2 2 2 2 2 2 2 2 2 2 2 2 2 2 2 2 2 2 2 2 2 2 2 2 2 2 2
left_child=3 2 9 7 5 6 -5 8 11 -2 -11 -1 13 14 15 16 -12 18 -13 21 -21 26 23 27 -24 -26 -20 -22 -29 -28
right_child=1 -3 -4 4 -6 -7 -8 -9 -10 10 12 17 -14 -15 -16 -17 -18 -19 19 20 22 -23 24 -25 25 -27 29 28 -30 -31
leaf_value=-0.059156967230858476 0.035193098303840285 -0.052203028874513585 0.067070962618009211 0.024909687274563545 -0.056758085418475039 0.054326547336342748 -0.059593848966518786 0.02563256250921131 0.014074378406195416 -0.055012350461079634 -0.052546368831956153 0.020442787161952133 0.03087115213453805 -0.053734705444147504 0.029676923425575642 -0.045445930613941428 0.023740504109579817 -0.054410093379141267 -0.052007357039811679 0.034501827987888922 -0.06265068788442936 -0.05657358705901841 0.035035632811189883 0.00924672769289543 -0.054997804857713099 0.038260166134989386 -0.051390465490382634 -0.067478914550321178 -0.012700598307176606 0.017563362418838668
leaf_weight=0.19117275133612377 0.64712407626211854 0.23361448955256481 0.18066842586267728 0.18106475326931082 0.49949635539087467 0.23120041989022866 0.32308692939113826 0.8157856446050572 1.2048848196864126 0.12587181822164017 0.14234426475013628 0.5116704013198613 0.59273395669879381 0.18299167568329711 0.64413025416433811 0.30222352634882554 0.55258842505281791 0.19566607184242446 0.22743081655062247 0.37297668762039426 0.43436796517926335 0.46347745199454948 0.63365352572873213 0.94819018046837289 0.33942087818286382 0.14518521574791521 0.097305162344127893 0.19507708976743743 0.61976166605018079 0.41401740061701275
leaf_count=40 31 62 4 21 170 26 104 45 33 27 49 33 43 61 22 68 78 42 83 13 63 80 26 41 104 8 46 30 94 57
internal_value=-0.00175548 0.00978207 0.0140781 -0.00635307 -0.0247268 -0.0029692 -0.0292446 -0.00344799 -0.00683984 0.0110768 0.00493963 -0.0111925 0.00806177 0.000650682 0.00671426 -0.00811886 0.00811453 -0.00955457 -0.00793002 -0.0108983 -0.00475094 -0.0297594 -0.00916647 -0.017967 0.00812679 -0.0270582 -0.0129368 -0.0386232 -0.0258148 0.00444138
internal_weight=12.6492 3.60429 3.37068 9.04489 1.23485 0.735352 0.504152 7.81004 6.99426 3.19001 2.54288 5.78937 2.41701 1.82428 1.64129 0.997156 0.694933 5.5982 5.40253 4.89086 3.68863 1.20223 3.31566 2.1974 1.11826 0.484606 0.738753 1.24921 0.814839 0.511323
internal_count=1604 445 383 1159 321 151 125 838 793 379 348 760 321 278 217 195 127 720 678 645 379 266 366 228 138 112 186 187 124 103
is_linear=0
shrinkage=0.05


Tree=77
num_leaves=31
num_cat=0
split_feature=4 4 7 7 7 7 12 4 3 12 12 12 7 0 0 0 4 0 0 0 7 3 0 0 7 3 3 3 12 0
split_gain=0.231345 0.204751 0.31633 0.236736 0.205228 0.184994 0.22645 0.203908 0.558435 0.202647 0.238837 0.249672 0.24306 0.198384 0.188223 0.421911 0.294203 0.256412 0.194903 0.206707 0.164317 0.237096 0.212656 0.17593 0.156771 0.138711 0.224573 0.245779 0.224855 0.175879
threshold=0.91422188282012951 0.72560054063797008 0.47617350518703466 0.41764701902866369 0.40085881948471075 0.35122287273406988 98.500000000000014 0.24625033140182498 0.73152849078178417 80.500000000000014 67.500000000000014 63.500000000000007 0.20322809368371966 0.71882751584053051 0.63501799106597911 0.60830920934677135 0.2052375674247742 0.64045259356498729 0.60584920644760143 0.58536961674690258 0.37243685126304632 0.36984549462795263 0.56681209802627575 0.52509099245071422 0.34313413500785833 0.13309555500745776 0.1386145502328873 0.32960823178291326 54.500000000000007 0.50153666734695446
decision_type=2 2 2 2 2 2 2 2 2 2 2 2 2 2 2 2 2 2 2 2 2 2 2 2 2 2 2 2 2 2
left_child=1 2 3 4 5 6 9 8 20 10 11 12 -1 14 15 16 18 -16 19 25 21 22 23 -7 -21 29 -27 28 -28 -14
right_child=-2 -3 -4 -5 -6 7 -8 -9 -10 -11 -12 -13 13 -15 17 -17 -18 -19 -20 24 -22 -23 -24 -25 -26 26 27 -29 -30 -31
leaf_value=-0.058244167578810783 -0.058975279773380213 0.024069125129882855 -0.058618977781335506 0.029487402982226702 -0.05830152505958295 0.016258854586309997 -0.052058882403149633 0.027390520885119365 -0.063630084897125863 0.02074736738696524 -0.058713682418257022 0.052480948222360317 0.012660286656787787 -0.059352259232862227 0.044255050952534403 -0.05420071608901153 -0.053449683195664545 0.00010973615105851924 0.042652235961009484 -0.054285490302711306 0.02226578516779882 -0.0575501376748122 0.029939532655811035 -0.062064472758686887 0.026076045727944565 0.050678523584423041 -0.052734836414865517 0.018057372851332281 0.02622308149851333 -0.052654747974090088
leaf_weight=0.21681185840860973 0.16095733176916915 0.91869136993773359 0.22915163496509272 0.67250320455059487 0.15455433214083392 0.13283802731894079 0.24594067182624701 1.0668768048635682 0.29237912106327701 0.78021479333983723 0.21010173601098348 0.18641063629183907 0.19738487110589797 0.15843757509719569 0.42432903125882138 0.4597166265011764 0.25812122470233578 1.4631379633210597 0.27099510375410307 0.28221293407841574 1.193778028944507 0.17911180149530992 0.41252202639589086 0.15576931415125728 0.077315294533036649 0.29165648343041528 0.29749594598251838 0.81217104161623865 0.12938237749040127 0.21570363680075388
leaf_count=53 64 55 12 15 15 9 69 40 24 66 87 27 28 20 22 149 85 176 11 112 52 47 21 34 7 4 129 85 14 86
internal_value=0.000582771 0.00135675 -0.000462871 0.000722991 -0.00110791 -0.00025884 -0.00493415 0.00924291 0.00106117 -0.00321243 -0.00635352 -0.0044374 -0.00634747 -0.00423962 -0.0025538 -0.0097708 -0.00255964 0.0100342 0.002543 -0.00217601 0.0101808 -0.00620868 0.0069071 -0.0260144 -0.037004 0.00426585 0.0112045 0.00191282 -0.0288035 -0.0214455
internal_weight=12.5467 12.3857 11.467 11.2379 10.5654 10.4108 6.97754 3.43328 2.3664 6.7316 5.95138 5.74128 5.55487 5.33806 5.17962 3.29216 2.83244 1.88747 2.57432 2.30332 2.07402 0.880241 0.701129 0.288607 0.359528 1.94379 1.53071 1.23905 0.426878 0.413089
internal_count=1618 1554 1499 1487 1472 1457 1230 227 187 1161 1095 1008 981 928 908 710 561 198 476 465 163 111 64 43 119 346 232 228 143 114
is_linear=0
shrinkage=0.05


Tree=78
num_leaves=31
num_cat=0
split_feature=12 3 3 6 12 3 0 7 6 6 0 0 0 0 12 3 3 12 3 12 3 3 6 3 12 0 12 7 0 0
split_gain=0.158751 0.461625 0.221535 0.167765 0.141071 0.240331 0.230459 0.227871 0.166974 0.237866 0.1365 0.276084 0.187451 0.164938 0.121112 0.16614 0.268045 0.36642 0.313516 0.300001 0.232286 0.227963 0.226296 0.158685 0.133831 0.128305 0.111533 0.110016 0.305169 0.151701
threshold=24.500000000000004 0.97439229488372814 0.9999937415122987 0.19356048852205279 16.500000000000004 0.91124361753463756 0.68672966957092296 0.24956940859556201 0.061920523643493659 0.019979323260486129 0.71406409144401561 0.67361545562744152 0.66282746195793163 0.63597232103347789 26.500000000000004 0.32960823178291326 0.38288119435310369 46.500000000000007 0.95996761322021495 51.500000000000007 0.81935068964958202 0.25693033635616308 0.044124901294708259 0.25209826231002813 33.500000000000007 0.54972767829895031 56.500000000000007 0.34216937422752386 0.5440458655357362 0.56139713525772106
decision_type=2 2 2 2 2 2 2 2 2 2 2 2 2 2 2 2 2 2 2 2 2 2 2 2 2 2 2 2 2 2
left_child=2 14 3 4 5 7 -6 -1 9 10 11 12 13 27 -2 21 24 18 -18 -19 22 23 25 -16 -17 -21 -26 28 -9 -29
right_child=1 -3 -4 -5 6 -7 -8 8 -10 -11 -12 -13 -14 -15 15 16 17 19 -20 20 -22 -23 -24 -25 26 -27 -28 29 -30 -31
leaf_value=-0.056421620192243185 0.029808312658926236 -0.065723968134450944 0.01753720161878795 -0.054195808862308181 -0.043403407516784981 -0.058953528941070359 0.02907756590999834 0.017045049604702444 0.017458454414501921 -0.058859633676083073 0.041455132538469913 -0.064186174860235187 0.047767675799812288 -0.053163451271320841 -0.0037010065825924948 0.066514217883207813 -0.055288877186874412 0.045720594814471799 0.052073293828619249 0.023732586189022811 0.031076571441923197 -0.052892447386621882 0.011365405911459764 0.051983455583662221 -0.0043825745846957209 -0.053173134803561797 0.040188436733375264 -0.027423361787900048 -0.041457147377800263 0.016601737307996117
leaf_weight=0.17478347795258731 0.7317777863354421 0.20401759492233384 1.0730313288513569 0.18419353448553 0.50384000744088542 0.18247898062691081 0.14018264063633978 0.42679726920323702 1.2259076043847015 0.18777001771377388 0.17931006650906045 0.17589017620775838 0.19439293537288893 0.15500329044880334 1.191089568310417 0.27745934203267131 0.36338032604544457 0.56186936609446991 0.083651550114154816 0.064672658918425219 0.4446216206997633 0.21777453979302652 0.43353487766580656 0.14333720505237568 0.21488161524757743 0.33598413769504987 0.40470916865160689 0.23631838208530087 0.4666326480510179 1.1376055770670062
leaf_count=54 44 20 32 42 170 19 7 64 60 33 5 19 5 40 204 13 155 29 1 5 17 74 52 2 24 139 33 38 144 59
internal_value=0.00197881 0.00812209 -0.00326631 -0.0072732 -0.00566879 -0.00268719 -0.0276267 -0.00043577 0.00179547 -0.00428145 -0.000833156 -0.00354841 0.000527485 -0.00326352 0.010877 0.00795244 0.0144897 0.00540638 -0.0351986 0.0152678 0.00188779 -0.00546044 -0.0136697 0.00228033 0.0376544 -0.0407593 0.0247307 0.000147796 -0.0135103 0.00902931
internal_weight=12.3169 5.67276 6.64414 5.57111 5.38691 4.74289 0.644023 4.56041 4.38563 3.15972 2.97195 2.79264 2.61675 2.42236 5.46874 4.73697 3.18476 2.28771 0.447032 1.84068 1.27881 1.5522 0.834192 1.33443 0.89705 0.400657 0.619591 2.26735 0.89343 1.37392
internal_count=1603 812 791 759 717 540 177 521 467 407 374 369 350 345 792 748 468 398 156 242 213 280 196 206 70 144 57 305 208 97
is_linear=0
shrinkage=0.05


Tree=79
num_leaves=31
num_cat=0
split_feature=0 7 3 12 12 3 3 0 12 12 6 7 0 3 7 6 0 0 12 7 12 7 7 12 7 6 0 12 0 0
split_gain=0.231279 0.191413 0.182156 0.236372 0.176989 0.158582 0.286409 0.259151 0.135311 0.155209 0.13296 0.215678 0.171248 0.128921 0.20805 0.309054 0.241602 0.238773 0.124267 0.134475 0.165988 0.195992 0.333107 0.169434 0.220242 0.20473 0.106463 0.175602 0.168872 0.141114
threshold=0.68847504258155834 0.17414723336696628 0.9999937415122987 24.500000000000004 20.500000000000004 0.7825666368007661 0.82271087169647228 0.73751145601272594 51.500000000000007 54.500000000000007 0.098646726459264769 0.45487730205059057 0.63949391245841991 0.45958939194679266 0.37243685126304632 0.083485122770071044 0.66282746195793163 0.56361746788024913 50.500000000000007 0.22796244174242022 35.500000000000007 0.35699689388275152 0.29927712678909307 32.500000000000007 0.38767705857753759 0.019561945460736755 0.54031535983085643 72.500000000000014 0.55075579881668102 0.61786010861396801
decision_type=2 2 2 2 2 2 2 2 2 2 2 2 2 2 2 2 2 2 2 2 2 2 2 2 2 2 2 2 2 2
left_child=1 -1 3 4 10 -2 -7 -8 18 -10 11 13 -12 -3 15 16 17 -15 19 -5 23 22 -22 24 25 -21 27 -11 -28 -30
right_child=5 2 -4 8 -6 6 7 -9 9 26 12 -13 -14 14 -16 -17 -18 -19 -20 20 21 -23 -24 -25 -26 -27 28 -29 29 -31
leaf_value=-0.056510876081652776 -0.055596314366227952 -0.0078803164606874275 0.027747057096709646 0.041508982680337328 -0.051993989277627266 0.028422013400083053 -0.060417895289539253 -0.0023459122270340729 -0.057374536919693998 -0.066034893260420405 -0.057428040152373454 -0.059826947661371789 0.0057185491342745063 0.029298257375493061 0.027821483113494506 0.04567673102657524 0.021461464169945543 -0.054277426299978886 0.044978480749631927 -0.036519923228875213 -0.053385575932694253 -0.059984791202293941 0.025954579595448963 0.054989433316425695 0.05270837137123472 0.020024048274190687 0.035514809923662322 0.0053844885114496836 -0.018910762099294438 0.017898813630249085
leaf_weight=0.13279410300310601 0.24165018764324564 1.9326233030733386 0.74235513946041543 0.35359669892932366 0.19966559493332159 0.32679715310223378 0.33681620168499649 0.44717758381739259 0.11078587168594811 0.13442743514315214 0.24773311201715831 0.1501254211179911 0.18948786961846054 0.10578047099988885 0.9076347944792359 0.23257518280297518 0.24499561777338386 0.44488839138648473 0.35459297383204091 0.28883999981917419 0.18723821398452845 0.15515577222686261 0.45082125470798928 0.26782583602471277 0.22011177241802216 0.35912050821934827 0.44043799425708119 0.23924219474429265 0.54742730292491593 0.49652791026164778
leaf_count=39 45 315 24 30 88 17 42 21 29 24 42 8 22 6 26 6 20 154 10 94 73 19 70 37 3 34 23 28 152 99
internal_value=0.00053319 0.00312439 0.00391599 0.00200585 -0.00593944 -0.0188884 -0.0109026 -0.0272946 0.0100363 0.000117872 -0.00387574 -0.00102683 -0.0300608 0.00125503 0.010375 -0.00502507 -0.0198454 -0.038223 0.0174407 0.0131631 0.0079674 -0.00958369 0.00267225 0.0202236 0.00949733 -0.00518144 0.00354582 -0.0203086 0.00955075 -0.00140332
internal_weight=11.4893 10.1368 10.004 9.26166 4.65551 1.35244 1.11079 0.783994 4.60615 1.96885 4.45584 4.01862 0.437221 3.8685 1.93587 1.02824 0.795664 0.550669 2.6373 2.28271 1.92911 0.793215 0.638059 1.1359 0.868072 0.647961 1.85806 0.37367 1.48439 1.04396
internal_count=1600 1475 1436 1412 687 125 80 63 725 355 599 535 64 527 212 186 180 160 370 360 330 162 143 168 131 128 326 52 274 251
is_linear=0
shrinkage=0.05


Tree=80
num_leaves=31
num_cat=0
split_feature=0 3 3 3 7 3 3 7 7 7 7 7 7 7 7 12 12 4 0 7 7 7 3 4 12 12 4 3 4 12
split_gain=0.288358 0.0977616 0.46512 0.271742 0.238851 0.219021 0.216464 0.214929 0.432033 0.224648 0.227425 0.200556 0.229544 0.181764 0.231967 0.228514 0.31827 0.200777 0.207461 0.1803 0.245922 0.229689 0.144883 0.287633 0.140265 0.119764 0.166358 0.127442 0.116731 0.108788
threshold=0.49897456169128424 0.32960823178291326 0.35354222357273107 0.14949969947338107 0.29277065396308904 0.11837169528007509 0.23826970905065539 0.29787173867225653 0.27743867039680487 0.27404244244098669 0.25795775651931768 0.33226443827152258 0.32112815976142889 0.2997263371944428 0.30991716682910925 50.500000000000007 28.500000000000004 0.35316270589828497 0.66343435645103466 0.45487730205059057 0.37243685126304632 0.3444990366697312 0.25693033635616308 0.30000026524066931 97.500000000000014 48.500000000000007 0.30000026524066931 0.74061912298202526 0.039763800799846656 63.500000000000007
decision_type=2 2 2 2 2 2 2 2 2 2 2 2 2 2 2 2 2 2 2 2 2 2 2 2 2 2 2 2 2 2
left_child=-1 3 4 5 -3 11 -5 8 9 10 25 12 24 -9 -15 16 17 18 19 20 21 -16 -8 -24 -2 26 27 28 -4 -27
right_child=1 2 7 6 -6 -7 22 13 -10 -11 -12 -13 -14 14 15 -17 -18 -19 -20 -21 -22 -23 23 -25 -26 29 -28 -29 -30 -31
leaf_value=-0.062096049654871879 -0.055248616058727155 0.054199310564337855 -0.058357943440568875 -0.053197033974305308 0.009441406643454742 0.032508502745707574 0.023745712818847877 0.043991425713844269 -0.05706452243584037 0.046278299072650887 -0.055400156726779864 -0.055216484500612999 0.036230550244432384 -0.053156772727846517 0.0070045644744519469 0.03065020896629336 -0.05475410993832748 0.023076080614796372 -0.040585762592714916 -0.038975462734304842 0.02197116132445066 -0.042821317225163441 -0.042265589992280604 0.030473601608524161 0.030814079995166551 0.038785170780129247 -0.060736352134327577 0.023868985530729074 0.015461416080677279 -0.0021130260127306937
leaf_weight=0.17805936472723338 0.16507564566563748 0.6442184210754911 0.13313500661752209 0.39944816884235457 0.55476309848017991 0.58278975935536437 0.24588705523638055 0.28883814485743631 0.44723910139873613 0.21189104602672149 0.22237072032294225 0.17575161549029872 0.28947253146907315 0.17617724224692199 0.61179611232364761 0.74729508312884707 0.24444006942212571 1.0186054520891046 0.322625718807103 0.24044429790228594 1.1875609278213231 0.3718974637449719 0.46954930477659218 0.19126737359329127 0.066381739219650626 0.2651869909313973 0.15890174714149907 0.2396830270299688 0.089590759278507903 0.4203040658030659
leaf_count=49 83 36 35 141 40 48 30 12 150 16 80 44 14 78 106 74 70 47 37 11 35 58 136 16 5 17 32 20 16 47
internal_value=0.00103214 0.00203733 0.00460118 -0.00648725 0.03349 0.00989024 -0.0225302 -8.08e-05 -0.0132304 -0.00197041 -0.00865604 -0.00903045 0.00655182 0.00544263 0.00317993 0.00527181 0.000527398 0.00412806 -0.00293057 0.00210677 0.00665621 -0.0118327 -0.00901994 -0.0212119 -0.0305659 -0.000701864 -0.016601 -0.00143443 -0.0286643 0.0137087
internal_weight=11.3606 11.1826 8.59696 2.58562 1.19898 1.27947 1.30615 7.39798 2.1883 1.74106 1.52917 0.696682 0.52093 5.20968 4.92084 4.74467 3.99737 3.75293 2.73432 2.4117 2.17125 0.983694 0.906704 0.660817 0.231457 1.3068 0.621311 0.462409 0.222726 0.685491
internal_count=1583 1534 1017 517 76 194 323 941 413 263 247 146 102 528 516 438 364 294 247 210 199 164 182 152 88 167 103 71 51 64
is_linear=0
shrinkage=0.05


Tree=81
num_leaves=31
num_cat=0
split_feature=3 12 3 12 3 4 12 6 3 12 0 0 0 4 12 0 3 6 6 4 0 4 0 0 0 0 0 3 0 0
split_gain=0.224928 0.196468 0.295904 0.203008 0.356719 0.24612 0.243013 0.236954 0.196053 0.166105 0.164452 0.20866 0.182402 0.142209 0.138275 0.236555 0.136958 0.149269 0.18683 0.34951 0.222616 0.177227 0.129577 0.315759 0.12609 0.109032 0.0961949 0.13612 0.0926763 0.228428
threshold=0.11837169528007509 24.500000000000004 0.97439229488372814 33.500000000000007 0.3519608229398728 0.6568669080734254 46.500000000000007 0.12105294317007066 0.32960823178291326 6.5000000000000009 0.58017861843109142 0.58299937844276439 0.53157025575637828 0.029587306082248691 51.500000000000007 0.54031535983085643 0.9999937415122987 0.094888828694820418 0.083485122770071044 0.36001515388488775 0.71406409144401561 0.19592410326004031 0.63949391245841991 0.66282746195793163 0.56139713525772106 0.48381222784519201 0.54181236028671276 0.23826970905065539 0.63597232103347789 0.66282746195793163
decision_type=2 2 2 2 2 2 2 2 2 2 2 2 2 2 2 2 2 2 2 2 2 2 2 2 2 2 2 2 2 2
left_child=9 10 3 4 8 13 7 -5 -3 -1 12 -12 -2 -6 -8 -16 17 18 19 20 21 28 -19 -24 -14 -11 -17 -28 -13 -30
right_child=1 2 -4 6 5 -7 14 -9 -10 25 11 16 24 -15 15 26 -18 22 -20 -21 -22 -23 23 -25 -26 -27 27 -29 29 -31
leaf_value=0.013547439829978112 0.021934625788712015 0.022646001926247276 -0.060990863028036024 -0.056288737810156045 0.0052032413581395492 0.048103055343448754 0.029808897430583153 0.022532355562160034 0.071608418131998142 -0.0035132722344695627 0.042287679798287681 0.0058584562156246359 -0.055079955492037536 -0.058125676883438428 -0.063739372264090918 0.04483875271763052 0.013825088318946977 -0.059478463488099868 0.033395778444391712 -0.060378934221641922 0.052748408698454208 -0.060527010204755073 0.033797649804860802 -0.056758843276683062 -0.015702487615143312 -0.055783887905027175 -0.052092118925922193 0.0084118217933259708 -0.057788786316592712 0.0058892460131325201
leaf_weight=0.1849611507495873 0.19317179475910762 0.3798619858571326 0.14232352527324099 0.28294640922104042 0.1731574714940507 0.15620955603662878 0.71148125943727825 0.14381341158878058 0.44274752680212259 0.13626461051171646 0.27665960422018532 1.3789942343137247 0.34620534391433466 0.18163288716459647 0.12047684576828066 0.16619709786027659 1.0052940105088053 0.22724473808193568 0.32432299572974432 0.2728527916187885 0.18068310886155803 0.13488912530010555 0.19089199032168835 0.19418550489353947 0.49248519193497486 0.37245229865948204 0.098412877036025637 1.677686267532408 0.22324697312433261 0.38150733217480592
leaf_count=22 24 45 17 136 38 8 46 24 5 18 11 188 112 45 28 3 32 36 11 46 5 29 13 37 79 142 38 280 48 34
internal_value=0.000545744 0.00236757 0.00999905 0.0122271 0.0286174 -0.00419256 0.00539862 -0.0297269 0.0489987 -0.0270296 -0.00376231 0.000137457 -0.0218683 -0.0272176 0.0108019 0.00424614 -0.00244583 -0.00710753 -0.0023659 -0.00687506 -0.000525935 -0.00506931 -0.0295371 -0.0118679 -0.0319572 -0.0417827 0.00846314 0.00505932 -0.00129835 -0.0176177
internal_weight=11.1933 10.4996 4.67695 4.53462 1.33361 0.511 3.20101 0.42676 0.82261 0.693678 5.82263 4.79077 1.03186 0.35479 2.77425 2.06277 4.51411 3.50882 2.8965 2.57217 2.29932 2.11864 0.612322 0.385077 0.838691 0.508717 1.9423 1.7761 1.98375 0.604754
internal_count=1600 1418 713 696 141 91 555 160 50 182 705 490 215 83 395 349 479 447 361 350 304 299 86 50 191 160 321 318 270 82
is_linear=0
shrinkage=0.05


Tree=82
num_leaves=31
num_cat=0
split_feature=7 7 3 12 12 12 7 8 4 4 4 4 4 7 7 7 3 12 3 3 7 0 0 3 12 4 3 7 7 4
split_gain=0.314678 0.24406 0.177514 0.166475 0.242264 0.332097 0.122695 0.122114 0.116604 0.167 0.142971 0.112234 0.143876 0.111584 0.104805 0.167782 0.165602 0.157608 0.149614 0.194543 0.139394 0.0909698 0.259945 0.0850608 0.0837288 0.213956 0.0928346 0.0772177 0.140592 0.230378
threshold=0.35668857395648962 0.3444990366697312 0.14294264465570453 98.500000000000014 80.500000000000014 57.500000000000007 0.17414723336696628 1.1000000238418581 0.6568669080734254 0.78061798214912426 0.36001515388488775 0.28953628242015844 0.18714001029729846 0.29629880189895635 0.25711239874362951 0.27743867039680487 0.74061912298202526 2.5000000000000004 1.0000000180025095e-35 0.29435105621814733 0.34216937422752386 0.67179191112518322 0.66160073876380932 0.9999937415122987 46.500000000000007 0.0212542898952961 0.9999937415122987 0.3600581586360932 0.37243685126304632 0.46106496453285223
decision_type=2 2 2 2 2 2 2 2 2 2 2 2 2 2 2 2 2 2 2 2 2 2 2 2 2 2 2 2 2 2
left_child=1 3 -3 4 5 6 -1 8 10 -10 11 12 14 -6 16 -16 -8 -17 -19 -20 24 22 -12 -11 25 26 -21 -2 29 -29
right_child=27 2 -4 -5 13 -7 7 -9 9 23 21 -13 -14 -15 15 17 -18 18 19 20 -22 -23 -24 -25 -26 -27 -28 28 -30 -31
leaf_value=-0.05638513449727494 0.02704387325757527 0.0080654609402102031 -0.057724407507098056 -0.051861687612958812 -0.0021459416698026809 -0.05597556385699403 -0.055681981435592387 -0.057143503950034383 0.053007245384652436 -0.029130008200775756 -0.055914401003419739 0.024322285528617454 -0.052489942283706008 0.038311707783861115 0.024060048486506575 -0.055661395554607189 0.011734934065861055 0.029399969784476405 -0.053093409412059284 -0.052476647373404843 0.047575909965435453 -0.063859953502979697 0.05139733349771667 0.032482608140308726 0.019688991254808982 0.0046319763320831668 0.01318711362570351 -0.037874361916361295 0.010057517343607552 0.026482918220153064
leaf_weight=0.12074591207783658 0.44115217952639829 0.13393696822458867 0.43726157525088638 0.20916896569542576 0.29602172510931257 0.36870381789049123 0.22625091626832894 0.11079095795867022 0.20778135978616763 0.16175006606499664 0.14960805416922074 0.32772885847953137 0.1608249740093014 0.40169631596654654 0.55323088084696825 0.15363281799363937 0.15247674507554621 0.30004869526601385 0.21701830405800127 0.33638828425318912 0.12772384181153018 0.16266576235648245 0.090610772022046149 0.08569764974527061 0.23583055392373342 0.63979004649445415 0.064080518204718828 0.4180832878337245 2.4650921912398189 0.20835263561457396
leaf_count=33 29 18 103 70 37 153 82 53 11 53 52 33 62 27 89 36 14 42 114 165 6 16 3 4 26 68 3 66 121 7
internal_value=-0.00451421 -0.0110996 -0.0422977 -0.00805871 -0.00643739 -0.0103228 -0.00665137 -0.00530611 -0.0039868 0.0199588 -0.00678336 -0.00353216 -0.00641434 0.0211467 -0.00394962 -0.000405531 -0.0285398 -0.00693001 -0.00303245 -0.00903635 -0.00222548 -0.0349875 -0.0154363 -0.00779194 -0.0072101 -0.0133082 -0.0419695 0.00747487 0.00468243 -0.0164691
internal_weight=9.96415 6.43147 0.571199 5.86027 5.6511 4.95338 4.58468 4.46393 4.35314 0.455229 3.89791 3.49503 3.1673 0.697718 3.00647 2.62774 0.378728 2.07451 1.92088 1.62083 1.40381 0.402885 0.240219 0.247448 1.27609 1.04026 0.400469 3.53268 3.09153 0.626436
internal_count=1596 1373 121 1252 1182 1118 965 932 879 68 811 740 707 64 645 549 96 460 424 382 268 71 55 57 262 236 168 223 194 73
is_linear=0
shrinkage=0.05


Tree=83
num_leaves=31
num_cat=0
split_feature=0 7 4 4 7 4 3 12 3 7 12 12 12 4 12 0 7 12 12 3 3 3 12 7 0 7 0 0 3 12
split_gain=0.185456 0.224345 0.175647 0.130983 0.237382 0.183411 0.181236 0.241525 0.245041 0.149268 0.173316 0.409506 0.227091 0.212815 0.22877 0.189783 0.165744 0.159156 0.243328 0.122516 0.31305 0.125598 0.124237 0.160156 0.135466 0.2017 0.1271 0.11035 0.170149 0.105199
threshold=0.52118885517120372 0.35207463800907141 0.91422188282012951 0.72560054063797008 0.47617350518703466 0.30342604219913488 0.93225258588790905 80.500000000000014 0.30808266997337347 0.43887381255626684 32.500000000000007 33.500000000000007 26.500000000000004 0.059828849509358413 46.500000000000007 0.61848577857017528 0.28039941191673284 64.500000000000014 97.500000000000014 0.1386145502328873 0.29435105621814733 0.11837169528007509 25.500000000000004 0.37243685126304632 0.61138087511062633 0.32595846056938177 0.63501799106597911 0.62240064144134533 0.29435105621814733 9.5000000000000018
decision_type=2 2 2 2 2 2 2 2 2 2 2 2 2 2 2 2 2 2 2 2 2 2 2 2 2 2 2 2 2 2
left_child=1 -1 3 4 5 9 7 8 -7 10 12 -12 19 14 -13 16 -16 -18 -19 21 -21 -2 23 24 -22 26 -26 28 -15 -28
right_child=2 -3 -4 -5 -6 6 -8 -9 -10 -11 11 13 -14 27 15 -17 17 18 -20 20 22 -23 -24 -25 25 -27 29 -29 -30 -31
leaf_value=-0.05982801323135143 -0.0027166961052866815 0.012243983279976365 -0.057482652738764788 0.022807570987682366 -0.057237839183149612 0.011698899175363323 0.015101989694847212 0.0067454571459047534 -0.059101492551990147 0.044221252856196547 0.068354939803761491 -0.054491226293542243 -0.058598628906724903 0.037905716541243785 -0.029306186609184694 -0.052665253895504298 0.034194551346102678 -0.056654158199665322 0.030849826083275408 -0.053546376619478836 0.002047047740189789 0.049288180327745013 0.037621132616804616 0.015020963358475182 -0.053171518124806631 -0.056492050021831469 0.015676349757126184 0.03652570976486072 -0.051868222960394873 -0.027251518686000877
leaf_weight=0.27792309586948327 0.2289979312190481 0.17657658958341926 0.12737599463434968 0.67801454564323727 0.17746496014297086 0.15818974311696343 0.36856628162786353 0.37590755033306777 0.53731649453402497 0.22775459894910444 0.29927652218611944 0.20346485187474206 0.17568781862792082 0.11004754193709221 0.22266247597872257 0.13837910967413325 0.59083997528068721 0.14775803696829826 0.17184482212178409 0.28936347743729163 1.2767079555778775 0.2354953745380044 0.21234969864599396 0.99190177861601103 0.13110424211481564 0.30450496694538742 0.41517884907079861 0.63803961468511261 0.10142409306718037 0.21747076231986284
leaf_count=111 53 15 64 45 11 22 18 23 122 5 11 93 84 32 63 62 48 52 13 106 192 9 9 38 44 82 38 46 44 46
internal_value=-0.000607506 -0.0318275 0.000847364 0.00161924 1.36861e-05 0.00117217 -0.0151417 -0.0255456 -0.0429983 0.00437693 0.00309924 0.013304 -0.00287888 0.00621614 -0.00526555 0.00261161 0.00936223 0.0188192 -0.00960481 -0.000603928 -0.00353875 0.0236495 0.000538315 -0.00182154 -0.00894578 -0.0220836 -0.00836517 0.026151 -0.00515084 0.000920067
internal_weight=10.2076 0.4545 9.75309 9.62571 8.9477 8.77023 1.43998 1.07141 0.695506 7.33025 7.1025 2.62374 4.47876 2.32446 1.47495 1.27148 1.13311 0.910443 0.319603 4.30308 3.83858 0.464493 3.54922 3.33687 2.34497 1.06826 0.763754 0.849511 0.211472 0.63265
internal_count=1601 126 1475 1411 1366 1355 185 167 144 1170 1165 464 701 453 331 238 176 113 65 617 555 62 449 440 402 210 128 122 76 84
is_linear=0
shrinkage=0.05


Tree=84
num_leaves=31
num_cat=0
split_feature=3 3 12 7 7 12 7 7 4 12 12 3 12 12 12 7 7 7 7 3 3 7 12 7 3 3 3 6 12 3
split_gain=0.18986 0.51033 0.15266 0.178173 0.138804 0.206529 0.266412 0.148131 0.125641 0.185454 0.120299 0.200438 0.118349 0.117327 0.225347 0.18588 0.1053 0.147534 0.158779 0.102506 0.165076 0.130507 0.228721 0.136333 0.214045 0.119059 0.222697 0.146734 0.0969582 0.0941165
threshold=0.33712284266948706 0.33964461088180548 46.500000000000007 0.20322809368371966 0.31380061805248266 49.500000000000007 0.25286036729812628 0.32374675571918493 0.57699853181839 102.50000000000001 28.500000000000004 0.38288119435310369 25.500000000000004 47.500000000000007 6.5000000000000009 0.38767705857753759 0.35668857395648962 0.30418176949024206 0.29629880189895635 0.35354222357273107 0.39376872777938848 0.37243685126304632 18.500000000000004 0.27743867039680487 0.49871850013732916 0.60102730989456188 0.9999937415122987 0.083485122770071044 13.500000000000002 0.23826970905065539
decision_type=2 2 2 2 2 2 2 2 2 2 2 2 2 2 2 2 2 2 2 2 2 2 2 2 2 2 2 2 2 2
left_child=13 -2 3 -3 5 -4 -7 -6 9 -9 12 -12 19 14 -1 -16 17 18 29 -5 -21 22 23 -22 -25 27 28 -26 -27 -15
right_child=1 2 4 10 7 6 -8 8 -10 -11 11 -13 -14 16 15 -17 -18 -19 -20 20 21 -23 -24 24 25 26 -28 -29 -30 -31
leaf_value=0.0028037208737457875 0.065472671961726403 -0.057923247183450079 0.042364721751637052 0.028354281777137832 0.057540798576846644 0.00777631925298945 -0.052856873122291453 -0.035523693995991291 0.041170854168197685 0.03951978420068205 0.022677039759645905 -0.054770295302079025 0.029344522928562308 -0.052503478191408673 -0.04934441105192286 0.0095693518474500722 0.022467891300971061 -0.043720581678555304 0.036145192966821657 -0.039337722853072632 0.018666639800412797 0.011066705286871106 -0.05463200903857407 -0.058281111520312061 -0.015847979754272656 -0.043014728929030951 0.013486266948133738 0.043344663279360277 0.012400906977279927 0.0024184895422093931
leaf_weight=0.55633728648535929 0.31684355251491059 0.14797831684700202 0.23354694386944153 0.25796487857587624 0.278599276265595 0.59498523638467304 0.26047591574024409 0.20961194988922216 0.23799252783646807 0.13557920139282942 0.12434341909829516 0.25459932532976381 0.3187351002707145 0.12571357484557644 0.696242350670218 0.16576328896917403 0.3479472273029387 0.23528372700093314 0.22305454572779126 0.30809418379794795 0.53884078632108989 1.3680546567775307 0.23951524382573541 0.20374218135839317 0.18036172189749766 0.47105175507022046 0.44703668239526451 0.24956707446835935 0.094822411017958075 0.20553457026835531
leaf_count=85 5 36 11 21 17 60 130 45 11 8 21 128 31 57 328 16 19 59 15 46 58 49 83 63 40 99 20 9 23 28
internal_value=-0.000647078 0.00337654 0.000626936 -0.00384422 0.012556 0.000691459 -0.0106856 0.0275488 0.0132209 -0.0060492 -0.00226167 -0.0293573 -6.66752e-05 -0.0124105 -0.0220043 -0.0380153 -0.000448398 -0.0105469 0.00353423 -0.00221723 -0.00414023 -0.00128123 -0.00824745 -0.00316386 -0.0103078 -0.00353358 -0.012891 0.0185124 -0.0337288 -0.0184252
internal_weight=10.0282 7.47234 7.1555 5.20471 1.95079 1.08901 0.855461 0.861783 0.583184 0.345191 5.05673 0.378943 4.67779 2.55588 1.41834 0.862006 1.13753 0.789586 0.554303 4.35905 4.10109 3.79299 2.42494 2.18542 1.64658 1.44284 1.01291 0.429929 0.565874 0.331248
internal_count=1621 1014 1009 727 282 201 190 81 64 53 691 149 542 607 429 344 178 159 100 511 490 444 395 312 254 191 142 49 122 85
is_linear=0
shrinkage=0.05


Tree=85
num_leaves=31
num_cat=0
split_feature=4 4 4 6 7 4 7 3 4 3 6 3 7 7 3 3 7 7 6 6 7 4 0 0 7 0 3 7 7 3
split_gain=0.156372 0.0760089 0.0844236 0.251597 0.243331 0.150915 0.114635 0.112594 0.16705 0.148127 0.0877209 0.0922922 0.0853899 0.0839337 0.0700442 0.380804 0.140635 0.214583 0.120035 0.152655 0.129059 0.0995452 0.101921 0.214563 0.247088 0.0693293 0.11521 0.0690975 0.0683659 0.201069
threshold=0.91422188282012951 0.88255083560943615 0.60585561394691478 0.17269348353147509 0.47617350518703466 0.57699853181839 0.43887381255626684 0.85867658257484447 0.2547349631786347 0.85253447294235241 0.12312184646725656 0.45548626780509954 0.40936672687530523 0.3229451328516007 0.33712284266948706 0.38075001537799841 0.29026083648204809 0.31556069850921636 0.028463895432651046 0.019561945460736755 0.28039941191673284 0.30000026524066931 0.5440458655357362 0.58017861843109142 0.28109949827194219 0.53008049726486217 1.0000000180025095e-35 0.37243685126304632 0.27743867039680487 0.43203487992286688
decision_type=2 2 2 2 2 2 2 2 2 2 2 2 2 2 2 2 2 2 2 2 2 2 2 2 2 2 2 2 2 2
left_child=1 2 4 -4 5 6 7 9 13 10 12 -12 14 -9 18 16 -16 -18 19 20 -1 22 25 24 -24 26 -22 -27 -17 -30
right_child=-2 -3 3 -5 -6 -7 -8 8 -10 -11 11 -13 -14 -15 15 28 17 -19 -20 -21 21 -23 23 -25 -26 27 -28 -29 29 -31
leaf_value=-0.035554498278620041 -0.05677712982355021 0.022698819755990501 -0.04700528823848249 0.023182351747372893 -0.056798427321784278 0.044229688853454255 0.033061966684201617 -0.013998898223142443 0.0065327261012773988 0.045114625532265092 0.0011844298200519505 -0.05291046053126143 -0.028858371994023819 -0.057324665750494191 -0.003784144328418971 0.008772382273525196 0.070262072441278078 0.019580168349148733 -0.053409061629403856 0.03744168872437633 0.0052087142598097698 0.038856018655355172 0.057050127952418109 0.019477403053307044 -0.056469184993040371 0.0040906362863881995 -0.052247370894120015 0.04024959073138204 -0.054349992239474287 -0.00138502696042306
leaf_weight=0.29335653703309583 0.1169473818154082 0.4011242273263641 0.31861336505971927 0.21306226158048958 0.17466611461713988 0.21445844788104373 0.28274387773126441 0.20636903576087195 0.4141020507668145 0.20014622819144268 0.16783433331875119 0.14871383516583592 0.20788305532187212 0.24389973317738622 0.20076056764810324 1.1068225167400672 0.38529510027728975 0.45604516015737318 0.11236310572712671 0.23831758642336343 0.41046852321596794 0.15233623475069169 0.055507086217403301 0.22951007024676073 0.35138490373356035 0.33340972835139837 0.11080013029277325 0.2188407510984689 0.19945987191749726 1.7630031983280785
leaf_count=137 64 18 62 22 12 15 8 28 30 5 31 61 15 22 40 162 11 41 45 16 55 11 2 48 128 49 47 10 75 348
internal_value=0.0006981 0.00138319 0.000474572 -0.0188785 0.0016335 0.0028061 0.00175965 0.000681192 -0.0163879 0.00269066 0.00150179 -0.0242293 0.00269512 -0.0374674 0.00368632 0.00770261 0.0338176 0.0427901 -0.0029021 -0.000531476 -0.00472966 0.000126091 -0.00332434 -0.0191789 -0.0409832 0.00607451 -0.00700407 0.0184194 -0.00116411 -0.00676825
internal_weight=9.92825 9.8113 9.41017 0.531676 8.8785 8.70383 8.48937 8.20663 0.864371 7.34226 7.14211 0.316548 6.82556 0.450269 6.61768 4.11139 1.0421 0.84134 2.50629 2.39393 2.15561 1.86226 1.70992 0.636402 0.406892 1.07352 0.521269 0.55225 3.06929 1.96246
internal_count=1618 1554 1536 84 1452 1440 1425 1417 80 1337 1332 92 1240 50 1225 677 92 52 548 503 487 350 339 178 130 161 102 59 585 423
is_linear=0
shrinkage=0.05


Tree=86
num_leaves=31
num_cat=0
split_feature=0 12 3 12 12 12 6 4 12 12 12 4 12 12 6 0 12 0 4 0 0 0 12 3 3 3 12 12 4 4
split_gain=0.135025 0.146636 0.244517 0.173267 0.232805 0.190522 0.17681 0.152941 0.296644 0.114885 0.171004 0.110583 0.106874 0.100774 0.109159 0.0922908 0.103039 0.16913 0.0880195 0.142247 0.0838245 0.251467 0.110824 0.131308 0.146287 0.0850503 0.0783178 0.110996 0.132128 0.137742
threshold=0.50879192352294933 24.500000000000004 0.97439229488372814 33.500000000000007 32.500000000000007 46.500000000000007 0.12105294317007066 0.6568669080734254 26.500000000000004 51.500000000000007 56.500000000000007 0.30000026524066931 72.500000000000014 15.500000000000002 0.054983092471957214 0.54031535983085643 101.50000000000001 0.57410290837287914 0.10330102965235712 0.68672966957092296 0.61786010861396801 0.58017861843109142 64.500000000000014 0.81935068964958202 0.55229496955871593 0.23826970905065539 13.500000000000002 8.5000000000000018 0.043495764955878265 0.17507567256689074
decision_type=2 2 2 2 2 2 2 2 2 2 2 2 2 2 2 2 2 2 2 2 2 2 2 2 2 2 2 2 2 2
left_child=12 13 3 4 7 6 -5 8 -3 11 -11 -7 -1 26 18 -12 20 -18 19 -15 21 25 -22 24 -24 -17 27 -2 -29 -30
right_child=1 2 -4 5 -6 9 -8 -9 -10 10 15 -13 -14 14 -16 16 17 -19 -20 -21 22 -23 23 -25 -26 -27 -28 28 29 -31
leaf_value=-0.055786001937660729 -0.00039664289719579466 0.020620933909124749 -0.058661588720098225 -0.053934400909095764 0.064001382966298676 0.0088816515922544494 0.020903732700106759 0.047941659238195322 -0.057307653403655803 -0.056780519403930398 -0.028718004679120408 0.050939157823241925 0.007148722213702787 -0.051787426744691306 -0.056065893712450326 -0.012687897853043615 0.034764142810233933 -0.051787924306019452 0.011174790183237464 0.034914210938390769 0.063293536409217602 -0.053631595601266846 0.026403215903995959 0.037225269438507409 -0.05321267991443699 0.03354412401032654 0.01666020053524158 -0.04537168445464726 0.030778028854807727 -0.032369006518664506
leaf_weight=0.18866521997551977 3.3927560201555007 0.47782737744273596 0.13271856965729956 0.24812758769985555 0.30561290285550058 0.36474388896022025 0.11573420217609964 0.2337617173907347 0.16404309026256669 0.1148148628999478 0.17084360442822788 0.27347934641875327 0.10500057396711782 0.19535000689938886 0.17774618457769975 0.14090401807334252 0.089186260243877657 0.15373437476227991 0.24248080269899219 0.062424599600490183 0.16333194842445664 0.15322750412451569 0.11864236721885391 0.31784611451439559 0.1123146559111774 0.33836631823214702 0.51275704571162339 0.32762914164050005 0.17133376965648495 0.17412027114187367
leaf_count=73 345 39 19 150 16 44 22 12 89 42 37 11 11 117 49 34 5 56 40 3 22 68 24 9 39 37 56 96 18 36
internal_value=0.000105334 0.00114338 0.00812175 0.0103067 0.0264288 0.00368334 -0.0301305 0.0133152 0.000704694 0.00858236 0.0023402 0.0269033 -0.0332836 -0.00441806 -0.0224085 0.0062005 0.00995823 -0.0200111 -0.0104497 -0.0307911 0.0153725 0.00212584 0.0271377 0.0163772 -0.0123141 0.0199521 -0.00175402 -0.0040763 -0.0226241 -0.00105017
internal_weight=9.73952 9.44586 4.18926 4.05654 1.18125 2.8753 0.363862 0.875632 0.64187 2.51144 1.87321 0.638223 0.293666 5.2566 0.678002 1.7584 1.58755 0.242921 0.500255 0.257775 1.34463 0.632498 0.712135 0.548803 0.230957 0.47927 4.5786 4.06584 0.673083 0.345454
internal_count=1619 1535 775 756 156 600 172 140 128 428 373 55 84 760 209 331 294 61 160 120 233 139 94 72 63 71 551 495 150 54
is_linear=0
shrinkage=0.05


Tree=87
num_leaves=31
num_cat=0
split_feature=0 8 12 0 4 7 12 7 7 7 0 7 12 12 7 0 7 7 6 12 7 7 0 4 0 7 0 7 7 12
split_gain=0.220296 0.219386 0.167228 0.186392 0.144487 0.195827 0.1924 0.170683 0.145419 0.126597 0.153872 0.0986051 0.0985948 0.21842 0.171529 0.197868 0.221892 0.179669 0.0943456 0.103635 0.0939365 0.0884611 0.120987 0.0872407 0.17278 0.086964 0.167747 0.145273 0.0946126 0.10738
threshold=0.66973870992660534 1.1000000238418581 23.500000000000004 0.66160073876380932 0.045071344822645194 0.45487730205059057 16.500000000000004 0.45487730205059057 0.41764701902866369 0.20900084078311923 0.71406409144401561 0.24956940859556201 33.500000000000007 42.500000000000007 0.29099465906620031 0.63597232103347789 0.38767705857753759 0.29026083648204809 0.10048875212669374 4.5000000000000009 0.3952689021825791 0.36907215416431433 0.59132018685340892 0.28953628242015844 0.55075579881668102 0.29629880189895635 0.63949391245841991 0.20731281489133838 0.32970482110977178 64.500000000000014
decision_type=2 2 2 2 2 2 2 2 2 2 2 2 2 2 2 2 2 2 2 2 2 2 2 2 2 2 2 2 2 2
left_child=1 2 3 4 5 6 8 18 11 -2 -11 -1 14 -14 17 16 -16 23 19 -6 21 22 -13 24 -4 26 27 -15 29 -27
right_child=9 -3 12 -5 7 -7 -8 -9 -10 10 -12 20 13 25 15 -17 -18 -19 -20 -21 -22 -23 -24 -25 -26 28 -28 -29 -30 -31
leaf_value=-0.053427561153821551 0.0084818147314856002 -0.052905716001090633 0.042376595787910365 0.030852783263705892 -0.055980656791965171 -0.058976850413990173 -0.051607633054084168 0.038930606270878416 0.035866102823563749 -0.048571387536118005 -0.011225841380738382 0.0098319342243972964 -0.052808916794208127 0.011537662107103575 -0.057175286530803504 0.037643026513864496 0.033063070215485345 0.072355965508153819 -0.058000216362878582 -0.0096985511586232809 -0.035401795862278297 0.025446273826666772 -0.023794948492650809 0.042374191908662318 -0.054517449881427898 0.044423601855958908 0.031156118533980925 -0.038189817681274926 0.0051054798638913972 -0.00019846380703622166
leaf_weight=0.082522658805830651 0.30228136014193285 0.1826160241907927 0.091089597088285013 0.33602222072659049 0.16144663159502659 0.14137552492320526 0.15864305807917833 0.095914534293115139 0.33275592792779196 0.50072049902519189 0.61407843211782165 0.8358083913917651 0.15486928141035639 0.24560438003391061 0.19270185986533761 0.21516372231417336 0.10537689179182053 0.25524076819419861 0.24068047147011384 0.48224485391983762 0.15020423987880338 0.42877042456530023 0.39338564402714837 0.18025694831158035 0.092964340859907679 0.43260574099258498 0.23970710189314559 0.36533837163005956 0.87805030483286828 0.19586599690956064
leaf_count=26 22 76 13 24 48 9 92 3 7 121 55 147 119 28 84 11 6 2 49 100 10 20 109 14 36 44 32 156 96 57
internal_value=-0.0021066 0.00124078 0.00256189 -0.00471968 -0.00813121 -0.00180279 0.00159046 -0.0244219 0.00538614 -0.0202179 -0.0279999 2.17631e-05 0.0102329 0.00471062 0.022479 0.00110223 -0.0252742 0.0401876 -0.0312928 -0.0213067 0.00246113 0.00589134 -0.00092986 0.0176501 -0.0065639 0.00848972 -0.00429103 -0.0181989 0.0157063 0.0305169
internal_weight=9.08431 7.66723 7.48461 3.83977 3.50375 2.52347 2.38209 0.980286 2.22345 1.41708 1.1148 1.89069 3.64484 2.51204 1.13279 0.513242 0.298079 0.619552 0.884372 0.643691 1.80817 1.65796 1.22919 0.364311 0.184054 2.35717 0.85065 0.610943 1.50652 0.628472
internal_count=1616 1418 1342 644 620 420 411 200 319 198 176 312 698 532 166 101 90 65 197 148 286 276 256 63 49 413 216 184 197 101
is_linear=0
shrinkage=0.05


Tree=88
num_leaves=31
num_cat=0
split_feature=6 7 3 4 6 6 6 7 7 4 4 8 4 0 3 3 7 0 3 7 3 4 3 7 0 7 3 7 6 3
split_gain=0.0709927 0.157861 0.125113 0.154707 0.114103 0.104057 0.121784 0.111407 0.128535 0.166754 0.2292 0.185418 0.146223 0.129481 0.192366 0.274258 0.131061 0.125525 0.206334 0.152127 0.118891 0.106864 0.0987132 0.0935137 0.128165 0.0933935 0.0899434 0.0819202 0.0821549 0.0690857
threshold=0.098646726459264769 0.40085881948471075 0.95996761322021495 0.058585543185472495 0.059317039325833328 0.019979323260486129 0.019561945460736755 0.20322809368371966 0.22601355612277987 0.022502121515572075 0.10330102965235712 1.1000000238418581 0.107896875590086 0.64837586879730236 0.33712284266948706 0.37627542018890386 0.42508374154567724 0.5440458655357362 0.29435105621814733 0.29629880189895635 0.75870591402053844 0.2547349631786347 0.15932269394397738 0.36742486059665685 0.66786432266235363 0.26438684761524206 0.31639833748340612 0.32349976897239691 0.083485122770071044 0.27950905263423925
decision_type=2 2 2 2 2 2 2 2 2 2 2 2 2 2 2 2 2 2 2 2 2 2 2 2 2 2 2 2 2 2
left_child=4 2 3 -2 5 6 7 20 -9 11 -11 13 -12 14 17 -16 -17 19 -19 -10 -1 -7 -14 24 29 -15 -5 28 -6 -24
right_child=1 -3 -4 26 27 21 -8 8 9 10 12 -13 22 25 15 16 -18 18 -20 -21 -22 -23 23 -25 -26 -27 -28 -29 -30 -31
leaf_value=-0.053582844843243986 0.0045558192160578869 0.031266358573192168 0.0043920214266240749 0.0027530711935191115 -0.020714473362331249 -0.039649282861899254 0.046884072971689228 0.029108103177070917 -0.052155265317760859 -0.057806735073308184 0.05081031890037039 -0.053357030339279556 0.025899616831716168 0.023847366586675234 0.049575708715871414 0.0013437501040144953 0.044861009755596024 -0.052672944695948777 0.010354097017862759 0.014627072220526722 0.019552524300343658 0.011194915675819705 -0.0074994578235456372 0.0032327468820022723 -0.00021271288460188479 -0.052679478928686144 -0.054250371526660804 0.030153837305657488 0.018882151971405605 -0.056477551729036415
leaf_weight=0.17882678585738165 0.23423003748757742 0.20619745226576913 0.45725698082242161 0.083078038733219728 0.2133124384563414 0.30368880975584023 0.14945142646320153 0.4246708632854278 0.094560655721580789 0.24171323516202381 0.10814540425781149 0.1254149532469454 0.16784081101650361 0.055654833908192702 0.59332866492331948 1.0654950561438452 0.2065600687637924 0.27045434025785653 0.249784710991662 0.86842390584934037 0.080621595494449139 0.1566538282786496 0.094288937834789754 0.41826793737709522 0.26846301584737375 0.14055573445511982 0.41425715711375233 0.61224830651190132 0.3394578960724175 0.30455831604194827
leaf_count=60 36 7 28 13 36 92 4 43 60 82 10 48 19 12 37 234 6 129 46 109 4 29 29 25 30 53 141 27 17 147
internal_value=0.00126183 -0.00911991 -0.0161248 -0.0289486 0.00313481 0.000576642 0.0023046 0.00118629 0.00264526 0.000514232 -0.0129382 0.00639069 -0.00497285 0.00850455 0.0108177 0.0215039 0.00841021 -0.00262177 -0.0224115 0.00806935 -0.0308566 -0.0223471 -0.00978584 -0.0153032 -0.0269214 -0.0309728 -0.0447282 0.0175557 0.00360193 -0.044899
internal_weight=9.12746 1.39502 1.18882 0.731565 7.73244 6.56742 6.10708 5.95763 5.69818 5.27351 1.60328 3.67023 1.36156 3.54482 3.34861 1.86538 1.27206 1.48322 0.520239 0.962985 0.259448 0.460343 1.25342 1.08558 0.66731 0.196211 0.497335 1.16502 0.55277 0.398847
internal_count=1613 225 218 190 1388 1308 1187 1183 1119 1076 342 734 260 686 621 277 240 344 175 169 64 121 250 231 206 65 154 80 53 176
is_linear=0
shrinkage=0.05


Tree=89
num_leaves=31
num_cat=0
split_feature=4 12 12 4 12 4 0 0 12 12 0 12 12 4 7 6 4 7 7 7 6 4 4 7 7 0 7 0 0 7
split_gain=0.194867 0.137206 0.156899 0.161187 0.123051 0.11651 0.199814 0.162934 0.0798648 0.159804 0.112124 0.131397 0.0955862 0.0795045 0.162156 0.114571 0.225754 0.13987 0.187695 0.170795 0.160675 0.109022 0.240986 0.0859556 0.226412 0.0852955 0.101376 0.094416 0.112171 0.0901474
threshold=0.90604233741760265 30.500000000000004 33.500000000000007 0.60759925842285167 26.500000000000004 0.059828849509358413 0.61848577857017528 0.60584920644760143 96.500000000000014 73.500000000000014 0.50153666734695446 46.500000000000007 48.500000000000007 0.72560054063797008 0.47617350518703466 0.019979323260486129 0.022502121515572075 0.43887381255626684 0.40085881948471075 0.38307331502437597 0.019561945460736755 0.045974882319569595 0.2547349631786347 0.35706225037574774 0.27071718871593481 0.54372221231460582 0.27687545120716101 0.5440458655357362 0.56139713525772106 0.20322809368371966
decision_type=2 2 2 2 2 2 2 2 2 2 2 2 2 2 2 2 2 2 2 2 2 2 2 2 2 2 2 2 2 2
left_child=1 4 -3 5 13 6 7 8 9 10 -4 -12 -13 14 15 17 -17 18 19 20 25 -18 -23 24 -24 26 -1 -27 -29 -30
right_child=-2 2 3 -5 -6 -7 -8 -9 -10 -11 11 12 -14 -15 -16 16 21 -19 -20 -21 -22 22 23 -25 -26 27 -28 28 29 -31
leaf_value=0.016248231867187112 -0.057897341994855127 0.038327702021199672 0.033048997138011807 -0.038266441732517031 -0.053193004538302668 0.019051508307899201 -0.053348325401902999 0.062573185073716883 0.029439281336607899 -0.057845477528472612 -0.054806354803189156 0.039941601991203841 -0.0086898588582705622 0.024704456805423922 -0.056612002556913524 -0.057857156755600748 0.018793608715842215 0.046665476207693929 -0.051131223052500466 0.029730749072588977 0.049947680885616519 -0.046446496681137546 0.046620545457483842 0.02949618977004171 -0.043717223637536932 0.044350229014786718 -0.052153253086523771 -0.052777822090733006 -0.057985547304514953 0.00056610506962601948
leaf_weight=0.075973701423209028 0.14413092228642277 0.39117826416622881 0.21679742081323705 0.20381911276490416 0.12601330640609365 1.2614135782205265 0.16550374383223232 0.11210452340310428 0.1911425528815015 0.1289599355077371 0.1239524775519385 0.12864521064329892 0.47090066302916966 0.24345645442372177 0.14523220947012294 0.24945168595877465 0.33193640384706646 0.16864521335810412 0.17019560863263894 0.49174987338483322 0.13680923194624472 0.35875477240188047 0.10864074947312474 0.23129821196198463 0.19182262897084001 0.10284085664898146 0.1887278101494303 0.11462987448612683 0.068412067979806923 1.6816285919485379
leaf_count=26 65 51 12 46 64 189 86 31 22 47 73 9 90 23 10 52 19 4 13 17 3 70 4 10 43 4 104 71 13 327
internal_value=-0.000241423 0.000727037 0.00854223 0.00466261 -0.00438806 0.00778817 -0.00144958 0.00480864 -0.00032915 -0.00565062 0.00150781 -0.00794355 0.00174505 -0.00317268 -0.0045817 -0.00296413 -0.014509 0.00234679 -0.000119129 0.00291573 -0.0026504 -0.00566342 -0.0147797 0.00658444 -0.0110531 -0.00587406 -0.0325209 -0.0022891 -0.00486137 -0.00172278
internal_weight=8.72477 8.58064 3.39442 3.00324 5.18622 2.79942 1.53801 1.3725 1.2604 1.06926 0.940296 0.723498 0.599546 5.06021 4.81675 4.67152 1.4719 3.19961 3.03097 2.86077 2.36902 1.22245 0.890516 0.531762 0.300463 2.23221 0.264702 1.96751 1.86467 1.75004
internal_count=1598 1533 656 605 877 559 370 284 253 231 184 172 99 813 790 780 198 582 578 565 548 146 127 57 47 545 130 415 411 340
is_linear=0
shrinkage=0.05


Tree=90
num_leaves=31
num_cat=0
split_feature=12 7 12 7 4 12 12 3 3 7 7 3 3 3 3 12 7 12 4 0 3 3 3 0 12 3 0 0 4 4
split_gain=0.15248 0.158286 0.141005 0.135764 0.132169 0.104043 0.109519 0.176755 0.0940258 0.111868 0.168011 0.106998 0.179519 0.168388 0.166971 0.124954 0.0957365 0.0926831 0.0843813 0.155278 0.0754051 0.0618432 0.136978 0.136192 0.134896 0.0700053 0.134181 0.155744 0.090152 0.115939
threshold=30.500000000000004 0.35706225037574774 33.500000000000007 0.34738881886005407 0.62175661325454723 1.5000000000000002 13.500000000000002 0.9999937415122987 0.85867658257484447 0.29629880189895635 0.21744287759065631 0.34672090411186224 0.38288119435310369 0.25693033635616308 0.52014809846878063 55.500000000000007 0.30432119965553289 5.5000000000000009 0.10190830007195474 0.58737325668334972 0.63763511180877697 0.1386145502328873 0.29435105621814733 0.52811041474342357 1.5000000000000002 0.49871850013732916 0.60645705461502086 0.63949391245841991 0.11199992895126344 0.050559889525175102
decision_type=2 2 2 2 2 2 2 2 2 2 2 2 2 2 2 2 2 2 2 2 2 2 2 2 2 2 2 2 2 2
left_child=1 3 -2 21 8 -3 7 17 9 10 -4 13 -13 15 -14 -11 -17 -7 19 -16 -12 23 -23 -1 -24 28 -27 -28 29 -26
right_child=2 5 4 -5 -6 6 -8 -9 -10 11 20 12 14 -15 18 16 -18 -19 -20 -21 -22 22 24 -25 25 26 27 -29 -30 -31
leaf_value=-0.05208246288845806 0.03733729165711782 0.024199725878840173 0.016477255759140132 -0.054938365015104941 -0.035749068385071685 -0.045649971346492603 0.016009914889307249 0.022349422188732995 -0.030455855716721655 0.033278197688382034 -0.036749083610946538 0.065978955293619204 -0.030390657859051068 -0.042327257252907112 0.052581115570632178 0.029174289279980167 -0.027811976723870854 -0.0098549845769807798 0.041936413753829546 -0.052962928104409703 0.011328541888896752 -0.052293773119637822 -0.053969890156184377 0.02899299864922681 -0.023013199156054827 0.025043102695945701 -0.052950252561018346 -0.00037972484392214415 -0.057948524066729123 0.031839697104167168
leaf_weight=0.066091016698920479 0.38263560914492734 0.54470890184165943 0.48619052884169045 0.17687805471359741 0.18558661709539581 0.28704991959966697 0.60747451795032237 0.29538081213831902 0.15235724509693671 0.41034242768364471 0.3541013551002834 0.24405560619197786 0.15096203867869917 0.15561853253166191 0.065443679690361023 0.11244653118774295 0.21389927435666323 0.48875447304453701 0.37108731563785113 0.074541424182825722 0.10596023642574437 0.19775479735835721 0.15460243908455629 0.23951288178795949 0.41513186813972458 0.40420406404882658 0.16825246198277433 0.86618694663047791 0.12150347015995067 0.12544005375821143
leaf_count=56 54 24 50 60 62 32 53 7 25 41 196 12 55 47 3 11 40 41 26 44 27 119 40 38 126 46 76 131 51 9
internal_value=0.000597454 -0.00485139 0.00870953 -0.0124734 0.00515602 0.00521215 -0.00094914 -0.0105667 0.00777646 0.00989877 -0.00401736 0.0172209 0.0293237 0.00493119 0.015811 0.0149141 -0.00817665 -0.0230992 0.0294581 -0.0036206 -0.025676 -0.00975071 -0.0123931 0.0114593 -0.00889441 -0.00557708 0.000614885 -0.00893037 -0.0190318 -0.0102846
internal_weight=8.62416 5.15893 3.46523 2.93556 3.08259 2.22337 1.67866 1.07119 2.89701 2.74465 0.946252 1.7984 0.90609 0.892307 0.662034 0.736688 0.326346 0.775804 0.511072 0.139985 0.460062 2.75868 2.45308 0.305604 2.25532 2.10072 1.43864 1.03444 0.662075 0.540572
internal_count=1602 909 693 752 639 157 133 80 577 552 273 279 140 139 128 92 51 73 73 47 223 692 598 94 479 439 253 207 186 135
is_linear=0
shrinkage=0.05


Tree=91
num_leaves=31
num_cat=0
split_feature=7 7 0 0 0 0 7 6 7 7 7 6 0 4 4 0 0 0 7 7 4 4 0 0 0 12 7 7 7 7
split_gain=0.132917 0.653372 0.105833 0.180583 0.158933 0.0839139 0.0878034 0.199667 0.122952 0.108285 0.0931476 0.0813009 0.139709 0.18212 0.164547 0.14248 0.100071 0.126071 0.087072 0.0824584 0.0713738 0.0700208 0.0658199 0.124282 0.11505 0.114962 0.0729626 0.0656113 0.115732 0.107436
threshold=0.31380061805248266 0.31446340680122381 0.50879192352294933 0.55075579881668102 0.57570967078208934 0.57723218202590953 0.2997263371944428 0.52060812711715709 0.29927712678909307 0.27743867039680487 0.27404244244098669 0.081176627427339568 0.63756224513053905 0.2547349631786347 0.026072675362229351 0.6076960861682893 0.60584920644760143 0.54746359586715709 0.35207463800907141 0.39661149680614477 0.47690545022487646 0.084190960973501219 0.68847504258155834 0.63949391245841991 0.59800586104393016 85.500000000000014 0.19116725027561191 0.37243685126304632 0.35876084864139562 0.35464857518672949
decision_type=2 2 2 2 2 2 2 2 2 2 2 2 2 2 2 2 2 2 2 2 2 2 2 2 2 2 2 2 2 2
left_child=2 -2 -1 -4 -5 -6 8 -8 9 10 22 12 14 -14 15 19 17 -16 21 27 -20 -13 23 24 -7 -24 -26 28 29 -3
right_child=1 11 3 4 5 6 7 -9 -10 -11 -12 18 13 -15 16 -17 -18 -19 20 -21 -22 -23 25 -25 26 -27 -28 -29 -30 -31
leaf_value=-0.061700536856944155 0.085429472934653111 -0.0061395051088468065 0.016965145209193393 -0.05274738447184351 0.03834227582368363 0.0087857605707336219 -0.053481114721150226 0.053182993068595953 0.035620396282205223 -0.030956532853285562 0.042678318809537569 0.018660712449231752 -0.0470228234835307 0.0030482061571675007 -0.059036762994332706 0.026970995517436425 -0.062176749315777873 0.00086795442304541 0.0063786794094931034 -0.032524596926437013 0.03621183824059155 -0.029693496602076597 -0.055794526099022912 0.018470421943222112 0.0044598406349844553 0.0040654588142364492 -0.055045400887514973 0.021975738616884202 -0.054376358844690748 0.03779412490590825
leaf_weight=0.089452146487019824 0.23929203971056257 0.66284792018268601 0.65254159132018719 0.22355257550225394 0.091302061075112184 0.22377305550617232 0.25721852862625372 0.05289701372385025 0.15810126811265934 0.47295107794343483 0.10231679157004681 0.12650626053800784 0.37082205271872215 0.35590083774877712 0.10921299838810217 0.71640877379104484 0.11451392967137508 0.44854401529300958 0.40219523967243731 0.1740210277494042 0.39974927506409585 0.18341823015362024 0.16382927967060823 0.4574573799764039 0.069382436631713063 0.15714528446551412 0.20003503074985929 0.36892065824940801 0.097853137122001499 0.1761294276220724
leaf_count=49 5 190 130 130 13 44 124 1 6 183 17 14 72 38 28 67 38 68 28 20 12 38 31 72 14 12 85 22 31 10
internal_value=-0.000385935 0.00483252 -0.00804091 -0.00657862 -0.0124203 -0.00867392 -0.0105281 -0.0352872 -0.00669859 -0.0103213 -0.00321799 0.000735215 -0.00291914 -0.0225013 0.00204202 0.00866768 -0.0196028 -0.0108618 0.0125514 -0.000193582 0.0212498 -0.00995608 -0.00691088 -0.000300981 -0.0177123 -0.0264878 -0.0397212 0.00411526 -0.00291814 0.00308363
internal_weight=8.31829 4.94634 3.37196 3.2825 2.62996 2.40641 2.31511 0.310116 2.00499 1.84689 1.37394 4.70704 3.59517 0.726723 2.86845 2.19618 0.672271 0.557757 1.11187 1.47977 0.801945 0.309924 1.27162 0.950648 0.493191 0.320975 0.269417 1.30575 0.93683 0.838977
internal_count=1592 681 911 862 732 602 589 125 464 458 275 676 584 110 474 340 134 96 92 273 40 52 258 215 143 43 99 253 231 200
is_linear=0
shrinkage=0.05


Tree=92
num_leaves=31
num_cat=0
split_feature=12 7 7 3 3 7 7 12 7 7 12 3 6 12 12 12 7 3 12 3 7 7 7 3 3 7 7 7 7 7
split_gain=0.114966 0.1554 0.174456 0.173997 0.28774 0.187361 0.124741 0.120161 0.0875359 0.16325 0.0933501 0.0874421 0.0998197 0.0847896 0.0842754 0.11108 0.081889 0.0780759 0.0911623 0.0775974 0.0712302 0.0704134 0.069893 0.0533916 0.0398972 0.0347599 0.129639 0.112609 0.0995631 0.10208
threshold=30.500000000000004 0.29026083648204809 0.32374675571918493 0.33712284266948706 0.38288119435310369 0.32349976897239691 0.22601355612277987 47.500000000000007 0.38034547865390783 0.36968341469764715 3.5000000000000004 0.57629442214965831 0.12105294317007066 87.500000000000014 56.500000000000007 62.500000000000007 0.21508859097957614 0.25693033635616308 50.500000000000007 0.93225258588790905 0.36645796895027166 0.3012374639511109 0.3952689021825791 0.34672090411186224 0.76438340544700634 0.27743867039680487 0.2869544923305512 0.27404244244098669 0.26919934153556829 0.24956940859556201
decision_type=2 2 2 2 2 2 2 2 2 2 2 2 2 2 2 2 2 2 2 2 2 2 2 2 2 2 2 2 2 2
left_child=8 6 3 13 -5 7 16 -6 9 20 -10 12 17 21 -8 -16 -2 -4 -19 -17 25 -3 -12 -20 -13 27 -27 28 29 -1
right_child=1 2 11 4 5 -7 14 -9 10 -11 22 24 -14 -15 15 19 -18 18 23 -21 -22 -23 -24 -25 -26 26 -28 -29 -30 -31
leaf_value=-0.01797417270453858 -0.003056035701582257 0.0033850880696163392 0.013424694955266214 0.070713489919445191 0.026255268469563855 0.051506131752763355 -0.053585352345712448 -0.053655379925769658 0.024773640590181275 -0.056241389048031137 0.01235844283438838 -0.0029565788232076146 0.038545072509469924 0.037204655909437764 0.021139815350755559 -0.052018872309382215 0.034813770076027505 -0.058276724044310051 -0.029291858549004429 0.020536188910204877 0.031030381777366875 -0.057874612225982017 -0.01727985175204599 0.021004535255589749 -0.054824997424048477 -0.054231573193388186 -0.0060168467151583355 0.042918847979619368 -0.055072375653920959 0.020135542535982608
leaf_weight=0.34802366700023535 0.44540466344915353 0.12283088537515163 0.46498922430328071 0.43721252330578864 0.077425388575647958 0.15242227911949158 0.1622515319759259 0.11988322777324356 0.52424335735850014 0.15855059993918974 0.39943356392905116 0.066010284863295854 0.21978128707269207 0.096057345566805452 0.1585893772135023 0.15451059117913246 0.21008176245959476 0.099925192378577776 0.092179201514227316 0.048393067670986056 0.13651919487165276 0.075889082276262343 0.39623865252360702 0.12339886976405978 0.084577558882301673 0.14830469821026815 2.3263117492970196 0.14495704241562635 0.088263544254004955 0.35490523367479909
leaf_count=99 66 30 60 8 23 2 111 66 22 30 18 25 12 12 22 102 17 32 21 4 10 38 28 23 23 58 548 12 30 61
internal_value=0.00214401 0.0092276 0.0169829 0.0313995 0.0436727 0.00986795 -0.00545512 -0.0222978 -0.00266479 -0.00660295 0.00839209 0.0034324 0.00877994 -0.00136536 -0.0236478 -0.0102107 0.00908114 0.000398289 -0.0188 -0.0347143 -0.00438429 -0.0200094 -0.0024012 -0.00050174 -0.0320884 -0.0058018 -0.00890637 0.00240483 -0.00501788 0.00126723
internal_weight=8.43756 3.41181 2.23258 1.08172 0.786943 0.349731 1.17923 0.197309 5.02575 3.70584 1.31992 1.15086 1.00027 0.294777 0.523745 0.361493 0.655486 0.780492 0.315503 0.202904 3.54729 0.19872 0.795672 0.215578 0.150588 3.41077 2.47462 0.936149 0.791192 0.702929
internal_count=1613 697 375 179 99 91 322 89 916 848 68 196 148 80 239 128 83 136 76 106 818 68 46 44 48 808 606 202 190 160
is_linear=0
shrinkage=0.05


Tree=93
num_leaves=31
num_cat=0
split_feature=12 7 7 4 3 3 3 7 3 7 6 7 7 3 4 3 3 7 12 12 3 12 7 7 4 12 7 7 7 7
split_gain=0.155318 0.112811 0.177448 0.222858 0.182398 0.152989 0.192898 0.152437 0.134403 0.108732 0.106565 0.105749 0.112905 0.102751 0.101105 0.236987 0.0996991 0.108486 0.0806927 0.11879 0.0739879 0.0728328 0.0983487 0.0709236 0.0692469 0.0583974 0.0553383 0.0768216 0.0494531 0.152343
threshold=23.500000000000004 0.29026083648204809 0.32970482110977178 0.10575854033231737 0.11837169528007509 0.33712284266948706 0.38917487859725958 0.25993631780147558 0.21455885469913485 0.20731281489133838 0.059317039325833328 0.32934233546257025 0.3012374639511109 0.33219572901725775 0.46106496453285223 0.38075001537799841 0.1386145502328873 0.32241795957088476 31.500000000000004 48.500000000000007 0.3439572155475617 68.500000000000014 0.19116725027561191 0.30019125342369085 0.34757031500339514 36.500000000000007 0.32112815976142889 0.29205957055091863 0.45487730205059057 0.41552206873893743
decision_type=2 2 2 2 2 2 2 2 2 2 2 2 2 2 2 2 2 2 2 2 2 2 2 2 2 2 2 2 2 2
left_child=9 7 3 5 -4 11 -7 18 -5 -1 23 12 -3 16 15 25 17 26 -2 -20 -21 -22 -23 -8 -18 -6 27 -11 29 -15
right_child=1 2 4 8 14 6 10 -9 -10 13 -12 -13 -14 28 -16 -17 24 -19 19 20 21 22 -24 -25 -26 -27 -28 -29 -30 -31
leaf_value=-0.055726368976025335 0.027757869024810179 0.014253082165041951 -0.059792007610307646 0.048133398465652198 0.031673035318507341 0.069437277696404412 0.018417666622185414 -0.035408523939804107 -0.053282401717750276 0.029236696610112731 0.040983319893407956 0.048519004781578556 -0.055723093148617578 -0.0039498824211170068 0.026616022822098018 -0.055026284785014673 -0.053094847492278864 -0.052388763807850319 -0.053709506138911817 -0.028057427531481723 0.032322317227084285 0.023168248902516644 -0.031623479254554339 -0.051979597735053021 0.0043570148581665606 -0.0019635637601547371 0.047144303555098632 -0.053543350343584289 -0.024023407705966296 0.032347986527060758
leaf_weight=0.10984662565897441 0.27841524129326012 0.15917057509796018 0.11657600061153051 0.043989232624880859 0.21437684496049747 0.42048718756996095 0.078802200136124156 0.30588542074838176 0.12694936816114932 0.066676639893557765 0.23628998739877716 0.1060180701315403 0.09037192293908447 2.9013964721671082 0.38570992037421092 0.17867908329935744 0.27635174902752624 0.077174330072011799 0.1026271493465174 0.14557228164630942 0.24743749055778608 0.16755223961081356 0.16020845924504101 0.06553102949692402 0.064734241663245484 0.3241369279276114 0.087844256777316332 0.048350053693866357 0.23646102938801039 0.32105536246672262
leaf_count=37 33 36 25 6 22 10 14 188 80 24 11 2 50 478 29 65 136 42 59 39 25 13 37 52 13 49 2 23 14 9
internal_value=7.11153e-05 0.00717808 0.013456 0.0261044 -0.000313899 0.0339796 0.0460942 -0.00418121 -0.0271841 -0.00663706 0.0203062 0.00668454 -0.0110888 -0.00531544 0.00597289 -0.00512909 -0.0240399 -0.0019323 0.00448812 -0.00338007 0.0037861 0.0118451 -0.00361379 -0.0135445 -0.0421911 0.0114268 0.0172619 -0.00555888 -0.00195301 -0.000333498
internal_weight=8.14468 3.95479 2.54709 1.32761 1.21948 1.15667 0.80111 1.4077 0.170939 4.18989 0.380623 0.355561 0.249542 4.08004 1.1029 0.717193 0.621131 0.280045 1.10181 0.823398 0.72077 0.575198 0.327761 0.144333 0.341086 0.538514 0.202871 0.115027 3.45891 3.22245
internal_count=1623 845 451 261 190 175 87 394 86 778 77 88 86 741 165 136 240 91 206 173 114 75 50 66 149 71 49 47 501 487
is_linear=0
shrinkage=0.05


Tree=94
num_leaves=31
num_cat=0
split_feature=7 12 0 3 0 4 12 12 7 12 4 7 7 12 4 8 0 7 7 0 4 4 4 12 7 0 4 4 0 7
split_gain=0.132137 0.116804 0.125881 0.157205 0.346101 0.259982 0.143796 0.143086 0.123382 0.149728 0.0766295 0.163058 0.115911 0.12054 0.077164 0.177928 0.135186 0.17653 0.128885 0.186943 0.112602 0.257237 0.108573 0.119918 0.170259 0.107996 0.0872072 0.117016 0.100899 0.1277
threshold=0.17414723336696628 30.500000000000004 0.49897456169128424 0.39780183136463171 0.61786010861396801 0.059828849509358413 33.500000000000007 48.500000000000007 0.32349976897239691 63.500000000000007 0.6568669080734254 0.38034547865390783 0.47617350518703466 26.500000000000004 0.045071344822645194 1.1000000238418581 0.63501799106597911 0.32595846056938177 0.36907215416431433 0.60876536369323742 0.10330102965235712 0.11199992895126344 0.0212542898952961 6.5000000000000009 0.27002052962780004 0.61011797189712536 0.18599092960357669 0.2052375674247742 0.69796133041381847 0.25413133203983312
decision_type=2 2 2 2 2 2 2 2 2 2 2 2 2 2 2 2 2 2 2 2 2 2 2 2 2 2 2 2 2 2
left_child=-1 10 -3 4 6 -5 -4 -7 9 -9 12 -12 13 14 16 20 18 -18 19 22 -16 -22 23 -2 -25 -20 -23 -28 29 -29
right_child=1 2 3 5 -6 7 -8 8 -10 -11 11 -13 -14 -15 15 -17 17 -19 25 -21 21 26 -24 24 -26 -27 27 28 -30 -31
leaf_value=-0.054124323919384626 0.01137022668254805 -0.061317648427732976 0.040929046009350434 -0.053122690388176054 0.061344644887973233 -0.053429506062365406 0.00023661064136533888 0.027438166908678618 0.034098108626413222 -0.035302715163454963 -0.0094415058722901769 0.049065974775208979 -0.05572696926864066 -0.055680419789861151 -0.055603756520323171 0.041325306231252204 0.0058673276445051405 -0.055865963274919161 0.0023226027314256718 -0.052790453448173284 0.049266637695474617 -0.057445278452629471 0.031478105887665517 0.01709417510846736 -0.053206603068527064 0.037895602209411468 0.035697684479405405 0.011983182508564378 0.0082238854417826055 -0.044001934319282045
leaf_weight=0.11018379460438144 0.512284638767597 0.062499839259544721 0.26808604724647045 0.22026400953473035 0.38724084565183137 0.086071873316541314 1.1415086261076792 0.17970816843444481 0.39517271073418669 0.20195566085749306 0.28457695244287595 0.20477854320779443 0.1133274296298622 0.11201345692097664 0.17074895853875194 0.1412463124070199 0.25280147926241614 0.21369016770040616 0.38123977673239995 0.1626313619344727 0.14906441746279586 0.14138073235517346 0.28141401010361733 0.13995354431972373 0.22392417513401597 0.48450473882257938 0.10033826029393822 0.12980797822820023 0.21104787741205655 0.47301627669367008
leaf_count=46 83 17 27 155 16 74 262 32 28 63 55 5 10 60 43 14 40 48 35 73 7 48 23 33 157 12 7 13 18 104
internal_value=0.000249231 0.00101474 0.0088841 0.0104076 0.0194774 -0.00463811 0.00797577 0.00773795 0.0145152 -0.00576088 -0.00372659 0.0150419 -0.00581661 -0.00449541 -0.00312019 -0.0121159 0.00202352 -0.0224114 0.00723804 -0.00259358 -0.017604 -0.0122179 0.00445873 -0.00421961 -0.0261677 0.0222307 -0.0209004 -0.0152488 -0.0215298 -0.0319465
internal_weight=7.93648 7.8263 2.94251 2.88001 1.79684 1.08317 1.40959 0.862908 0.776837 0.381664 4.88379 0.489355 4.39444 4.28111 4.16909 1.51665 2.65244 0.466492 2.18595 1.32021 1.3754 1.20466 1.15758 0.876162 0.363878 0.865745 1.05559 0.91421 0.813872 0.602824
internal_count=1608 1562 674 657 305 352 289 197 123 95 888 60 828 818 758 254 504 88 416 369 240 197 296 273 190 47 190 142 135 117
is_linear=0
shrinkage=0.05


Tree=95
num_leaves=31
num_cat=0
split_feature=12 7 7 12 7 7 7 12 0 3 3 3 4 12 12 12 12 12 12 4 7 7 0 0 7 7 7 12 3 4
split_gain=0.13485 0.120053 0.1695 0.118214 0.0976581 0.0962034 0.0871868 0.161882 0.0871743 0.15971 0.282135 0.137008 0.109249 0.0961665 0.144383 0.0944586 0.0885611 0.157928 0.0884385 0.0990639 0.0866108 0.219425 0.0795649 0.0719684 0.0708911 0.0937725 0.0973672 0.106778 0.0958032 0.165919
threshold=23.500000000000004 0.47617350518703466 0.35464857518672949 1.5000000000000002 0.3444990366697312 0.34216937422752386 0.3600581586360932 5.5000000000000009 0.53157025575637828 0.38075001537799841 0.33712284266948706 0.1258705332875252 0.050559889525175102 31.500000000000004 47.500000000000007 47.500000000000007 48.500000000000007 28.500000000000004 51.500000000000007 0.10575854033231737 0.19116725027561191 0.40085881948471075 0.59974905848503124 0.77539125084877025 0.20731281489133838 0.27743867039680487 0.27404244244098669 4.5000000000000009 0.1386145502328873 0.043495764955878265
decision_type=2 2 2 2 2 2 2 2 2 2 2 2 2 2 2 2 2 2 2 2 2 2 2 2 2 2 2 2 2 2
left_child=1 2 4 -4 5 24 -5 -8 11 10 13 -2 15 -10 -15 -11 17 -14 -18 -20 -21 23 -9 -22 -1 26 27 -26 -27 -30
right_child=8 -3 3 6 -6 -7 7 22 9 12 -12 -13 16 14 -16 -17 18 -19 19 20 21 -23 -24 -25 25 28 -28 -29 29 -31
leaf_value=-0.055151824422192755 0.003285145793635957 -0.055317282767221976 0.031166190511627046 0.028828795218285526 -0.052489386813522124 0.036041751464031158 -0.042538283527475095 -0.020349164748670646 0.027102332245411916 -0.0028948324026592362 0.046823584760620263 -0.057964436721336499 0.011975341426346237 -0.05624423065113944 0.0049452203321482778 -0.052831466188141718 0.047251731277013806 -0.053014620065142605 0.037422184281987979 0.02855509886523816 -0.053024779332420384 0.051111894433551998 0.015601437905709238 0.010904198096278196 -0.05374690484891792 0.013473652750494067 0.0455875169708026 0.0091008286811843121 -0.052145566025969439 -0.0092375494839483756
leaf_weight=0.094853529190005559 0.38264880222413955 0.11656617932021607 0.41851796349510539 0.21911498096596893 0.14825635704619333 0.10552940418710921 0.23215502657694742 0.21622559471870773 0.29253122674708743 0.24110973319329776 0.67837078869342804 0.11991370843315963 0.25307732998044208 0.12258001474765479 0.45149304345977725 0.15594912922824733 0.18291125306859612 0.1482265594531782 0.20637933607213199 0.14702462556306273 0.21128144097747281 0.08858916349709034 0.53396865649847314 0.055611072573810816 0.087634290743153431 0.19475094467634313 0.12471203022869304 0.29538528727425728 0.35549919020559173 0.61515721101022791
leaf_count=36 73 10 22 19 61 10 29 31 47 87 55 38 31 67 121 108 13 93 13 9 91 3 37 5 27 50 8 80 199 133
internal_value=0.00131973 -0.00536809 -0.0037693 0.00828134 -0.0134251 -0.0103338 0.000309633 -0.00605162 0.00804445 0.0110541 0.0226737 -0.0113293 0.000432541 0.00376942 -0.00812037 -0.022508 0.00747665 -0.0120295 0.0162543 0.00825616 -0.00372233 -0.017072 0.00523953 -0.0397042 -0.0131019 -0.010718 0.00721541 -0.00527864 -0.0185311 -0.0249524
internal_weight=7.49602 3.75833 3.64176 1.61998 2.02178 1.87352 1.20146 0.982349 3.7377 3.23513 1.54498 0.502563 1.69016 0.866604 0.574073 0.397059 1.2931 0.401304 0.891797 0.708886 0.502506 0.355482 0.750194 0.266893 1.76799 1.67314 0.507732 0.38302 1.16541 0.970656
internal_count=1606 752 742 138 604 543 116 97 854 743 290 111 453 235 188 195 258 124 134 121 108 99 68 96 533 497 115 107 382 332
is_linear=0
shrinkage=0.05


Tree=96
num_leaves=31
num_cat=0
split_feature=12 7 12 12 12 0 12 7 3 7 7 3 0 12 12 0 0 7 12 6 0 0 0 0 7 7 3 6 0 12
split_gain=0.194721 0.276728 0.212811 0.19359 0.14699 0.134427 0.118283 0.126134 0.094452 0.0788861 0.10768 0.0930474 0.157848 0.218869 0.133849 0.0891671 0.0843143 0.138551 0.128556 0.0728059 0.111982 0.0706446 0.101926 0.0901891 0.17794 0.0783937 0.0866393 0.07536 0.104337 0.0692053
threshold=50.500000000000007 0.30037905275821691 64.500000000000014 63.500000000000007 80.500000000000014 0.49388623237609869 51.500000000000007 0.30362115800380712 0.64386218786239635 0.41552206873893743 0.40085881948471075 0.1386145502328873 0.58017861843109142 3.5000000000000004 5.5000000000000009 0.60830920934677135 0.63454240560531627 0.35800749063491827 28.500000000000004 0.044124901294708259 0.57926705479621898 0.66973870992660534 0.66160073876380932 0.63597232103347789 0.33793573081493383 0.32241795957088476 0.51538857817649852 0.017394304275512699 0.74799716472625744 46.500000000000007
decision_type=2 2 2 2 2 2 2 2 2 2 2 2 2 2 2 2 2 2 2 2 2 2 2 2 2 2 2 2 2 2
left_child=9 8 3 6 5 -4 -3 -8 19 10 11 14 13 -13 -1 29 17 -17 21 20 -2 22 23 -18 25 26 -25 -23 -29 -14
right_child=1 2 4 -5 -6 -7 7 -9 -10 -11 -12 12 15 -15 -16 16 18 -19 -20 -21 -22 27 -24 24 -26 -27 -28 28 -30 -31
leaf_value=-0.053876627583171535 0.0010605640807284926 0.051673806223338996 0.026565114104196375 0.075905618525127394 0.023007793585211597 -0.056852892761137946 0.052179648294508656 -0.03482675018452909 -0.053613803060276771 0.0090915218320969503 -0.06691784972874347 0.0059363050660415891 0.0013068493493716042 -0.053786553595139203 0.018845883210359224 -0.053691878886002964 0.030810225310035674 0.0021485751831046077 -0.053858975644469002 0.024391501929200567 -0.052638564842352235 0.0003249211484980075 0.031480080029962713 0.020812664912452775 -0.061226218254054492 0.037754319302084179 -0.05254537894246946 -0.054916966761497737 0.0029694529521269489 0.047174181631812181
leaf_weight=0.072395163297187426 0.31538900274608739 0.16365309222601332 0.072448977036401629 0.28578297724016011 0.36089252174133435 0.14486371932434849 0.061898592859506607 0.12736889280495234 0.12222099278005771 0.60703511885367323 0.08193373424001027 0.23166107664292246 0.84834342569956822 0.45413807699515019 0.50212522910442203 0.28049547335103886 0.12924222389119655 0.18392328720074147 0.13719749627489353 0.15302602588781156 0.14026163316157181 0.37433633480395656 0.27425993367796764 0.080240682029398158 0.14772947246092372 0.11731737243826501 0.080758681520819664 0.20102657798270229 0.12703703856095672 0.091065901215188205
leaf_count=23 78 5 4 3 56 52 2 52 49 35 7 41 198 251 140 167 8 15 71 24 84 38 23 15 37 15 36 59 7 5
internal_value=-0.00260408 0.0108154 0.0254211 0.0453154 0.0034452 -0.0290425 0.0205445 -0.00637192 -0.0135024 -0.00780861 -0.0101322 -0.00905845 -0.0119229 -0.0336123 0.00968214 -0.00708246 -0.012734 -0.0315774 -0.00749106 -0.00544812 -0.0154695 -0.00333846 0.00654158 -0.00577568 -0.0168741 0.00666781 -0.0159844 -0.015007 -0.0325014 0.00575321
internal_weight=6.97007 1.94781 1.21691 0.638704 0.578205 0.217313 0.352921 0.189267 0.730898 5.02226 4.41523 4.33329 3.75877 0.685799 0.57452 3.07297 2.13356 0.464419 1.66915 0.608677 0.455651 1.53195 0.829548 0.555288 0.426046 0.278317 0.160999 0.7024 0.328064 0.939409
internal_count=1600 409 174 62 112 56 59 54 235 1191 1156 1149 986 292 163 694 491 182 309 186 162 238 134 111 103 66 51 104 66 203
is_linear=0
shrinkage=0.05


Tree=97
num_leaves=31
num_cat=0
split_feature=7 7 7 7 4 0 0 0 7 7 4 7 7 7 7 4 6 6 4 6 4 4 0 3 6 6 0 7 0 4
split_gain=0.1247 0.223025 0.11029 0.389288 0.101094 0.0949699 0.12144 0.112179 0.0985423 0.088008 0.0734229 0.124601 0.0836259 0.0674978 0.0628022 0.104763 0.0558531 0.115272 0.120311 0.0993241 0.0526405 0.0577315 0.0491941 0.044465 0.0540886 0.0426787 0.0416466 0.113665 0.105402 0.101065
threshold=0.29026083648204809 0.29099465906620031 0.31380061805248266 0.31446340680122381 0.56326329708099376 0.54031535983085643 0.55075579881668102 0.65327399969100963 0.24823594093322757 0.18425646424293521 0.88255083560943615 0.30397830903530126 0.29927712678909307 0.25795775651931768 0.2997263371944428 0.10330102965235712 0.059317039325833328 0.07181518524885179 0.24625033140182498 0.016761357896029953 0.11199992895126344 0.039763800799846656 0.69246587157249462 0.11837169528007509 0.15401898324489596 0.10244264081120492 0.63501799106597911 0.3229451328516007 0.62514308094978344 0.60507392883300792
decision_type=2 2 2 2 2 2 2 2 2 2 2 2 2 2 2 2 2 2 2 2 2 2 2 2 2 2 2 2 2 2
left_child=4 -2 10 -4 5 -1 -7 9 22 -8 11 12 23 -10 -14 -16 19 -18 25 26 21 -11 -9 -3 -25 -19 28 -28 -5 -29
right_child=1 2 3 16 -6 6 7 8 13 20 -12 -13 14 -15 15 -17 17 18 -20 -21 -22 -23 -24 24 -26 -27 27 29 -30 -31
leaf_value=-0.05324803356966358 0.052926003127819247 0.013888815688439705 0.068111030290799041 -0.00062384225977602556 -0.052828750214295721 0.033703503695474278 0.015519421058486443 0.0052243029942198472 0.04890202706311806 -0.029618389429635197 0.026841991449419757 -0.052867729940157815 0.035410897061109677 0.0021585134490760302 -0.054913134512216744 0.024530403004282966 0.038288546720767758 -0.039493503776289865 0.015782423257332728 -0.032410016044003225 -0.054858990247907628 0.014831583569335914 -0.033655348035670864 -0.054158382130732242 0.0063372910613093336 -0.0051849151538090124 0.038256848452092512 -0.039749234443882189 0.033778116169340476 0.016428387049753843
leaf_weight=0.10847876215120766 0.22137917319196265 0.048676167149096616 0.23073601257055987 1.8894370734451524 0.13550124321773171 0.18071053602034215 0.12841616431251146 0.17051945577259175 0.15814580424921587 0.41597250582708512 0.094508469352149405 0.20807427585532423 0.13576257223030552 0.15094280410266947 0.073867875224095769 0.094700159737840295 0.28275006322655805 0.16443872998934239 0.59977734449785203 0.25240822312480293 0.15831725699536037 0.088608689737156965 0.1556010651984252 0.1513714025131776 0.048879666544962674 0.20199064572807401 0.089266658906126284 0.2883901669702027 0.25239131618582167 0.11082576826447621
leaf_count=86 12 14 6 399 89 22 25 28 9 182 15 124 6 43 39 16 11 20 48 64 70 23 23 73 10 38 9 75 24 9
internal_value=-4.24186e-05 0.00377226 0.00168696 0.0049066 -0.0112515 -0.00796789 -0.00491175 -0.00980349 0.00584611 -0.0223658 -0.0147243 -0.0198841 -0.00747937 0.0260749 0.0101015 -0.0102824 0.00137691 0.0102089 0.00199168 -0.0024496 -0.0297049 -0.0218126 -0.0133262 -0.0289732 -0.0393919 -0.0205812 0.000425445 -0.0127487 0.00343006 -0.0241538
internal_weight=7.29085 5.43963 5.21825 4.36241 1.85121 1.71571 1.60723 1.42652 0.635209 0.791315 0.855841 0.761332 0.553258 0.309089 0.304331 0.168568 4.13168 1.24896 0.966207 2.88272 0.662898 0.504581 0.326121 0.248927 0.200251 0.366429 2.63031 0.488483 2.14183 0.399216
internal_count=1612 1012 1000 703 600 511 425 403 103 300 297 282 158 52 61 55 697 117 106 580 275 205 51 97 83 58 516 93 423 84
is_linear=0
shrinkage=0.05


Tree=98
num_leaves=31
num_cat=0
split_feature=0 12 12 12 0 12 0 12 7 7 4 0 3 7 7 12 4 0 4 12 7 7 0 0 7 12 12 3 0 7
split_gain=0.132846 0.104006 0.122582 0.216593 0.0963155 0.164241 0.0886451 0.11406 0.0845089 0.0817547 0.0802466 0.0919551 0.0825016 0.136497 0.0759668 0.128051 0.0891039 0.0868027 0.074947 0.0720672 0.0665678 0.0938657 0.065873 0.168408 0.126394 0.0656449 0.0909297 0.077477 0.0827563 0.0817262
threshold=0.49897456169128424 46.500000000000007 64.500000000000014 63.500000000000007 0.50153666734695446 35.500000000000007 0.58017861843109142 6.5000000000000009 0.26049298048019415 0.34635226428508764 0.72560054063797008 0.58243662118911754 0.52665024995803844 0.41552206873893743 0.20731281489133838 87.500000000000014 0.78061798214912426 0.57410290837287914 0.34757031500339514 51.500000000000007 0.35706225037574774 0.3444990366697312 0.63501799106597911 0.61364063620567333 0.38515695929527288 4.5000000000000009 7.5000000000000009 0.57239133119583141 0.60645705461502086 0.3215776532888413
decision_type=2 2 2 2 2 2 2 2 2 2 2 2 2 2 2 2 2 2 2 2 2 2 2 2 2 2 2 2 2 2
left_child=-1 4 3 19 -2 6 7 9 -9 -6 11 -8 -12 -14 -4 16 -16 -17 -10 -3 21 25 23 -22 -24 -13 -27 -28 -29 -30
right_child=1 2 14 -5 5 -7 10 8 18 -11 12 20 13 -15 15 17 -18 -19 -20 -21 22 -23 24 -25 -26 26 27 28 29 -31
leaf_value=-0.056460777538523466 0.044892364862182808 0.022387070399194429 0.016921546428151048 0.063677878354655076 0.014560027276034948 -0.053485236238131645 0.035412197129628571 0.010507947020917618 -0.055502392780332158 -0.028831559045468975 0.050335939138787339 -0.030485056145611901 -0.026903284723647253 0.039642784849288404 -0.053386256097213348 0.030796840554064609 0.033601132632816652 -0.018836613434654002 0.0032993433835191476 -0.0070344771996483776 -0.012636993759839524 -0.054293000543033758 0.010706939561083494 0.035987412356870419 -0.041384402383574659 0.018718202322251621 -0.028898565329589648 0.038228046608798999 -0.02681794548471822 0.022880995321521394
leaf_weight=0.10881909271847678 0.09528707488789212 0.44441672571701907 0.27598064768244501 0.22704547620378435 0.31290636517223891 0.17435993970138941 0.14613833895418871 0.08255565205035964 0.31305615103701712 0.16621665621642023 0.14568875556869887 0.27573982969624955 0.16228877803951036 0.14672718103975058 0.22035099087224808 0.16795947961509228 0.033978649735217914 0.18524458329193294 0.065532965178135782 0.39147862866229843 0.33425544656347461 0.12097562066628587 0.28394467022735626 0.38109697512118146 0.19740898278541863 0.33435032734996617 0.37997087370604277 0.11532022198662162 0.2481027457761229 0.124092929152539
leaf_count=50 4 57 30 9 63 152 11 41 201 27 8 74 43 5 132 20 9 78 21 105 34 46 31 17 15 51 146 14 85 27
internal_value=-0.00166896 -0.000759013 0.0089313 0.020371 -0.00485404 -0.00590491 -0.00399177 -0.017578 -0.0353287 -0.000493318 -0.000230191 -0.0032521 0.0193179 0.00469417 -0.00483154 -0.0147132 -0.0417647 0.00476563 -0.0453239 0.00860794 -0.0052735 -0.0119496 0.00364437 0.0132672 -0.0106564 -0.00848273 -0.0034347 -0.011973 0.00121889 -0.0102479
internal_weight=6.66129 6.55247 1.94646 1.06294 4.60602 4.51073 4.33637 0.940268 0.461145 0.479123 3.3961 2.9414 0.454705 0.309016 0.883514 0.607534 0.25433 0.353204 0.378589 0.835895 2.79526 1.59855 1.19671 0.715352 0.481354 1.47758 1.20184 0.867487 0.487516 0.372196
internal_count=1606 1556 440 171 1116 1112 960 353 263 90 607 551 56 48 269 239 141 98 222 162 540 443 97 51 46 397 323 272 126 112
is_linear=0
shrinkage=0.05


Tree=99
num_leaves=31
num_cat=0
split_feature=7 12 3 3 7 7 12 3 7 7 7 7 6 3 12 7 7 7 6 12 3 3 3 12 12 6 4 7 7 7
split_gain=0.0811279 0.0849886 0.0895662 0.0763599 0.0694246 0.176871 0.108481 0.0791561 0.229006 0.117016 0.141764 0.116302 0.0804735 0.0793973 0.083639 0.0782935 0.0706102 0.0674329 0.0630497 0.125607 0.116383 0.145484 0.103058 0.0753526 0.0864799 0.0647765 0.0813937 0.0564943 0.0997348 0.072066
threshold=0.16157821565866473 13.500000000000002 0.9999937415122987 0.91124361753463756 0.35122287273406988 0.34050792455673223 101.50000000000001 0.81674510240554821 0.30397830903530126 0.32934233546257025 0.32970482110977178 0.3215776532888413 0.10048875212669374 0.13309555500745776 87.500000000000014 0.3600581586360932 0.21744287759065631 0.37243685126304632 0.061920523643493659 1.0000000180025095e-35 0.65760493278503429 0.62963494658470165 0.1386145502328873 3.5000000000000004 2.5000000000000004 0.10461081936955453 0.52940362691879284 0.29026083648204809 0.22601355612277987 0.29060964286327368
decision_type=2 2 2 2 2 2 2 2 2 2 2 2 2 2 2 2 2 2 2 2 2 2 2 2 2 2 2 2 2 2
left_child=-1 2 3 18 5 6 7 8 12 -10 -11 16 13 14 -3 -6 -9 -17 19 -2 21 22 -21 24 -24 -20 -27 28 -15 -29
right_child=1 4 -4 -5 15 -7 -8 11 9 10 -12 -13 -14 27 -16 17 -18 -19 25 20 -22 -23 23 -25 -26 26 -28 29 -30 -31
leaf_value=-0.053384226588390052 0.01683964587013291 -0.052547885540929123 0.011613247416897933 -0.054873208966368964 0.03471956270588205 -0.056361942603350784 -0.051066747078839847 0.034352568124775003 -0.052704688958689294 0.047347452331284984 -0.032791568517024444 0.050185793763511621 -0.029629831453543445 0.024519810334642449 0.044234426739372772 -0.019272535486365774 -0.025868678907727212 0.014511078655459191 0.016551032654811476 0.013149175769708428 -0.055465595258464132 0.035262904805913452 -0.051538709216579749 -0.043453158724245405 0.016011168560362953 -0.038717283685975802 0.020660939426811006 0.057017961214009732 -0.0093992950986895151 0.017151642589903163
leaf_weight=0.071832462374004424 0.24938316966290708 0.084003251984542948 0.52458624122664321 0.096673613137681857 0.35022904163633917 0.13076173793524493 0.088952380014234111 0.080028453841805347 0.25056007283637871 0.086461771279573441 0.15255191432515858 0.21881193126318976 0.11803343724750437 0.46230807321262524 0.030402451753616333 0.19409023527987301 0.12424230416945647 0.61806902888929471 0.38453313964419056 0.16202168329618849 0.21508257469395176 0.12616812565829605 0.071844119069282897 0.43130589829524979 0.13915160731994547 0.15298874300788157 0.092673373233992606 0.1627540048211813 0.40796305926414789 0.37351873318402795
leaf_count=31 29 75 28 20 44 56 57 9 187 4 76 8 63 43 3 38 43 60 23 57 59 11 42 159 24 43 9 4 204 78
internal_value=-0.000535193 4.17349e-05 -0.00688624 -0.0114599 0.00470251 0.00040068 0.00321156 0.00510375 0.00117754 -0.0288299 -0.00380176 0.0248567 0.0101409 0.0132274 -0.0268287 0.0149589 -0.00227542 0.00643745 -0.00938754 -0.0153173 -0.0223177 -0.0146556 -0.0224859 -0.0314749 -0.00698959 0.00373826 -0.0163175 0.0164854 0.00861932 0.0292507
internal_weight=6.65199 6.58015 2.64641 2.12183 3.93374 2.77135 2.64059 2.55164 2.12856 0.489574 0.239014 0.423083 1.63898 1.52095 0.114406 1.16239 0.204271 0.812159 2.02515 1.39496 1.14557 0.930491 0.804323 0.642302 0.210996 0.630195 0.245662 1.40654 0.870271 0.536273
internal_count=1587 1556 504 476 1052 910 854 797 737 267 80 60 470 407 78 142 52 98 456 381 352 293 282 225 66 75 52 329 247 82
is_linear=0
shrinkage=0.05


Tree=100
num_leaves=31
num_cat=0
split_feature=0 3 3 7 7 3 0 0 3 7 3 7 7 3 0 6 7 7 4 7 4 4 3 3 0 0 7 7 0 0
split_gain=0.134317 0.057833 0.225441 0.156566 0.138617 0.145137 0.0900767 0.120886 0.0854103 0.0897428 0.0892133 0.112888 0.119622 0.085162 0.0789592 0.055224 0.0607068 0.105357 0.211677 0.134212 0.103401 0.0635154 0.0702841 0.0536164 0.0491262 0.0466566 0.0528635 0.0520374 0.0606193 0.069619
threshold=0.49897456169128424 0.38075001537799841 0.32960823178291326 0.31556069850921636 0.29026083648204809 0.33219572901725775 0.58169397711753856 0.54792338609695446 0.14949969947338107 0.35668857395648962 0.11837169528007509 0.33226443827152258 0.32112815976142889 0.34672090411186224 0.57647201418876659 0.35133899748325353 0.37243685126304632 0.32395556569099432 0.39505125582218176 0.32349976897239691 0.60759925842285167 0.3896044790744782 0.55080971121788036 0.3519608229398728 0.75950205326080333 0.58655557036399852 0.27743867039680487 0.2869544923305512 0.60584920644760143 0.60645705461502086
decision_type=2 2 2 2 2 2 2 2 2 2 2 2 2 2 2 2 2 2 2 2 2 2 2 2 2 2 2 2 2 2
left_child=-1 2 8 4 5 -4 7 -3 10 14 11 12 -2 -5 -10 16 17 19 -19 21 -20 25 -23 -7 -24 -8 -27 -28 -29 -30
right_child=1 6 3 13 -6 23 15 -9 9 -11 -12 -13 -14 -15 -16 -17 -18 18 20 -21 -22 22 24 -25 -26 26 27 28 29 -31
leaf_value=-0.056651154037609612 -0.030272836460207959 0.015977978682718816 0.056875782731036155 -0.029966666620446863 0.056338620140133522 0.0040088241222031983 0.026994471148320473 -0.05347366200567677 -0.052085939911807128 0.0050750211975689663 0.026256956737108001 -0.053009425801935295 0.034055115985341736 0.015663592668966168 -0.010888456882096345 0.024053645703002252 0.0082517131951015746 -0.05336448270765768 0.045914615162378117 0.047807339157511758 -0.02168419910525099 0.016911181780069697 -0.052897582352795527 -0.053390463607727548 -0.00072533768523922642 0.005858767134711361 -0.053746620998299945 -0.05386221515560452 0.051123307549026525 -0.0098786583819552975
leaf_weight=0.10123164682590857 0.12586624514005984 0.09492865556967478 0.1078171059489248 0.15095667936839163 0.42363885664963163 0.1123108189785853 0.14443207797012414 0.18428641989885364 0.23118374040132039 0.26542641321429983 0.31202275161194848 0.1082987958798185 0.1697138354065828 0.31694072354002856 0.23405722910683835 0.21731976556475263 1.0150463689351452 0.30276700706599502 0.10804277469287626 0.13245544943492848 0.11874122360313777 0.074925138731486984 0.1677438288461417 0.063792705448577181 0.061723140301182866 0.70485953669412971 0.074824296047154348 0.063564156400389038 0.054626058787107468 0.32527587924414547
leaf_count=49 89 18 3 23 17 29 17 85 180 47 51 48 14 39 89 18 65 156 11 7 32 27 89 26 7 155 48 40 2 129
internal_value=0.000497247 0.00139174 0.0071177 0.023382 0.0382211 0.011188 -0.0025124 -0.0298612 -0.00609836 -0.0181244 0.00617572 -0.00933835 0.00666248 0.000942005 -0.03136 -0.000371213 -0.00195615 -0.00639554 -0.0260052 -0.000640649 0.0105207 -0.00447875 -0.0251351 -0.0167838 -0.038864 0.00011889 -0.00305463 -0.0151766 -0.00866883 -0.00110719
internal_weight=6.56882 6.46759 2.62203 1.17546 0.707559 0.283921 3.84556 0.279215 1.44657 0.730667 0.715902 0.403879 0.29558 0.467897 0.465241 3.56635 3.34903 2.33398 0.529551 1.80443 0.226784 1.67197 0.304392 0.176104 0.229467 1.36758 1.22315 0.51829 0.443466 0.379902
internal_count=1610 1561 655 137 75 58 906 103 518 316 202 151 103 62 269 803 785 720 199 521 43 514 123 55 96 391 374 219 171 131
is_linear=0
shrinkage=0.05


Tree=101
num_leaves=31
num_cat=0
split_feature=0 0 0 6 0 7 7 7 7 7 7 3 3 3 0 7 3 0 4 0 0 3 4 6 7 0 7 3 0 0
split_gain=0.0832623 0.0913062 0.276055 0.117168 0.078923 0.0711798 0.0700487 0.100808 0.099811 0.071154 0.109601 0.063975 0.112354 0.10627 0.136444 0.0630974 0.0593606 0.0848399 0.086712 0.0591674 0.0785439 0.0559657 0.052536 0.0830873 0.0729447 0.0746989 0.0687042 0.0699602 0.183523 0.0656483
threshold=0.66973870992660534 0.61786010861396801 0.61848577857017528 0.10461081936955453 0.68102508783340465 0.19280478358268741 0.30418176949024206 0.29026083648204809 0.31446340680122381 0.29099465906620031 0.29927712678909307 0.82271087169647228 0.74061912298202526 0.93225258588790905 0.73751145601272594 0.28075930476188665 0.13309555500745776 0.55075579881668102 0.74613142013549816 0.59132018685340892 0.57647201418876659 0.046768065541982658 0.043495764955878265 0.064117584377527251 0.32241795957088476 0.66282746195793163 0.45487730205059057 0.51538857817649852 0.65153902769088756 0.62699854373931896
decision_type=2 2 2 2 2 2 2 2 2 2 2 2 2 2 2 2 2 2 2 2 2 2 2 2 2 2 2 2 2 2
left_child=1 3 -3 5 -2 -1 7 15 -8 -9 21 12 -6 -13 -15 16 -7 -18 19 20 -19 -11 23 24 25 -4 27 -24 -29 -26
right_child=4 2 22 -5 11 6 8 9 -10 10 -12 13 -14 14 -16 -17 17 18 -20 -21 -22 -23 26 -25 29 -27 -28 28 -30 -31
leaf_value=-0.053121207696499612 -0.055151148329983427 0.063558783526585561 -0.051986711227653006 -0.04037919677395245 -0.031418424003510546 -0.050948996337502696 -0.052331688235970855 0.049939447809561527 -0.0031202472630985864 0.021243896732496631 0.030032882094338371 -0.054385635193602816 0.026085255410175069 -0.035750603123044525 0.027135664402889705 -0.051960214262428334 0.031557863188923334 -0.051268316941011687 0.042142911049178562 -0.052476617491163613 0.015562852255110757 -0.052825311510070354 0.025650433882623627 -0.056543780896480704 0.036436295357044172 0.025618122460381074 0.050988016308507016 -0.04304550978808467 0.019774214955322011 -0.0048522222882236878
leaf_weight=0.064290229638573559 0.10626878743641999 0.21657113656692661 0.11147951893508412 0.2004830554651561 0.13009671976033133 0.050338637149252685 0.10894988165091524 0.18851481628371403 1.89800208421002 0.038094972493126988 0.26600174173654523 0.16292767344566528 0.24475385283585638 0.17871012593968771 0.16672400012612343 0.061493180588513496 0.20421186486782972 0.063489038489933591 0.068706447549629956 0.096148397671640851 0.14295377221424133 0.077152516350906808 0.29156774100556504 0.076284975511953235 0.14909597551741172 0.042956654535373673 0.096723416820168495 0.19373913011804689 0.29072478131274693 0.27173743408638984
leaf_count=38 49 5 91 73 45 62 82 11 433 7 35 31 33 33 10 58 33 52 7 61 26 58 52 11 17 6 3 82 49 54
internal_value=-0.00113311 0.00136577 0.0107362 -0.00325693 -0.0144415 -0.00102087 5.32013e-06 0.00926027 -0.00579175 0.0248117 0.0123869 -0.00954325 0.00612786 -0.0210987 -0.00539851 -0.00363091 0.00111773 0.00567189 -0.00856526 -0.0200791 -0.00499028 -0.0283418 0.00323122 -0.00751196 -0.00100998 -0.0304008 0.0112515 0.00629883 -0.00534765 0.00977578
internal_weight=6.25919 5.26971 1.74088 3.52883 0.989481 3.32835 3.26406 1.25711 2.00695 0.569764 0.381249 0.883212 0.374851 0.508362 0.345434 0.687341 0.625848 0.57551 0.371298 0.302591 0.206443 0.115247 1.52431 0.651555 0.57527 0.154436 0.872755 0.776032 0.484464 0.420833
internal_count=1607 1406 370 1036 201 963 925 410 515 111 100 152 78 74 43 299 241 179 146 139 78 65 365 179 168 97 186 183 131 71
is_linear=0
shrinkage=0.05


Tree=102
num_leaves=31
num_cat=0
split_feature=12 7 7 7 7 0 12 4 4 8 7 4 7 7 4 7 12 12 4 4 7 7 7 0 7 7 0 3 4 4
split_gain=0.118172 0.123093 0.107216 0.0809853 0.201408 0.0748814 0.0979825 0.069175 0.121606 0.122226 0.11183 0.108916 0.0966829 0.0933772 0.0883279 0.147856 0.0817178 0.140864 0.0838825 0.121033 0.0720529 0.1596 0.155348 0.103526 0.0761634 0.0715125 0.106341 0.0642724 0.0933977 0.0898943
threshold=46.500000000000007 0.29927712678909307 0.21744287759065631 0.32374675571918493 0.35122287273406988 0.61786010861396801 55.500000000000007 0.6568669080734254 0.024872431531548504 1.1000000238418581 0.38034547865390783 0.90604233741760265 0.45487730205059057 0.43887381255626684 0.0212542898952961 0.39661149680614477 5.5000000000000009 7.5000000000000009 0.36001515388488775 0.34757031500339514 0.29099465906620031 0.32112815976142889 0.29026083648204809 0.64837586879730236 0.27743867039680487 0.25711239874362951 0.68672966957092296 0.94527024030685436 0.17109151929616931 0.044486651197075851
decision_type=2 2 2 2 2 2 2 2 2 2 2 2 2 2 2 2 2 2 2 2 2 2 2 2 2 2 2 2 2 2
left_child=7 2 -2 5 -5 6 -3 8 12 16 11 -9 13 14 15 20 -10 -18 19 27 22 -22 24 -23 25 26 -1 28 29 -19
right_child=1 3 -4 4 -6 -7 -8 10 9 -11 -12 -13 -14 -15 -16 -17 17 18 -20 -21 21 23 -24 -25 -26 -27 -28 -29 -30 -31
leaf_value=-0.052017295852262196 0.015202814762915684 0.045453057458439014 -0.02368205195785698 -0.053765023528410665 0.021223731859412242 0.050033453130972794 -0.024760318114634298 0.013220621610016718 -0.037809788077725698 0.032819146391245134 0.048630190122071648 -0.055329918569773623 -0.056855064909862113 0.051065668453037644 0.040078646808678287 -0.054589420471322807 0.02973910244151394 -0.052709737208734897 -0.053830375238165418 0.050276179554989288 -0.052005592399063855 0.0070854987660861034 0.055762802521363231 -0.052326841976574501 -0.05194636606815442 0.025765814037263871 0.048077004141821401 0.01070277126655194 -0.055363991885795522 0.0060610430323984749
leaf_weight=0.087417185837695199 0.33052844676421944 0.1015729541541075 0.38231852566968882 0.10713283088989556 0.54531940034939907 0.32620080644846894 0.097270793645293452 0.2413819943612906 0.47601020518050052 0.11492158361215832 0.15447667241096497 0.076247656215855386 0.069128285162150749 0.09731774404644955 0.13389659667154763 0.1245059014763682 0.16394676442723699 0.092376290900574531 0.15733510353311431 0.06737722537945956 0.15863821674065526 0.87958509627787862 0.17357215791707858 0.079990443075075746 0.06165513373707654 0.21738902953075012 0.038100189529359341 0.13352060958277434 0.19571075912972447 0.22007536944147432
leaf_count=69 43 8 203 67 53 33 44 41 93 20 5 42 7 3 12 18 19 37 70 5 151 226 6 34 47 64 2 14 85 69
internal_value=0.000359042 0.0107461 -0.00565216 0.0206735 0.00891056 0.0352909 0.0111059 -0.00429983 -0.00657497 -0.0168843 0.0137356 -0.00323508 0.00130465 0.00326389 0.000884062 -0.00199812 -0.0206762 -0.0127607 -0.0208028 -0.0134743 0.0018619 -0.00554762 0.0161932 0.00213287 -0.000783608 0.00841554 -0.0216342 -0.0201681 -0.0282795 -0.0113145
internal_weight=6.10492 1.89034 0.712847 1.1775 0.652452 0.525045 0.198844 4.21458 3.74247 1.62127 0.472106 0.31763 2.1212 2.05207 1.95475 1.82085 1.50635 1.03034 0.866395 0.70906 1.69635 1.11821 0.578134 0.959576 0.404562 0.342906 0.125517 0.641683 0.508162 0.312452
internal_count=1590 451 246 205 120 85 52 1139 1051 412 88 83 639 632 629 617 392 299 280 210 599 411 188 260 182 135 71 205 191 106
is_linear=0
shrinkage=0.05


Tree=103
num_leaves=31
num_cat=0
split_feature=12 12 12 6 12 7 3 3 3 12 7 12 12 3 12 3 4 12 3 7 3 7 12 4 4 6 7 12 4 3
split_gain=0.10089 0.143152 0.165691 0.0755466 0.073004 0.0808906 0.0612073 0.137511 0.110744 0.0942514 0.054647 0.0501803 0.0492269 0.093009 0.117406 0.0672184 0.0633252 0.171039 0.0795659 0.0633947 0.153625 0.0767917 0.0598947 0.0650818 0.0564253 0.150528 0.0765483 0.0666511 0.150966 0.0559631
threshold=103.50000000000001 63.500000000000007 64.500000000000014 0.044124901294708259 96.500000000000014 0.35800749063491827 0.11837169528007509 0.1386145502328873 0.20353773981332782 42.500000000000007 0.17414723336696628 67.500000000000014 25.500000000000004 0.9999937415122987 18.500000000000004 0.27557374536991125 0.46771433949470526 28.500000000000004 0.64011004567146312 0.28039941191673284 0.49115876853466039 0.30060610175132757 13.500000000000002 0.038504611700773246 0.19111913442611697 0.092119917273521437 0.42508374154567724 7.5000000000000009 0.043495764955878265 0.26141384243965154
decision_type=2 2 2 2 2 2 2 2 2 2 2 2 2 2 2 2 2 2 2 2 2 2 2 2 2 2 2 2 2 2
left_child=1 6 -3 4 5 11 9 -8 -9 -1 -10 -4 13 14 15 -12 18 -18 19 20 -14 -21 24 -24 26 -26 27 -17 -29 -23
right_child=-2 2 3 -5 -6 -7 7 8 10 -11 12 -13 16 -15 -16 22 17 -19 -20 21 -22 29 23 -25 25 -27 -28 28 -30 -31
leaf_value=-0.052501126827242207 -0.05120461303088325 0.058808360737715941 0.010611256264392865 0.028775471009134374 0.034818016213594281 0.021184985822117877 0.036892158307192849 -0.051753059456514462 -0.052849029776633388 0.0059965877102558761 -0.051633532477317938 -0.039543110106098983 -0.054137989133542688 0.013571112851485585 -0.044096689241423237 0.0078003329057336982 0.043160216121834044 -0.053740203438360529 -0.032692390966815657 0.040287992342795911 0.030120786997173878 0.042002081669458652 0.02874935762915088 -0.0099778169138246206 -0.057065293391434228 0.0020002178000138849 -0.043932664665153651 -0.053713152414091449 0.021222160113060537 -0.0025019815903549836
leaf_weight=0.15290562459995261 0.09735831337457046 0.19570061255944882 0.064592038906994276 0.26551288686459884 0.096398080291692168 0.1177920529153198 0.2164750900119542 0.11782633428083489 0.05342744244262565 0.12526926556893159 0.078214526940429407 0.2188369916548254 0.098845066087960509 0.52304019115399558 0.22484349453588937 0.82198827515821926 0.070460044749779516 0.12875345128850313 0.093596826089196838 0.33538991737441393 0.11949504007498035 0.091903952532447875 0.24972448527114455 0.19180989742744714 0.19390529119118571 0.24310335827613017 0.10533968033269037 0.15267291929922067 0.12007097064633854 0.3052840765521978
leaf_count=125 59 10 21 40 13 11 27 88 25 25 50 129 53 34 128 150 7 67 59 47 23 14 43 39 61 38 8 71 22 110
internal_value=-0.000729517 0.00012169 0.0177641 0.00723856 -0.00425281 -0.01364 -0.003392 -0.0019959 -0.00394472 -0.0261581 -0.0026041 -0.0281132 -0.001957 -0.00552102 -0.00971385 -0.00612954 0.00636672 -0.0194674 0.0112939 0.0156234 -0.00802413 0.0226713 -0.00441731 0.0119256 -0.00882513 -0.0242078 -0.00322351 0.000693689 -0.0207241 0.00779566
internal_weight=5.87054 5.77318 0.958833 0.763132 0.497619 0.401221 4.81435 4.53617 4.3197 0.278175 4.20187 0.283429 4.14844 2.90471 2.38167 2.15683 1.24373 0.199213 1.04451 0.950918 0.21834 0.732578 2.07861 0.441534 1.63708 0.437009 1.20007 1.09473 0.272744 0.397188
internal_count=1597 1538 224 214 174 161 1314 1164 1137 150 1049 150 1024 644 610 482 380 74 306 247 76 171 432 82 350 99 251 243 93 124
is_linear=0
shrinkage=0.05


Tree=104
num_leaves=31
num_cat=0
split_feature=0 3 3 0 3 3 3 7 7 3 7 3 0 0 0 7 6 7 6 3 7 7 3 3 7 6 0 3 0 0
split_gain=0.0527547 0.0903192 0.102481 0.0977416 0.0386378 0.134677 0.105001 0.0972768 0.0944622 0.118447 0.0870013 0.0669443 0.0624178 0.134514 0.0567618 0.118178 0.111427 0.0885449 0.0857279 0.0814909 0.0776364 0.073661 0.120633 0.061189 0.0768894 0.0562172 0.0581605 0.0762471 0.0835668 0.0578218
threshold=0.68847504258155834 0.7825666368007661 0.85867658257484447 0.74799716472625744 0.32960823178291326 0.38075001537799841 0.39376872777938848 0.31556069850921636 0.29026083648204809 0.33219572901725775 0.41552206873893743 0.34672090411186224 0.54661411046981823 0.56881877779960643 0.60060697793960582 0.3952689021825791 0.092119917273521437 0.37243685126304632 0.086430422961711897 0.57239133119583141 0.3952689021825791 0.2997263371944428 0.9999937415122987 0.52408653497695934 0.28039941191673284 0.083485122770071044 0.68325442075729381 0.40576450526714331 0.63949391245841991 0.64299851655960094
decision_type=2 2 2 2 2 2 2 2 2 2 2 2 2 2 2 2 2 2 2 2 2 2 2 2 2 2 2 2 2 2
left_child=4 -2 -3 -4 12 7 -7 8 9 -6 14 -9 -1 -14 18 16 17 21 19 20 23 25 -23 24 -8 26 27 -16 -29 -30
right_child=1 2 3 -5 5 6 10 11 -10 -11 -12 -13 13 -15 15 -17 -18 -19 -20 -21 -22 22 -24 -25 -26 -27 -28 28 29 -31
leaf_value=0.0045444913454876215 -0.052555209682178874 0.017660106907322989 -0.054004197325835425 0.0029208463820741305 0.055963526139482335 -0.059403522906313011 0.021572026001905019 -0.026580206113775359 0.050162971782112022 -0.015776571849961174 0.022274077056606615 0.016797340370958629 -0.052092521506566493 0.00023307164225255369 0.045133931371718256 -0.058531556739660588 -0.028850268308068968 0.038117379956663727 0.032340936736137429 -0.052315081411651192 0.053601838621832182 -0.038688869450387471 0.027999569406758181 0.028489310164519017 -0.03868149465399312 0.039585300112746698 0.046930941313588603 -0.051856851833162812 0.048156239780239612 -0.012571705185845225
leaf_weight=0.8885039908091128 0.11178984402795311 0.29037822631653398 0.14268704882124439 0.15992332366295159 0.090251360088587029 0.072022741114779243 0.079872264148435401 0.13365951445302926 0.36541798996040598 0.15872527153987903 0.43374622333794821 0.26587607007240877 0.1819471523303946 0.37797424881136976 0.060667680081678332 0.10645005316473533 0.33890957681433054 0.16191036242526025 0.25918420134257758 0.072207536541100126 0.069115815684199333 0.24706033144320827 0.093465721700340509 0.098681997762469109 0.15706484129623277 0.11909369262866676 0.059334005287382752 0.10785281212156406 0.051725124416407198 0.16183611420274246
leaf_count=277 45 26 41 15 3 25 27 22 18 55 23 38 145 147 6 11 108 14 34 41 2 200 7 14 76 7 6 101 6 72
internal_value=0.00150848 -0.0113307 -0.00355905 -0.0239205 0.00324443 0.00591477 0.000172198 0.021491 0.0339799 0.0102284 0.00177433 0.00228594 -0.00369518 -0.0167702 -0.00218733 -0.00774223 -0.00388554 0.00407421 0.00919453 -0.00338389 0.00534577 -0.00204313 -0.0203846 -0.00459185 -0.0183698 0.00909986 0.000874903 -0.0062772 -0.0159812 0.00213677
internal_weight=5.91734 0.704778 0.592989 0.30261 5.21256 3.76413 2.7502 1.01393 0.614395 0.248977 2.67818 0.399536 1.44843 0.559921 2.24443 1.50831 1.40186 1.06295 0.736127 0.476942 0.404735 0.901035 0.340526 0.335619 0.236937 0.560509 0.441416 0.382082 0.321414 0.213561
internal_count=1612 127 82 56 1485 916 780 136 76 58 755 60 569 292 732 538 527 419 194 160 119 405 207 117 103 198 191 185 179 78
is_linear=0
shrinkage=0.05


Tree=105
num_leaves=31
num_cat=0
split_feature=12 12 0 0 7 7 0 12 7 7 7 7 4 4 12 7 6 12 6 0 7 7 4 12 12 7 7 7 0 0
split_gain=0.091257 0.10038 0.0713094 0.126331 0.0866958 0.110874 0.10607 0.0724524 0.0485126 0.0638125 0.100774 0.0820328 0.0547155 0.0761674 0.0558755 0.0561911 0.0940143 0.0521446 0.0462214 0.0453596 0.0767338 0.0762755 0.0665842 0.0556626 0.0649799 0.0523273 0.0518363 0.0961759 0.0412378 0.0598018
threshold=103.50000000000001 48.500000000000007 0.61786010861396801 0.62397128343582164 0.35207463800907141 0.30418176949024206 0.55075579881668102 94.500000000000014 0.47617350518703466 0.32923476397991186 0.3229451328516007 0.32112815976142889 0.74613142013549816 0.30000026524066931 26.500000000000004 0.30340439081192022 0.10244264081120492 46.500000000000007 0.15941838175058368 0.58017861843109142 0.32970482110977178 0.38515695929527288 0.34757031500339514 3.5000000000000004 10.500000000000002 0.40085881948471075 0.34313413500785833 0.34216937422752386 0.66282746195793163 0.63794654607772838
decision_type=2 2 2 2 2 2 2 2 2 2 2 2 2 2 2 2 2 2 2 2 2 2 2 2 2 2 2 2 2 2
left_child=1 8 4 -4 5 6 -3 -8 9 10 11 12 13 14 15 28 -17 -16 -15 20 -11 22 26 25 -25 -21 27 -22 29 -1
right_child=-2 2 3 -5 -6 -7 7 -9 -10 19 -12 -13 -14 18 17 16 -18 -19 -20 23 21 -23 -24 24 -26 -27 -28 -29 -30 -31
leaf_value=0.0021752613980530098 -0.051089717257516376 0.022465945415952846 0.058031083123634732 0.010410222531276863 0.022405090065478417 -0.053672757355649386 -0.052638902339109131 0.031777587812258833 -0.032176371428997215 0.040028819789191789 -0.052866956989480407 0.031005184970739303 0.019379543923205657 -0.053285131058934877 -0.051913229993426006 -0.051786896217756229 0.033008783045247229 0.007593161953766742 -0.0012620506232860172 0.0095543208675933529 -0.052288983010740142 0.011416386195321036 0.017912429273086113 -0.014410301402355259 0.012323551061415201 0.043496437040992604 -0.053981781521309481 0.045477820258473467 0.02360418832892941 -0.052261388833795323
leaf_weight=0.52872320067399481 0.083348357380600535 0.24331181703018934 0.2010792923392728 0.45306902288575657 0.34147108101751655 0.11372665461385623 0.105452395589964 0.033490119967609644 0.13346815505065013 0.076587027491769155 0.11950466102280177 0.14204074669396494 0.15463869750965376 0.15768492714414595 0.11656672486060415 0.11937104066601023 0.045014304458163679 0.053809048607945442 0.058549933215545025 0.27783042576629646 0.057426570303505287 0.19765366881620139 0.065692815551301464 0.35965793892682996 0.61763089249143377 0.19203802291303873 0.18156815806287341 0.044762619654648006 0.19363428693031892 0.055773147803847678
leaf_count=195 61 48 12 114 30 78 81 6 14 7 69 20 55 79 156 84 9 13 11 44 47 23 8 55 131 6 81 4 33 29
internal_value=0.000832529 0.00162787 0.0126788 0.0250484 0.00301657 -0.010332 0.00256261 -0.0322915 -0.00254556 -0.00150924 -0.00855208 -0.00529472 -0.0087697 -0.0120448 -0.00676872 -0.00200535 -0.028567 -0.0331196 -0.0391988 0.00442646 -0.00684561 -0.0134074 -0.027448 0.00928446 0.00248507 0.0234267 -0.0379495 -0.00946353 0.00360596 -0.00301913
internal_weight=5.52458 5.44123 1.4916 0.654148 0.837452 0.495981 0.382254 0.138943 3.94963 3.81616 1.74531 1.62581 1.48377 1.32913 1.11289 0.942516 0.164385 0.170376 0.216235 2.07085 0.623691 0.547104 0.34945 1.44716 0.977289 0.469868 0.283757 0.102189 0.778131 0.584496
internal_count=1603 1542 369 126 243 213 135 87 1173 1159 753 684 664 609 519 350 93 169 90 406 170 163 140 236 186 50 132 51 257 224
is_linear=0
shrinkage=0.05


Tree=106
num_leaves=31
num_cat=0
split_feature=12 3 7 7 3 3 4 7 3 12 3 12 0 12 12 7 7 3 7 6 0 6 6 3 7 3 7 7 0 3
split_gain=0.0611038 0.119244 0.0929378 0.0911609 0.0983788 0.0938461 0.115086 0.0875559 0.0813849 0.062816 0.0578323 0.114039 0.050114 0.0452962 0.0548005 0.0667667 0.0576061 0.0430257 0.0417759 0.061143 0.0993383 0.0589073 0.0791962 0.069464 0.0774604 0.0754897 0.0579504 0.0404081 0.0621043 0.0805741
threshold=30.500000000000004 0.85867658257484447 0.37243685126304632 0.29026083648204809 0.33712284266948706 0.38288119435310369 0.10190830007195474 0.22601355612277987 0.25693033635616308 26.500000000000004 0.86529290676116954 5.5000000000000009 0.58655557036399852 25.500000000000004 18.500000000000004 0.18425646424293521 0.20731281489133838 0.32960823178291326 0.27743867039680487 0.35133899748325353 0.69979330897331249 0.112552747130394 0.083485122770071044 0.1386145502328873 0.33987429738044744 0.76438340544700634 0.27404244244098669 0.34313413500785833 0.58017861843109142 0.35903865098953253
decision_type=2 2 2 2 2 2 2 2 2 2 2 2 2 2 2 2 2 2 2 2 2 2 2 2 2 2 2 2 2 2
left_child=2 3 9 7 8 -6 12 17 -5 13 11 -4 -7 14 16 -16 -1 -2 26 20 21 22 23 -20 25 -25 -18 -26 -29 -30
right_child=1 -3 10 4 5 6 -8 -9 -10 -11 -12 -13 -14 -15 15 -17 18 -19 19 -21 -22 -23 -24 24 27 -27 -28 28 29 -31
leaf_value=-0.053274885522367116 -0.021196858880404144 -0.052515413959680804 -0.023594987229778548 0.010887031976060516 0.046158934435809235 0.012226265958591827 0.029366252992060173 -0.026675347316321707 -0.035613973603527076 -0.05249027497256762 0.030011498003344614 0.016404893125234535 -0.052212753246967107 0.020630747278720218 0.035139927572416151 -0.039969865575924662 -0.00015904515061327667 0.018999670453071781 0.016837456014726231 0.036490213288185851 -0.054691436584331378 -0.052359295950973044 0.025293690411664283 -0.051599149391694445 0.033648182986111774 6.1149262119424466e-05 0.04628933332458561 -0.053094513544023628 0.043177954532125973 -0.024922478009056639
leaf_weight=0.061860598023487312 0.085407634207513961 0.07898123629274767 0.27257441193796672 0.49182349806142134 0.39273108166526072 0.04897455355967395 0.29504164917307207 0.27715601772069931 0.1163535666273674 0.079653513952507526 0.25353909190744162 0.51457873522303998 0.07858707557170419 0.13619803769688577 0.033935648287297115 0.23091306310743676 0.2986305300873936 0.30186053682700731 0.18323947282624409 0.071194996125996002 0.11831807048292819 0.065526204343768657 0.19379123370163143 0.2216011811979115 0.068833616038318723 0.10385752259753644 0.086631916463375092 0.061540167873317841 0.078004228183999658 0.098007311622495763
leaf_count=33 32 35 30 116 23 15 78 230 52 68 11 52 79 21 4 158 87 44 50 7 28 32 17 187 9 24 7 31 6 42
internal_value=0.00129453 0.007791 -0.00306049 0.0100722 0.0172099 0.0285623 0.0122096 -0.00522009 0.00199068 -0.00890258 0.00924318 0.00255378 -0.0274728 -0.00725875 -0.00918118 -0.0303459 -0.00590513 0.0101348 -0.00412829 -0.00852187 -0.0112087 -0.00642018 -0.00343644 -0.0102672 -0.0181278 -0.0351138 0.0102856 -8.43422e-05 -0.00985877 0.00525805
internal_weight=5.39935 2.16692 3.23243 2.08794 1.42351 0.815334 0.422603 0.664424 0.608177 2.19174 1.04069 0.787153 0.127562 2.11208 1.97589 0.264849 1.71104 0.387268 1.64918 1.26391 1.19272 1.0744 1.00887 0.815084 0.631844 0.325459 0.385262 0.306385 0.237552 0.176012
internal_count=1608 704 904 669 363 195 172 306 168 811 93 82 94 743 722 162 560 76 527 433 426 398 366 349 299 211 94 88 79 48
is_linear=0
shrinkage=0.05


Tree=107
num_leaves=31
num_cat=0
split_feature=7 0 0 0 0 3 3 3 7 3 4 0 0 0 6 6 7 0 6 3 4 0 3 3 3 3 0 3 0 7
split_gain=0.0642269 0.0351806 0.075281 0.0588799 0.0574065 0.114328 0.100133 0.0895749 0.109727 0.0839729 0.0679212 0.0538994 0.0969744 0.078216 0.0507881 0.0890934 0.0825886 0.0718672 0.104474 0.0763584 0.0707275 0.0642203 0.0516516 0.0909434 0.0566254 0.0579642 0.0374681 0.0993648 0.0361113 0.0804876
threshold=0.16157821565866473 0.54031535983085643 0.53157025575637828 0.5440458655357362 0.56681209802627575 0.38075001537799841 0.39376872777938848 0.44331572949886328 0.28266397118568426 0.32960823178291326 0.20103058964014056 0.5675877332687379 0.60407859086990368 0.58169397711753856 0.044124901294708259 0.016761357896029953 0.40085881948471075 0.60060697793960582 0.094888828694820418 0.95996761322021495 0.058303298428654678 0.58243662118911754 0.49298204481601721 0.53623488545417797 0.45958939194679266 0.40323548018932348 0.63454240560531627 0.57239133119583141 0.54661411046981823 0.28039941191673284
decision_type=2 2 2 2 2 2 2 2 2 2 2 2 2 2 2 2 2 2 2 2 2 2 2 2 2 2 2 2 2 2
left_child=-1 2 -2 -3 7 9 -7 8 28 10 -6 -11 13 -13 15 21 17 -16 -19 20 -20 -8 24 -24 25 -23 27 -25 -5 -30
right_child=1 3 -4 4 5 6 14 -9 -10 11 -12 12 -14 -15 16 -17 -18 18 19 -21 -22 22 23 26 -26 -27 -28 -29 29 -31
leaf_value=-0.052120610714083172 -0.0022970367286918687 0.028773783223598661 -0.052241075582077981 0.04436018566066436 -0.018663348876293725 -0.059743274175041855 -0.052354203124761814 0.023340946015729291 -0.053162946025356608 0.054568930771428659 0.025135289801128443 0.018398073651364935 0.034265898689473766 -0.052406479887836636 0.028610595063443062 -0.053505019427495804 0.039807506017444809 0.013941069103824236 0.003628174719730102 0.0019155498947494905 -0.052969726838499098 0.020353891101813182 -0.052685169004043998 0.036058978516367073 0.031116289920711887 -0.050920422955782932 0.0038967854876881605 -0.044586468412448288 -0.051002181726981316 0.048986599972923678
leaf_weight=0.056198673308244795 0.48998477284476383 0.21280429240141518 0.089182520685426425 0.042657083453377598 0.22545554527459921 0.07185384938202366 0.063315366649476679 0.10980149224633351 0.18966043657201226 0.14968392666196451 0.14573303893848788 0.090376360167283565 0.3845024763722904 0.068618533347034827 0.21324992175505009 0.094025662940111832 0.1683060755021869 0.45385698513564421 0.076810704442323186 0.23318950773682445 0.19617831506184302 0.06239061616361119 0.096538744626741391 0.053612894931575283 0.21859596218564548 0.052553407396771945 0.68237505567958578 0.13282284490560414 0.051674015961907571 0.032966478524031118
leaf_count=34 178 34 62 3 126 28 43 20 135 4 28 18 32 34 31 64 8 61 19 27 101 12 58 23 45 60 165 90 51 3
internal_value=0.00104245 0.00162228 -0.00998762 0.00309247 0.00183924 0.0037287 -0.00146237 -0.0155786 -0.0290613 0.0177245 -0.00146748 0.0280015 0.0206846 -0.0121595 3.44088e-05 -0.0064316 0.00705294 0.00235434 -0.00347788 -0.0190963 -0.0370448 -0.00318237 -0.000785456 -0.00664626 0.0161772 -0.0122333 -0.0015306 -0.0213954 0.00684777 -0.0120577
internal_weight=5.20898 5.15278 0.579167 4.57361 4.36081 3.93405 2.86968 0.42676 0.316958 1.06437 0.371189 0.693181 0.543497 0.158995 2.79782 1.45623 1.34159 1.17329 0.960036 0.506179 0.272989 1.3622 1.29889 0.96535 0.33354 0.114944 0.868811 0.186436 0.127298 0.0846405
internal_count=1597 1563 240 1323 1289 1077 835 212 192 242 154 88 84 52 807 560 247 239 208 147 120 496 453 336 117 72 278 113 57 54
is_linear=0
shrinkage=0.05


Tree=108
num_leaves=31
num_cat=0
split_feature=7 7 6 6 4 7 6 6 7 7 7 6 3 7 6 7 3 3 6 3 3 7 7 7 7 0 3 3 0 3
split_gain=0.0411425 0.256976 0.0612969 0.0753068 0.0767596 0.0521378 0.109096 0.0640683 0.0653728 0.0589476 0.0514815 0.0436424 0.0454736 0.0564708 0.0434382 0.0421974 0.0384023 0.119621 0.0520197 0.0657661 0.0891086 0.0565487 0.0427096 0.0404634 0.048988 0.0373727 0.0939324 0.0892013 0.0702309 0.0578444
threshold=0.31380061805248266 0.31446340680122381 0.059317039325833328 0.07181518524885179 0.24625033140182498 0.30397830903530126 0.52060812711715709 0.092119917273521437 0.29927712678909307 0.29713262617588049 0.32533910870552069 0.15401898324489596 0.45958939194679266 0.19562277197837832 0.086430422961711897 0.39661149680614477 0.74061912298202526 0.55080971121788036 0.019561945460736755 0.32960823178291326 0.33219572901725775 0.27743867039680487 0.29629880189895635 0.27551971375942236 0.21744287759065631 0.56954431533813488 0.34672090411186224 0.27950905263423925 0.57961755990982067 0.35354222357273107
decision_type=2 2 2 2 2 2 2 2 2 2 2 2 2 2 2 2 2 2 2 2 2 2 2 2 2 2 2 2 2 2
left_child=5 -2 25 -4 10 7 -7 8 9 14 -5 -9 -13 -14 16 -12 17 18 19 22 -21 23 -1 24 -22 26 27 -3 -27 -30
right_child=1 2 3 4 -6 6 -8 11 -10 -11 15 12 13 -15 -16 -17 -18 -19 -20 20 21 -23 -24 -25 -26 28 -28 -29 29 -31
leaf_value=-0.037605704338885278 0.065167009410368612 0.0019659390673190461 0.039300785513203235 0.01825251239986932 0.017003855393315608 -0.051684120835341407 0.052318729887781523 -0.052533960831999321 0.02762446143066968 -0.052871863944961919 -0.05332778321337988 0.022538690624875748 0.023028116934043379 -0.052674380877165451 0.03305272321804003 -0.0058793770044997251 0.013720332520486151 -0.052034019824488069 0.023744603447747356 0.054971042855828836 0.017230455180050945 -0.051536165027647823 0.027901863737072916 0.044957996001788389 -0.030028796421841437 -0.052258296487259728 0.033024616139106927 -0.054899392929165937 0.019243138153048869 -0.010813907549063169
leaf_weight=0.19003781415267418 0.16727111552609164 0.57066615978328705 0.2006951889488845 0.074602785927709192 0.45925585896475241 0.13022508933136112 0.031269494444131851 0.090981916597229318 0.21454934420034977 0.054820147437567246 0.09886492122313939 0.067226457002107054 0.035698933061212301 0.079482081055175513 0.092640811577439197 0.089076460339128971 0.28053014422766864 0.12913046730318456 0.17706735648971517 0.073124716058373451 0.11332625636714511 0.056602496726554818 0.028630432600039057 0.048191234382102266 0.10624138243292691 0.086972173412504961 0.21804983582114801 0.078442501093377359 0.19355673867539713 0.92521046297770226
leaf_count=187 6 167 10 13 51 122 1 56 50 29 37 11 4 62 9 6 53 99 39 3 27 57 6 6 80 38 34 32 50 264
internal_value=0.00130534 0.00485471 0.00148671 0.0122085 0.0046756 -0.00430803 -0.0315465 -0.00191511 0.00198642 -0.00208709 -0.0168896 -0.0242476 -0.0101388 -0.0292113 6.18755e-05 -0.0308392 -0.00247894 -0.00740589 -0.000140767 -0.00700483 0.00511115 -0.00612937 -0.0290287 0.00346933 -0.0056367 -0.0032848 0.00463175 -0.00490604 -0.00897832 -0.00561377
internal_weight=5.16244 3.16266 2.99539 0.922495 0.7218 1.99978 0.161495 1.83828 1.56489 1.35034 0.262544 0.273389 0.182407 0.115181 1.29552 0.187941 1.20288 0.922352 0.793222 0.616154 0.397486 0.324361 0.218668 0.267759 0.219568 2.0729 0.867158 0.649109 1.20574 1.11877
internal_count=1609 708 702 117 107 901 123 778 645 595 56 133 77 66 566 43 557 504 405 366 173 170 193 113 107 585 233 199 352 314
is_linear=0
shrinkage=0.05


Tree=109
num_leaves=31
num_cat=0
split_feature=12 12 3 7 7 7 7 12 7 3 7 12 3 12 3 3 3 3 3 12 4 3 7 4 3 3 12 12 7 7
split_gain=0.085532 0.110042 0.093546 0.052037 0.116391 0.0993032 0.073133 0.0531982 0.0462835 0.0681256 0.0544101 0.0443363 0.0814214 0.0668781 0.0436526 0.0359586 0.0686328 0.0730383 0.0636545 0.0690732 0.0596687 0.0472648 0.0899348 0.0827317 0.0613812 0.0643086 0.0552942 0.0642075 0.0483858 0.0445261
threshold=30.500000000000004 103.50000000000001 0.85867658257484447 0.29026083648204809 0.32970482110977178 0.35668857395648962 0.22601355612277987 50.500000000000007 0.24956940859556201 0.9999937415122987 0.25993631780147558 64.500000000000014 0.85253447294235241 87.500000000000014 0.63763511180877697 0.33219572901725775 0.35354222357273107 0.39376872777938848 0.1386145502328873 11.500000000000002 0.34757031500339514 0.50132492184638988 0.37243685126304632 0.045974882319569595 0.79179209470748912 0.63230484724044811 11.500000000000002 14.500000000000002 0.34313413500785833 0.31519578397274023
decision_type=2 2 2 2 2 2 2 2 2 2 2 2 2 2 2 2 2 2 2 2 2 2 2 2 2 2 2 2 2 2
left_child=8 2 3 6 11 -6 -2 -7 9 -1 -10 -5 13 -13 -8 18 -17 -18 19 -12 -20 22 23 29 25 26 28 -28 -23 -19
right_child=1 -3 -4 4 5 7 14 -9 10 -11 15 12 -14 -15 -16 16 17 21 20 -21 -22 24 -24 -25 -26 -27 27 -29 -30 -31
leaf_value=-0.052313071898650414 0.013819160814532317 -0.051059556410956698 -0.052544627303304739 0.040130486237753782 -0.039577006830911657 -0.011886871661873738 -0.035190211187569376 0.027381367722963752 0.023261632413024268 0.031243709178657347 0.013491794957956577 -0.052326637167519209 0.050879025016249746 0.02219659200375278 0.01866636907400792 0.02413768009765091 -0.04016636927957852 0.026758621909956377 -0.051704703076421311 -0.051706176513010821 0.018800680343509714 -0.0054584262006867612 0.037008550959089608 -0.053443995091044083 -0.00056414355693017854 -0.0464978853190543 0.039152131695609146 -0.02609306450240503 -0.053873711382804883 -0.019603225051369813
leaf_weight=0.11530476704865611 0.32451671888702538 0.079123457966488675 0.059199136245297157 0.44779281154842443 0.12407218034786638 0.14048152857139939 0.17292536625973298 0.22341611515730619 0.15244914544746313 0.030939948279410601 0.17207175595103796 0.058741715394717176 0.080223686993122101 0.061754235619446263 0.048087361014040653 0.18697529283235814 0.15797549908165809 0.12549427899648424 0.17944181870916509 0.053178627975285053 0.036034414995810948 0.11592814270989016 0.17747906362637877 0.074894965400744695 0.78947751853411319 0.1833712911902694 0.091781234572408721 0.06400247459532693 0.093006795505061746 0.088177099409222137
leaf_count=96 61 60 32 106 88 29 172 24 27 2 47 57 1 17 28 30 41 33 147 55 12 44 10 38 108 96 12 49 26 45
internal_value=-0.00187844 0.00660991 0.00923051 0.0114047 0.0174978 -0.000948527 -0.00128887 0.012222 -0.00722875 -0.0346356 -0.00576687 0.0313777 0.0118508 -0.0141334 -0.0234722 -0.00747598 -0.00480733 -0.00756632 -0.0204858 -0.00190058 -0.039914 -0.00471093 0.00900139 -0.00822406 -0.00948868 -0.0223437 -0.0101996 0.0123467 -0.0270104 0.00762619
internal_weight=4.70832 1.82033 1.74121 1.68201 1.13648 0.48797 0.545529 0.363898 2.88798 0.146245 2.74174 0.648512 0.20072 0.120496 0.221013 2.58929 2.14856 1.96159 0.440727 0.22525 0.215476 1.80361 0.466045 0.288566 1.33757 0.54809 0.364719 0.155784 0.208935 0.213671
internal_count=1593 675 615 583 322 141 261 53 918 98 820 181 75 74 200 793 532 502 261 102 159 461 126 116 335 227 131 61 70 78
is_linear=0
shrinkage=0.05


Tree=110
num_leaves=31
num_cat=0
split_feature=12 7 7 7 7 7 3 3 3 3 3 3 6 4 7 3 3 3 12 3 3 3 6 3 3 3 7 3 6 7
split_gain=0.135089 0.0633411 0.0466075 0.0394558 0.097582 0.063097 0.040046 0.0611722 0.0488957 0.0460298 0.0949375 0.0902499 0.0530395 0.0593798 0.0729866 0.0343957 0.0308293 0.0711956 0.0303713 0.0298188 0.0883583 0.0879511 0.0670761 0.0570126 0.0503459 0.0432992 0.0457489 0.0292637 0.103528 0.0967901
threshold=23.500000000000004 0.17414723336696628 0.20731281489133838 0.29026083648204809 0.25993631780147558 0.29060964286327368 0.86529290676116954 0.85253447294235241 0.65064379572868358 0.34672090411186224 0.29897780716419226 0.38075001537799841 0.062526607885956778 0.46106496453285223 0.2997263371944428 0.7458624839782716 0.33219572901725775 0.32960823178291326 25.500000000000004 0.34672090411186224 0.35354222357273107 0.1386145502328873 0.15941838175058368 0.37627542018890386 0.38075001537799841 0.13309555500745776 0.32241795957088476 0.81935068964958202 0.11023701727390291 0.35706225037574774
decision_type=2 2 2 2 2 2 2 2 2 2 2 2 2 2 2 2 2 2 2 2 2 2 2 2 2 2 2 2 2 2
left_child=2 -2 -1 4 18 -5 7 8 9 10 -7 -11 13 14 -13 -10 17 -6 -3 21 -21 25 -23 -22 -25 26 -4 28 -26 -29
right_child=1 3 19 5 16 6 -8 -9 15 11 -12 12 -14 -15 -16 -17 -18 -19 -20 20 23 22 -24 24 27 -27 -28 29 -30 -31
leaf_value=-0.052693111559301266 -0.051868030645375665 0.041765468943195432 0.01116921222121013 0.049843519643065735 -0.050814534760923714 0.009909455892207741 -0.020164872941490768 0.050316724343069552 0.014815366892079419 0.048872125100694684 -0.054058105904757209 0.041613013155526429 0.028050183657644154 0.037465413927121542 -0.051587030868758245 -0.052240659147946546 -0.051683389120335745 0.053595835950645279 0.0051405955579842434 0.036303357401925203 -0.053626438709499936 -0.051690710689573795 0.023911004356613651 0.034623081666475479 0.001118988168789271 0.03770215646314843 -0.051373105258384823 -0.043389863816828494 -0.052151572866537932 0.00018666276197709151
leaf_weight=0.060111110029538728 0.043659960560035294 0.064452047838131299 0.078047314404102841 0.11022514989599574 0.0398117413642467 0.56958964819750668 0.09858371122390952 0.10077291459310789 0.030320862482767441 0.2092043217853643 0.064580560487229377 0.026991075676050968 0.14945147682738025 0.042937641934258863 0.094738986794254743 0.051784147799480706 0.10053362108010333 0.027677755802869797 0.46489702351027518 0.11894883506465692 0.066510680117062182 0.19994054008020612 0.034384493250399828 0.071515234885737189 1.0167864601899053 0.06644893903285265 0.046756588664720766 0.21852661707089271 0.10019284080772184 0.30567478886223398
leaf_count=35 27 6 43 4 67 171 21 4 24 16 32 10 27 15 93 30 118 2 167 11 20 163 4 7 295 3 43 59 55 23
internal_value=-0.000892924 0.00777938 -0.0092246 0.00893858 -0.000937524 0.0133844 0.0105916 0.0128537 0.00980814 0.0124529 0.00339534 0.023429 0.00648383 -0.0130897 -0.0309219 -0.0274773 -0.0341353 -0.00799536 0.00959994 -0.00810014 -0.00541823 -0.020062 -0.040597 -0.00820752 -0.00644373 0.00509778 -0.0122617 -0.00823323 -0.00365937 -0.0179793
internal_weight=4.67406 2.29021 2.38384 2.24655 0.697372 1.54918 1.43896 1.34037 1.2396 1.15749 0.63417 0.523324 0.314119 0.164668 0.12173 0.082105 0.168023 0.0674895 0.529349 2.32373 1.89816 0.425578 0.234325 1.77921 1.7127 0.191253 0.124804 1.64118 1.11698 0.524201
internal_count=1595 834 761 807 360 447 443 422 418 364 203 161 145 118 103 54 187 69 173 726 470 256 167 459 439 89 86 432 350 82
is_linear=0
shrinkage=0.05


Tree=111
num_leaves=31
num_cat=0
split_feature=6 3 3 12 7 7 12 3 3 3 7 7 12 0 0 7 7 0 3 12 7 0 4 0 4 4 12 4 0 3
split_gain=0.0596172 0.0655691 0.0830345 0.0412251 0.112486 0.0580045 0.0765437 0.0750039 0.0567497 0.0546055 0.0494881 0.0556428 0.054583 0.051897 0.053612 0.0792008 0.0493877 0.0471482 0.0993346 0.092225 0.0635007 0.049555 0.0528766 0.0671255 0.0482183 0.0339438 0.0327492 0.102466 0.051571 0.0488025
threshold=0.1374962776899338 0.9999937415122987 0.45548626780509954 24.500000000000004 0.45487730205059057 0.35464857518672949 18.500000000000004 0.86529290676116954 0.33219572901725775 0.49685506522655493 0.29026083648204809 0.29060964286327368 97.500000000000014 0.54031535983085643 0.55075579881668102 0.25203402340412145 0.34738881886005407 0.61786010861396801 0.43519522249698644 80.500000000000014 0.38767705857753759 0.54181236028671276 0.30000026524066931 0.56681209802627575 0.029587306082248691 0.026072675362229351 4.5000000000000009 0.020540243946015838 0.54372221231460582 0.1386145502328873
decision_type=2 2 2 2 2 2 2 2 2 2 2 2 2 2 2 2 2 2 2 2 2 2 2 2 2 2 2 2 2 2
left_child=3 2 -2 4 5 6 16 8 25 -10 12 -12 13 -5 -15 -16 26 21 -19 20 -20 -13 23 -23 -25 -7 27 -1 -28 -30
right_child=1 -3 -4 10 -6 7 -8 -9 9 -11 11 17 -14 14 15 -17 -18 18 19 -21 -22 22 -24 24 -26 -27 28 -29 29 -31
leaf_value=0.0060143519233616209 0.010622292901617932 0.0068836800818917066 -0.05249090454632474 -0.051622415082173016 -0.055235641178999165 -0.051763802459180247 -0.051109876136420478 0.0349346897600026 0.020320450963015799 -0.0085252266739250654 0.048480265453799076 0.015485225563255163 -0.051033446500720531 0.036656473831846337 0.0064181402875847851 -0.051191018728308571 -0.051791102324604044 0.051000248772280987 -0.052005248544769136 0.035195201247467126 0.03335746957856129 -0.052384812333204626 0.031088033527038639 0.0082273302439111289 -0.052000190153162013 0.0033335717134049246 -0.050701784062716672 -0.052789324580874333 0.044885966273623727 0.0030311712209073307
leaf_weight=0.21289695649829876 0.074246678457711712 0.16606859065359458 0.17482756478420924 0.043619240135740145 0.095649959286674746 0.071563611389137582 0.091962176163178699 0.21851550199789926 0.36810559453442693 0.29598542698659003 0.10390920192003239 0.40415995996954712 0.05516088616423076 0.108006303984439 0.38400916039245203 0.070634363994031446 0.050773060240317025 0.18658283258264419 0.084125655230309349 0.10450268056592904 0.029400004306808114 0.098187638197487104 0.06635662131884601 0.182127076866891 0.040649676131579326 0.045871666632592678 0.039803446077712579 0.11361660753027536 0.078691257251193747 0.60584802799348836
leaf_count=72 23 19 115 53 12 37 113 13 26 49 3 73 41 14 97 117 40 17 75 20 4 72 18 79 44 10 63 57 9 223
internal_value=0.00063327 -0.0174519 -0.0336775 0.00239954 -0.00215827 0.000156085 -0.00728609 0.00903863 0.00179807 0.00746393 0.00771919 0.0133842 -0.00341513 0.00091738 0.00499051 -0.00253214 -0.00362776 0.0103353 0.0242195 0.00130133 -0.0298987 0.00323759 -0.00954251 -0.0179425 -0.00276228 -0.0302421 -0.0013007 -0.0144475 0.00462551 0.00784259
internal_weight=4.66586 0.415143 0.249074 4.25071 2.28928 2.19363 1.19359 1.00004 0.781526 0.664091 1.96143 1.3 0.66143 0.606269 0.56265 0.454644 1.10163 1.19609 0.404611 0.218028 0.113526 0.791481 0.387321 0.320964 0.222777 0.117435 1.05086 0.326514 0.724343 0.684539
internal_count=1608 157 138 1451 724 712 577 135 122 75 727 405 322 281 228 214 464 402 116 99 79 286 213 195 123 47 424 129 295 232
is_linear=0
shrinkage=0.05


Tree=112
num_leaves=31
num_cat=0
split_feature=12 3 3 4 3 6 3 3 3 0 0 3 12 12 4 3 3 12 12 3 3 4 0 0 12 6 3 0 12 0
split_gain=0.0525401 0.0735243 0.0338128 0.0586577 0.043856 0.0681848 0.0565295 0.0554596 0.0454089 0.0784036 0.0810952 0.0606754 0.0566966 0.070881 0.0517299 0.049549 0.0358951 0.0415129 0.0684414 0.0329327 0.065021 0.0572787 0.0685699 0.0776772 0.0369623 0.0905209 0.0703713 0.0980593 0.0613081 0.0574465
threshold=24.500000000000004 0.97439229488372814 0.85253447294235241 0.62175661325454723 0.57239133119583141 0.081176627427339568 0.54906725883483898 0.7825666368007661 0.44735717773437506 0.6076960861682893 0.58113190531730663 0.33712284266948706 25.500000000000004 42.500000000000007 0.30000026524066931 0.21750554442405703 0.25693033635616308 55.500000000000007 72.500000000000014 0.34672090411186224 0.35354222357273107 0.20103058964014056 0.54495236277580272 0.52811041474342357 3.5000000000000004 0.11023701727390291 0.86529290676116954 0.59654414653778087 4.5000000000000009 0.58169397711753856
decision_type=2 2 2 2 2 2 2 2 2 2 2 2 2 2 2 2 2 2 2 2 2 2 2 2 2 2 2 2 2 2
left_child=19 2 3 4 6 7 8 -6 9 10 11 12 -2 -14 -10 -12 17 -15 -19 21 -21 22 23 -1 26 28 27 -22 -26 -30
right_child=1 -3 -4 -5 5 -7 -8 -9 14 -11 15 -13 13 16 -16 -17 -18 18 -20 20 24 -23 -24 -25 25 -27 -28 -29 29 -31
leaf_value=-0.05126018633213919 0.039904092126447084 -0.052765109410288162 0.026955067025471575 -0.033159275037483699 -0.052083745141822062 0.033273037635506479 0.045662005344737508 0.0075839340877207314 -0.051891470913650095 0.035821464576293427 0.024547289233095237 0.03358053238219174 -0.05214262603259312 0.027214572308273871 0.0058612455100359876 -0.051582004275580851 -0.01969037204838989 -0.052916694740084862 0.011240134090706214 0.035027411044402282 0.015114842013405011 0.011875689984811052 -0.051688778294385673 0.022439347127954052 -0.053986637206562708 -0.052583274606179134 0.018066579392762003 -0.038727003406859237 -0.051747657008511562 0.0010458472241798335
leaf_weight=0.056818463592208324 0.089845331502147685 0.052328636695165076 0.19692021360970091 0.09474651317577798 0.10396024606234266 0.057897793303709477 0.10481632354640158 0.062270513051771559 0.06487665903114237 0.25132704960560648 0.027817709487862885 0.20684487615653779 0.064653785648260964 0.19483872572163818 0.096368673010147177 0.092258738786767935 0.13086025584925665 0.054797482203866821 0.17220111192727927 0.11011809424962837 0.16308708819269657 0.11971605511644157 0.15992394593376957 0.096428987737454008 0.060978060675551893 0.11407712192885811 0.40576223225798458 0.17563651191449026 0.054879539013199974 0.84371965106402058
leaf_count=75 7 19 31 67 94 25 25 16 77 53 8 39 90 35 27 85 43 32 52 12 26 40 129 39 26 65 34 64 38 243
internal_value=5.17261e-05 0.00576612 0.00724769 0.00517283 0.0072182 -0.0134563 0.0102048 -0.0297321 0.00763586 0.0107733 0.00468566 0.00976057 0.00279357 -0.00260725 -0.0173754 -0.0339454 0.00318733 0.0102843 -0.00424733 -0.00507816 -0.00228029 -0.017541 -0.0287861 -0.0048857 -0.00453988 -0.0104764 0.00402143 -0.0128035 -0.00547062 -0.00217837
internal_weight=4.48078 2.11963 2.0673 1.87038 1.77564 0.224129 1.55151 0.166231 1.44669 1.28545 1.03412 0.914042 0.707197 0.617351 0.161245 0.120076 0.552698 0.421837 0.226999 2.36115 1.92826 0.432887 0.313171 0.153247 1.81814 1.07365 0.744486 0.338724 0.959577 0.898599
internal_count=1616 825 806 775 708 135 573 110 548 444 391 298 259 252 104 93 162 119 84 791 508 283 243 114 496 372 124 90 307 281
is_linear=0
shrinkage=0.05


Tree=113
num_leaves=31
num_cat=0
split_feature=7 7 12 0 7 6 7 3 7 0 0 12 7 12 7 3 3 12 0 0 0 3 0 12 12 3 12 0 6 3
split_gain=0.0416183 0.0559767 0.0762432 0.0739673 0.057847 0.0544238 0.0463905 0.042909 0.0423141 0.0399695 0.0545573 0.0381041 0.0571167 0.0862106 0.0529807 0.0840388 0.0357545 0.0324386 0.0315796 0.0472971 0.0314238 0.0501455 0.0776159 0.0464917 0.133199 0.062743 0.0361149 0.0285291 0.025812 0.0330284
threshold=0.2869544923305512 0.29099465906620031 50.500000000000007 0.58113190531730663 0.38515695929527288 0.089641820639371886 0.28075930476188665 0.36984549462795263 0.3600581586360932 0.54372221231460582 0.5440458655357362 51.500000000000007 0.32374675571918493 71.500000000000014 0.31380061805248266 0.2296114265918732 0.13309555500745776 46.500000000000007 0.55075579881668102 0.57647201418876659 0.68325442075729381 0.95996761322021495 0.66343435645103466 5.5000000000000009 1.5000000000000002 0.66147875785827648 24.500000000000004 0.56139713525772106 0.086430422961711897 0.40576450526714331
decision_type=2 2 2 2 2 2 2 2 2 2 2 2 2 2 2 2 2 2 2 2 2 2 2 2 2 2 2 2 2 2
left_child=5 -2 3 4 8 6 16 -7 9 17 -11 -4 14 -14 15 -13 -1 -3 -18 -20 21 22 23 24 -5 -25 -27 -12 29 -21
right_child=1 2 11 20 -6 7 -8 -9 -10 10 27 12 13 -15 -16 -17 18 -19 19 28 -22 -23 -24 25 -26 26 -28 -29 -30 -31
leaf_value=-0.050648628663557127 0.031530133368401679 -0.051521723297959204 0.044012600659025236 0.024743520129165253 0.0085362370887967758 0.0085063288911868384 -0.051704665513513395 -0.051966000469192877 -0.052913014290280606 0.047472709675722237 -0.051557546650401465 0.030192413671720531 -0.052741676710632492 0.011863586072013644 0.042911976130190377 -0.051548711045696353 0.023111934474954285 0.012388612323186672 -0.051172537664359169 0.014138275035539147 -0.011080804698077885 0.026247226121771244 -0.053509866541502062 0.015227983810888591 -0.054307636831040874 -0.054645544556418402 0.0099199251619120216 -0.0055721755770416735 0.03221560658758512 -0.010563079281643774
leaf_weight=0.03377342375097192 0.17657787566713556 0.10503098035769731 0.1099813925102352 0.10451095192547633 0.17268109950236976 0.040401809848845005 0.045959477707583574 0.10708394863468129 0.10714115238806698 0.0411145961843431 0.043583059516095091 0.092663430259563029 0.070430922161904164 0.19351780072611291 0.19127937270968687 0.04759469187411014 0.14449894490462611 0.024482661159709096 0.04668807853886392 0.20447701066586887 0.29607775319891505 0.26899908273480821 0.059198933959123567 0.76017625386884902 0.10872238752926933 0.054228333177888999 0.036060820126294857 0.14915639225000632 0.059839966706931591 0.40016861904223333
leaf_count=68 44 108 7 26 26 8 60 88 40 2 69 18 49 45 22 63 39 3 62 58 60 19 27 225 45 33 20 79 5 171
internal_value=0.0013059 0.00416282 0.00257143 -0.00178696 -0.0162153 -0.00717129 -0.0027204 -0.0354004 -0.0252994 -0.0171573 -0.00481642 0.0169734 0.0119795 -0.0053754 0.0257964 0.00245467 -0.00018928 -0.0394404 0.00180235 -0.00252741 0.00371085 0.00685726 0.00221224 0.00531339 -0.0155627 0.0105476 -0.0288586 -0.0159706 0.000890494 -0.00220966
internal_weight=4.2961 3.21321 3.03663 2.33116 0.64319 1.08289 0.935406 0.147486 0.470509 0.363368 0.233854 0.705468 0.595486 0.263949 0.331537 0.140258 0.889446 0.129514 0.855673 0.711174 1.68797 1.3919 1.1229 1.0637 0.213233 0.850465 0.0902892 0.192739 0.664486 0.604646
internal_count=1589 1030 986 782 327 559 463 96 301 261 150 204 197 94 103 81 403 111 335 296 455 395 376 349 71 278 53 148 234 229
is_linear=0
shrinkage=0.05


Tree=114
num_leaves=31
num_cat=0
split_feature=12 12 0 7 7 3 7 7 0 7 4 6 3 3 3 7 0 4 6 12 0 4 3 7 3 4 7 7 0 3
split_gain=0.0635985 0.0607281 0.0403804 0.0698584 0.0375113 0.0684015 0.0341232 0.0473077 0.0415085 0.0340383 0.0797452 0.0332509 0.0304464 0.16145 0.0636002 0.0536592 0.0443012 0.0696787 0.0910555 0.0929755 0.0510679 0.0663131 0.0416745 0.0715264 0.0412771 0.086558 0.0399358 0.0346336 0.064007 0.0325779
threshold=103.50000000000001 46.500000000000007 0.54031535983085643 0.35800749063491827 0.24956940859556201 0.74061912298202526 0.29927712678909307 0.25286036729812628 0.55075579881668102 0.32374675571918493 0.22394458204507831 0.023574091494083408 0.1386145502328873 0.3056220561265946 0.35354222357273107 0.30759921669960028 0.6194719970226289 0.045071344822645194 0.062526607885956778 3.5000000000000004 0.66973870992660534 0.10737730190157892 0.11837169528007509 0.32977579534053808 0.9999937415122987 0.37901748716831213 0.38034547865390783 0.32934233546257025 0.54372221231460582 0.85867658257484447
decision_type=2 2 2 2 2 2 2 2 2 2 2 2 2 2 2 2 2 2 2 2 2 2 2 2 2 2 2 2 2 2
left_child=1 4 3 -3 5 -1 7 -4 -9 -8 11 -11 22 -14 15 -15 17 18 19 -16 29 -22 23 27 25 -23 -19 28 -6 -18
right_child=-2 2 6 -5 12 -7 9 8 -10 10 -12 -13 13 14 16 -17 20 26 -20 -21 21 24 -24 -25 -26 -27 -28 -29 -30 -31
leaf_value=-0.051451045241826324 -0.050927019655505494 -0.036733868110699827 0.014115023336509611 0.01964105469338067 -0.051279296759761062 0.0042842083487936332 0.035054991820082357 0.017406749765217371 -0.051201404776997653 -0.051349801602159934 0.030688035940790611 0.013911937413256774 -0.051323064279052345 0.041925450625449126 0.013617520595155686 0.00055896361525581569 0.0024898658702273233 -0.05228967916923602 0.035227727777318606 -0.038012368746751304 -0.052722404978977289 0.013594844697639996 0.032712024371450939 -0.051727699287534304 0.017328585498121222 -0.053843484988389895 -0.010811789129757802 0.046825896472126857 0.037292187183533311 0.023851670089992012
leaf_weight=0.1067204848313853 0.059982057115121168 0.10975081585638669 0.28482153853110503 0.11005927459336817 0.038433698773588154 0.11369413973443443 0.29072934814030305 0.034435192530509084 0.061274109863006743 0.056716760496783536 0.16022173248347826 0.029758067481452599 0.16271642935225861 0.15603114358964409 0.15826291765552003 0.15755527804867597 0.4749278818562741 0.13949129899629042 0.12239932685042731 0.19419140460377093 0.078153036658477504 0.10385985484026605 0.14772693534177961 0.053467721903871279 0.1561679232690949 0.087808493823104072 0.099374714191071689 0.055722481571137905 0.043465967159136198 0.28593295707833022
leaf_count=112 56 60 61 10 55 29 70 5 96 53 21 7 188 22 31 46 184 92 12 130 40 23 19 46 15 36 9 3 12 27
internal_value=0.000183329 0.000935858 0.0107425 -0.00850685 -0.0028643 -0.0227017 0.0153519 0.00389547 -0.0265169 0.0234637 0.00980349 -0.0288917 -0.00125423 -0.00325307 0.000279553 0.0211417 -0.00316261 -0.0130066 -0.00192623 -0.0148289 0.00275711 -0.011104 0.012768 -0.00265016 -0.00175309 -0.0173005 -0.0350338 0.016417 -0.00427245 0.0105177
internal_weight=4.13385 4.07387 1.13777 0.21981 2.9361 0.220415 0.917957 0.380531 0.0957093 0.537426 0.246697 0.0864748 2.71569 2.37687 2.21416 0.313586 1.90057 0.71372 0.474854 0.352454 1.18685 0.425989 0.338817 0.19109 0.347836 0.191668 0.238866 0.137622 0.0818997 0.760861
internal_count=1570 1514 383 70 1131 141 313 162 101 151 81 60 990 855 667 68 599 274 173 161 325 114 135 116 74 59 101 70 67 211
is_linear=0
shrinkage=0.05


Tree=115
num_leaves=31
num_cat=0
split_feature=0 0 12 7 7 7 0 12 0 12 4 7 12 7 6 0 0 4 4 4 0 0 3 7 0 0 4 3 4 12
split_gain=0.0289379 0.0675181 0.0294579 0.0494312 0.121957 0.0888928 0.0516768 0.0342357 0.130278 0.0450628 0.0352533 0.0774876 0.0691264 0.0330996 0.0418159 0.0349745 0.0406841 0.0324825 0.0324772 0.0286942 0.042757 0.0563932 0.0274992 0.0253504 0.0522917 0.0470552 0.0901665 0.0517272 0.0508493 0.0807261
threshold=0.77539125084877025 0.71882751584053051 46.500000000000007 0.35122287273406988 0.31446340680122381 0.31380061805248266 0.52118885517120372 33.500000000000007 0.50492119789123546 32.500000000000007 0.72560054063797008 0.47617350518703466 26.500000000000004 0.35800749063491827 0.017394304275512699 0.71406409144401561 0.69246587157249462 0.46771433949470526 0.022502121515572075 0.30000026524066931 0.58655557036399852 0.65327399969100963 0.48738998174667364 0.20900084078311923 0.66973870992660534 0.66160073876380932 0.2052375674247742 0.60102730989456188 0.0212542898952961 6.5000000000000009
decision_type=2 2 2 2 2 2 2 2 2 2 2 2 2 2 2 2 2 2 2 2 2 2 2 2 2 2 2 2 2 2
left_child=1 2 7 4 5 6 -4 9 -9 10 11 12 13 15 18 16 23 19 22 20 -8 -22 -15 -1 25 26 27 28 29 -25
right_child=-2 -3 3 -5 -6 -7 17 8 -10 -11 -12 -13 -14 14 -16 -17 -18 -19 -20 -21 21 -23 -24 24 -26 -27 -28 -29 -30 -31
leaf_value=0.020406706789545571 0.033447335107481962 -0.034614474741347732 -0.052417869216386581 0.023107136149941618 -0.051883802485986175 0.052287132125469205 0.013779159010396533 0.040268860532556704 -0.051781695979550735 0.033007472223231651 0.019866223008208578 -0.053660308806039336 -0.051642787960380999 0.032183126591197479 -0.010655680596292939 0.030966939420523001 -0.052773316766675772 -0.027276325449618551 -0.0042162680006304345 0.030506983224806591 -0.051554445865911916 0.027906493863627025 0.0070752044861023509 0.0085154069219314562 -0.052374114026668799 0.0329139581429903 -0.051718015180206356 -0.03421017733572182 0.018055577020568449 -0.038171429417507313
leaf_weight=0.08724514848109155 0.063737128628417739 0.14000505240983319 0.042640622705220954 0.35100138632697053 0.097196744347456843 0.097099897102452815 0.23524572001042543 0.055759253242285811 0.12373386191939062 0.096028687228681409 0.17242863919091167 0.074710770742967614 0.067577778561826451 0.25196796676027577 0.23420153587358072 0.062595203053206094 0.047390715379151405 0.068562124477466568 0.17306749669660348 0.1210090884269448 0.067222958885395201 0.033433689241064712 0.19226830947445706 0.24421086215806986 0.061507194375735708 0.076100483216578141 0.10447582902270369 0.11003991915640654 0.30347849869212951 0.14913233339848375
leaf_count=36 6 40 29 48 90 3 87 7 172 18 53 11 90 38 33 4 24 48 27 16 97 20 26 96 28 12 87 78 80 195
internal_value=2.60056e-05 -0.000514466 0.000741455 0.00758031 0.000432011 0.00807606 0.00051967 -0.00209139 -0.0231863 -0.000581919 -0.00191899 -0.00359597 -0.00186854 -0.000265037 0.00733311 -0.00545681 -0.00738312 0.00481539 0.0141579 0.00963094 0.00211032 -0.025161 0.0213163 -0.00548989 -0.00764382 -0.00485758 -0.00801166 -0.00235238 0.0026785 -0.00918546
internal_weight=4.00507 3.94134 3.80133 1.11341 0.762411 0.665214 0.568114 2.68792 0.179493 2.50843 2.4124 2.23997 2.16526 2.09768 0.851505 1.24618 1.18358 0.525474 0.617304 0.456911 0.335902 0.100657 0.444236 1.13619 1.04895 0.987438 0.911337 0.806862 0.696822 0.393343
internal_count=1599 1593 1553 438 390 300 297 1115 179 936 918 865 854 764 124 640 636 268 91 220 204 117 64 612 576 548 536 449 371 291
is_linear=0
shrinkage=0.05


Tree=116
num_leaves=31
num_cat=0
split_feature=4 4 4 0 7 7 12 3 0 0 7 0 0 3 7 0 7 0 6 3 3 3 0 3 6 3 3 12 7 7
split_gain=0.0337448 0.0966092 0.0886501 0.0695073 0.0991052 0.0684766 0.0551634 0.0523312 0.0954573 0.0674859 0.0609516 0.0475273 0.0584458 0.0447107 0.0701394 0.0722322 0.0562855 0.0656262 0.0523032 0.0451907 0.0496748 0.0321213 0.127796 0.060835 0.0656767 0.0532182 0.0467214 0.0458509 0.0407256 0.11599
threshold=0.10190830007195474 0.11199992895126344 0.053751876577734954 0.6263895332813264 0.32934233546257025 0.35706225037574774 26.500000000000004 0.14949969947338107 0.59654414653778087 0.60115164518356334 0.34050792455673223 0.62514308094978344 0.61408016085624706 0.51364493370056163 0.33768509328365331 0.77539125084877025 0.23149026185274127 0.64837586879730236 0.047810344025492675 0.82271087169647228 0.76438340544700634 0.32960823178291326 0.54661411046981823 0.38075001537799841 0.068290233612060561 0.57629442214965831 0.39376872777938848 96.500000000000014 0.3952689021825791 0.30060610175132757
decision_type=2 2 2 2 2 2 2 2 2 2 2 2 2 2 2 2 2 2 2 2 2 2 2 2 2 2 2 2 2 2
left_child=2 -2 3 11 6 7 -5 -3 -9 -10 13 12 21 16 15 18 -11 -18 19 20 -15 22 -1 -23 25 26 -25 -24 29 -28
right_child=1 5 -4 4 -6 -7 -8 8 9 10 -12 -13 -14 14 -16 -17 17 -19 -20 -21 -22 23 27 24 -26 -27 28 -29 -30 -31
leaf_value=0.0080868571393509867 0.046282002001773501 0.03809015034871896 -0.052039892940109495 0.0090398903042023301 -0.053352510226691574 0.016744191598384223 -0.051153824462326636 -0.051320143895348697 0.046221473985622236 0.046182601480720537 -0.052436367514563681 0.038250686620068759 -0.05144711036885441 -0.028601394636846352 0.047036865260179639 0.032677175765172942 -0.052154446906864098 0.035457974519858153 -0.05198127639179162 -0.051852229103362235 0.027124860148399155 0.024611479370208151 -0.051545391544199737 -0.056354439799441131 0.027284080187867668 -0.051749096340112079 0.028445540540663936 0.0098291581718484723 0.040279093735695007 -0.052029275065924321
leaf_weight=0.50099127335306659 0.13586341049813189 0.063083164823183102 0.090587499747925793 0.21357743279804697 0.14438661265739938 0.51991545228520408 0.046315735540702008 0.11591488226986257 0.064740907560917549 0.091659288795199245 0.067128413378668483 0.090215772186638676 0.051506656291166908 0.073544703183870297 0.047044730570632964 0.060828106361441314 0.044626487579080276 0.041021301665750798 0.12634368280487251 0.052135171368718147 0.087651706446195021 0.36563214465422789 0.15696761097478884 0.036682069563539699 0.13456632374436595 0.073142004614055622 0.10016649769750074 0.037748882547020912 0.059077701298519969 0.080969939288479509
leaf_count=221 21 20 66 70 65 58 66 142 12 11 37 10 59 52 6 6 37 13 100 30 11 73 190 17 18 47 47 12 5 68
internal_value=0.000422501 0.00595916 -0.00361482 -0.00151787 -0.0201393 0.00219558 -0.00168727 -0.00588806 -0.00906725 -0.00259496 -0.00716215 0.00294287 0.000948871 -0.00229832 -0.0107167 -0.0175007 0.0189509 -0.0101922 -0.0264864 -0.0113873 0.00170016 0.00269456 -0.00527301 0.00921404 -0.00240326 -0.0138161 -0.00379607 -0.039647 0.00422989 -0.00752757
internal_weight=3.77404 1.5915 2.18253 2.09195 0.40428 1.45564 0.259893 0.935723 0.872639 0.756724 0.691984 1.68767 1.59745 0.624855 0.447548 0.400503 0.177307 0.0856478 0.339675 0.213332 0.161196 1.54594 0.695708 0.850237 0.484605 0.350038 0.276896 0.194716 0.240214 0.181136
internal_count=1590 556 1034 968 201 535 136 477 457 315 303 767 757 266 205 199 61 50 193 93 63 698 423 275 202 184 137 202 120 115
is_linear=0
shrinkage=0.05


Tree=117
num_leaves=31
num_cat=0
split_feature=7 7 12 7 12 7 7 6 12 4 0 0 0 3 3 0 7 3 3 0 12 0 3 4 0 4 0 3 7 7
split_gain=0.0711899 0.0447147 0.0633504 0.0554335 0.058479 0.0505275 0.0495812 0.06837 0.0524305 0.0417149 0.0421438 0.0552371 0.0590404 0.0391226 0.0729537 0.0549964 0.0386544 0.0536666 0.0381001 0.0711526 0.0369056 0.0452769 0.0413182 0.0358869 0.0903949 0.0737397 0.0595761 0.0474003 0.0312981 0.0379911
threshold=0.2869544923305512 0.29099465906620031 50.500000000000007 0.32923476397991186 21.500000000000004 0.3229451328516007 0.32112815976142889 0.083485122770071044 20.500000000000004 0.56326329708099376 0.54031535983085643 0.55075579881668102 0.65327399969100963 0.39376872777938848 0.40576450526714331 0.60115164518356334 0.32970482110977178 0.11837169528007509 0.1211330220103264 0.555088371038437 51.500000000000007 0.61786010861396801 0.42333276569843298 0.39505125582218176 0.63501799106597911 0.107896875590086 0.6194719970226289 0.55080971121788036 0.24823594093322757 0.25413133203983312
decision_type=2 2 2 2 2 2 2 2 2 2 2 2 2 2 2 2 2 2 2 2 2 2 2 2 2 2 2 2 2 2
left_child=9 -2 3 4 5 6 7 8 -3 10 -1 -12 13 -13 -15 -16 -5 -18 -19 -20 -4 -22 -23 24 26 -26 27 -21 -14 -30
right_child=1 2 20 16 -6 -7 -8 -9 -10 -11 11 12 28 14 15 -17 17 18 19 23 21 22 -24 -25 25 -27 -28 -29 29 -31
leaf_value=-0.051127054024242426 0.03169870331594983 -0.051156091942026749 0.047539044570163613 0.038205839440806293 -0.051123921604951578 -0.052067807952993053 0.031210986921525293 0.012969556420177969 0.031891745183537025 -0.051232634838208828 0.030378416842055514 -0.045034166128221635 -0.0099985121764990144 0.036954730895356523 0.0081553474283777069 -0.051343143734075253 -0.051627293646927953 0.051627901244717583 -0.038273745186643157 0.0084159904838796273 0.00060441605333298916 0.055907506670397872 0.0107353353409111 0.020782490456627806 -0.053135255541550935 -6.3905655174527091e-05 0.03337999053241511 -0.026968467726778224 0.048069634706844229 -0.0017513375885426031
leaf_weight=0.055191732335515886 0.14130123951326856 0.11112229349782943 0.084772225585766026 0.075657428402337135 0.094318656091672892 0.055379118202836253 0.090805789106525481 0.14043356737965951 0.022925943543668836 0.062532836738682818 0.092426972667453811 0.14268037789588561 0.17182432128174696 0.057580132895964198 0.063112711119174492 0.10097976276483678 0.045945047379063797 0.039599057286977657 0.10230470098758804 0.4763573854579588 0.33147338598791976 0.089870357303880155 0.11591361345199402 0.28343319136911294 0.12185485000009066 0.14140374941052869 0.19265487448137719 0.11811147735716077 0.070507171709323302 0.083676280017243698
leaf_count=88 44 132 6 15 133 46 16 29 5 81 23 127 46 8 34 109 46 1 60 124 136 5 57 48 50 26 32 33 6 46
internal_value=0.000429763 0.00427154 0.0028542 -0.00127576 -0.0155409 -0.00756277 -0.000815616 -0.0114109 -0.0369526 -0.0118383 -0.00889858 -0.0059212 -0.0107811 -0.0246122 -0.0114676 -0.028459 0.0033234 0.00158904 0.00324588 0.00191181 0.0168788 0.0120411 0.030463 0.00499407 0.000733758 -0.0246291 0.00921653 0.00138566 0.00467695 0.0210315
internal_weight=3.77615 2.87564 2.73434 2.11231 0.514985 0.420667 0.365288 0.274482 0.134048 0.900512 0.837979 0.782788 0.690361 0.364353 0.221673 0.164092 1.59732 1.52166 1.47572 1.43612 0.62203 0.537257 0.205784 1.33382 1.05038 0.263259 0.787124 0.594469 0.326008 0.154183
internal_count=1612 1044 1000 796 361 228 182 166 137 568 487 399 376 278 151 143 435 420 374 373 204 198 62 313 265 76 189 157 98 52
is_linear=0
shrinkage=0.05


Tree=118
num_leaves=31
num_cat=0
split_feature=7 7 12 3 3 3 0 7 7 12 0 7 7 7 7 7 0 0 0 3 3 7 7 12 7 12 0 7 3 3
split_gain=0.0543505 0.0238278 0.0224035 0.0738681 0.043791 0.068626 0.05061 0.0414846 0.0405561 0.0376025 0.0428661 0.0288984 0.0502854 0.0372546 0.0312845 0.0284206 0.0271604 0.0494 0.0250381 0.0625899 0.0810035 0.0420896 0.0334535 0.0431136 0.0536083 0.0391864 0.0438512 0.0267039 0.0213094 0.0298386
threshold=0.17414723336696628 0.17903671413660052 24.500000000000004 0.94527024030685436 0.3056220561265946 0.1386145502328873 0.52811041474342357 0.29026083648204809 0.25993631780147558 32.500000000000007 0.57647201418876659 0.35464857518672949 0.3444990366697312 0.34216937422752386 0.32241795957088476 0.29060964286327368 0.55075579881668102 0.55027809739112865 0.61786010861396801 0.44735717773437506 0.85253447294235241 0.40936672687530523 0.35122287273406988 55.500000000000007 0.29671797156333929 42.500000000000007 0.6076960861682893 0.3600581586360932 0.91124361753463756 0.74061912298202526
decision_type=2 2 2 2 2 2 2 2 2 2 2 2 2 2 2 2 2 2 2 2 2 2 2 2 2 2 2 2 2 2
left_child=-1 -2 4 7 5 6 -3 8 9 -4 -11 12 13 14 28 -9 17 -10 22 -20 21 -21 23 25 -25 26 -17 -24 29 -6
right_child=1 2 3 -5 11 -7 -8 15 16 10 -12 -13 -14 -15 -16 18 -18 -19 19 20 -22 -23 27 24 -26 -27 -28 -29 -30 -31
leaf_value=-0.051372854975533601 0.039722374572839739 -0.050961281887806291 0.033126120246925891 -0.052264811910176769 -0.0045417836255494002 -0.051167571458468633 0.017925869760732037 0.043312190854324285 -0.050787493866778034 -0.051279809985492399 0.003212656857074528 0.0066100258219696107 -0.051338377774104951 0.04164744800429019 -0.02875622570737095 -0.051139374337067459 -0.050957512782956342 0.052665784197386017 0.045700035649479637 -0.051145607073790657 0.035504595188366551 0.037265505634933999 0.031431609128987396 0.044881799785168874 -0.05197409568960551 0.021290310459311793 0.032626617268144358 0.0037810524623830819 -0.024795510226648484 0.02249766874096306
leaf_weight=0.049255018890108082 0.040335009165574198 0.035321036426467223 0.082109616025263565 0.053418091090861597 0.3792102842708116 0.11178331450537371 0.10876447123882826 0.072159492410719173 0.024103437066514743 0.043016509000153746 0.22411395870221895 0.89706771329656476 0.057781312465522205 0.044097693986259401 0.12215604165612604 0.048604907235130668 0.067807011386321392 0.022137226536870003 0.15098985444637947 0.06723934520050534 0.086347294069128111 0.016831490909680724 0.1533724701803294 0.017433085813536309 0.079146150630549528 0.13937196975166444 0.023025031125143869 0.20274862527003279 0.081314885621395661 0.13958473810635041
leaf_count=45 5 61 24 24 215 141 39 4 40 45 87 116 45 6 89 87 142 1 20 97 9 2 26 7 84 36 11 42 27 38
internal_value=0.000793276 0.00150872 0.00107467 0.00552572 -0.00246886 -0.0217689 0.00103891 0.00755593 -0.00492018 0.00353366 -0.00556236 0.000400211 -0.00635907 -0.00296777 -0.00569174 0.0130229 -0.0308078 -0.00126034 0.0108042 0.022259 0.00149023 -0.0334452 0.00525703 -0.00682176 -0.0344911 0.00584297 -0.0242133 0.0156895 -0.000996824 0.00273333
internal_weight=3.64065 3.59139 3.55106 1.57398 1.97708 0.255869 0.144086 1.52056 0.463288 0.34924 0.26713 1.72121 0.824145 0.766364 0.722266 1.05727 0.114048 0.0462407 0.98511 0.321408 0.170418 0.0840708 0.663702 0.307581 0.0965792 0.211002 0.0716299 0.356121 0.60011 0.518795
internal_count=1615 1570 1565 788 777 241 100 764 339 156 132 536 420 375 369 425 183 41 421 128 108 99 293 225 91 134 98 68 280 253
is_linear=0
shrinkage=0.05


Tree=119
num_leaves=31
num_cat=0
split_feature=0 4 12 12 3 12 4 3 3 3 3 3 12 0 0 3 0 0 6 0 12 0 0 0 3 0 3 0 12 8
split_gain=0.0833405 0.0477018 0.0258626 0.0909659 0.0420732 0.0398662 0.0368238 0.0348427 0.0866636 0.0456666 0.0504032 0.0509402 0.0475517 0.0371589 0.0352687 0.0349384 0.0341895 0.0285182 0.0206577 0.0315694 0.0690381 0.0622946 0.0302839 0.0371508 0.0352789 0.0493929 0.0299805 0.0205677 0.0321041 0.0143022
threshold=0.50879192352294933 0.91189938783645641 46.500000000000007 35.500000000000007 0.71108976006507885 92.500000000000014 0.6568669080734254 0.1386145502328873 0.27557374536991125 0.35354222357273107 0.37627542018890386 0.38075001537799841 26.500000000000004 0.56718024611473095 0.56361746788024913 0.11837169528007509 0.54372221231460582 0.58448961377143871 0.025456773117184642 0.61848577857017528 49.500000000000007 0.61786010861396801 0.55075579881668102 0.58655557036399852 0.34672090411186224 0.57647201418876659 0.52014809846878063 0.54031535983085643 51.500000000000007 1.1000000238418581
decision_type=2 2 2 2 2 2 2 2 2 2 2 2 2 2 2 2 2 2 2 2 2 2 2 2 2 2 2 2 2 2
left_child=-1 2 3 6 18 -6 7 15 -9 13 -11 -12 29 14 -10 16 -2 -15 19 21 -21 22 27 24 25 -24 -20 28 -4 -13
right_child=1 -3 4 -5 5 -7 -8 8 9 10 11 12 -14 17 -16 -17 -18 -19 26 20 -22 -23 23 -25 -26 -27 -28 -29 -30 -31
leaf_value=-0.051446597162644325 -0.050848839189840747 -0.052298402771295861 0.029738275009471217 -0.05165330471547433 -0.051670624972712312 0.0053186736323601325 0.022098016723715284 -0.050910705945578276 -0.052067224791569916 -0.052707928117866093 0.037792888615126204 -0.0047509408381069748 -0.051130859609855431 0.039355555238402569 0.021794347749081906 0.035286435098670396 0.018922770013564242 0.0059904316913610631 0.0003829469114017124 0.038885051653654967 -0.051703755664480711 0.054283512819744112 -0.051204558155362873 -0.051160700161137544 0.028913046998361853 0.016410948256027104 0.043647188650341728 0.03111841207821487 -0.024217651209169369 0.016967957126435774
leaf_weight=0.079249175831137442 0.028912686302648871 0.042349050920165499 0.053599462029524036 0.087649181292363099 0.053094180613697972 0.072714843940048013 0.17787467092421128 0.092267643706691049 0.035032729298109078 0.053215783816994988 0.072145219455705845 1.2387635957929886 0.054380952125938964 0.1418171891127713 0.030003689404111356 0.11982991754484829 0.044708227636874653 0.1167813404044864 0.063376746737048961 0.032896697637625039 0.058314216810686048 0.077441777000785805 0.051950700515590142 0.040001538123760838 0.073088645811367314 0.056257583317346871 0.10875682980986312 0.13431953972030897 0.056767848753224825 0.08074031799333159
leaf_count=83 54 67 7 143 30 19 37 141 37 30 9 433 73 20 6 18 21 34 38 8 65 4 48 71 21 12 25 24 39 23
internal_value=-0.000768293 0.000430916 0.00110622 -0.00166518 0.00816154 -0.0187321 0.000251053 -0.00159189 -0.00363463 -0.00124168 -0.00491858 -0.00315987 -0.00531037 0.0157916 -0.0179922 0.0186311 -0.0084782 0.0242881 0.0123554 0.00818854 -0.0190314 0.0127572 0.00585602 -0.00754711 0.00207584 -0.0160512 0.027718 0.017978 0.00198584 -0.00342196
internal_weight=3.4283 3.34905 3.3067 2.37412 0.932581 0.125809 2.28647 2.1086 1.91515 1.82288 1.49925 1.44603 1.37388 0.323635 0.0650364 0.193451 0.0736209 0.258599 0.806772 0.634638 0.0912109 0.543427 0.465985 0.221298 0.181297 0.108208 0.172134 0.244687 0.110367 1.3195
internal_count=1640 1557 1490 1079 411 49 936 899 806 665 568 538 529 97 43 93 75 54 362 299 73 226 222 152 81 60 63 70 46 456
is_linear=0
shrinkage=0.05


Tree=120
num_leaves=31
num_cat=0
split_feature=12 0 0 0 7 7 7 0 12 4 0 12 12 12 12 12 0 0 12 7 12 0 12 12 12 4 4 7 7 7
split_gain=0.0472217 0.0321738 0.0657048 0.0362225 0.0291793 0.0472935 0.0340737 0.0379808 0.0656233 0.0482187 0.0393965 0.0608364 0.0621226 0.0375354 0.052037 0.0443961 0.0361417 0.0447234 0.0353599 0.0353196 0.030539 0.0506665 0.0302295 0.0281858 0.040138 0.0319137 0.0605025 0.0349775 0.077044 0.0524538
threshold=13.500000000000002 0.69979330897331249 0.66160073876380932 0.67179191112518322 0.29026083648204809 0.25203402340412145 0.29060964286327368 0.60584920644760143 19.500000000000004 0.30000026524066931 0.50153666734695446 25.500000000000004 97.500000000000014 15.500000000000002 63.500000000000007 35.500000000000007 0.58565649390220653 0.58655557036399852 25.500000000000004 0.38767705857753759 64.500000000000014 0.72374483942985546 15.500000000000002 1.0000000180025095e-35 1.5000000000000002 0.72560054063797008 0.22142051160335544 0.34738881886005407 0.40771275758743292 0.32112815976142889
decision_type=2 2 2 2 2 2 2 2 2 2 2 2 2 2 2 2 2 2 2 2 2 2 2 2 2 2 2 2 2 2
left_child=1 2 23 -4 5 -2 -6 8 -8 10 -10 19 16 -9 15 18 -13 -18 -15 -12 -16 -22 -7 -1 -25 26 27 29 -29 -26
right_child=4 -3 3 -5 6 22 7 13 9 -11 11 12 -14 14 20 -17 17 -19 -20 -21 21 -23 -24 24 25 -27 -28 28 -30 -31
leaf_value=0.0092794797962842176 0.0022611398056271051 -0.034295994222027115 0.037072697197311356 -0.0013130150075057819 0.042905080076685136 0.025533704499183213 -0.051672028200883603 0.038874240943222872 0.019341717831576812 0.026897077484274497 -0.013112350756344869 -0.051352201138624022 0.022246534731520929 -0.015620712204597931 0.055186076117233487 -0.051227390826661556 0.050877415622439984 -0.051056444896873755 0.021033457690919133 0.048526410856502632 -0.024500623105768896 0.044343405865475499 -0.037105527517690605 -0.052243568538043773 -0.018473322060951682 0.024211013597094641 -0.052880198206462684 -0.05227511682084434 0.0011899515415634818 0.020963394635850337
leaf_weight=0.12486859025375474 0.46064411527549953 0.1176437203757813 0.11205064016394317 0.13611503301945049 0.063162461854517349 0.022211674018763006 0.062645655185405991 0.12389200554753188 0.11510599580651615 0.14792767995095346 0.043401227127105813 0.15454483754729154 0.050149061251431704 0.1275113925585174 0.070283688604831696 0.043505131910933414 0.021752055734395981 0.021295370721418294 0.1359457939688582 0.050031800521537662 0.049308162881061435 0.058354704873636365 0.14498774320873054 0.07066381920594722 0.1721217178455845 0.053972745692590252 0.094622168995556422 0.12417574585560942 0.14732245728373528 0.16528509581257822
leaf_count=37 191 33 13 32 4 7 64 20 17 33 47 152 14 74 3 67 1 53 40 3 49 3 258 37 142 14 50 67 13 70
internal_value=-0.00202162 -0.00934157 -0.00689756 0.0160187 0.00288714 -0.00600646 0.00705783 0.0052829 -0.00296053 0.00208999 -0.00595255 -0.0144864 -0.0274526 0.0143124 0.00803694 -0.00443397 -0.0400663 0.000451187 0.0032931 0.0198942 0.0295496 0.0128138 -0.0287842 -0.0128649 -0.0162037 -0.0128417 -0.0156843 -0.0099042 -0.0232635 0.000845498
internal_weight=3.2855 1.31884 1.2012 0.248166 1.96666 0.627844 1.33882 1.27565 0.666854 0.604208 0.45628 0.341174 0.247741 0.608801 0.484909 0.306962 0.197592 0.0430474 0.263457 0.093433 0.177947 0.107663 0.167199 0.953032 0.828164 0.7575 0.703527 0.608905 0.271498 0.337407
internal_count=1608 508 475 45 1100 456 644 640 384 320 287 270 220 256 236 181 206 54 114 50 55 52 265 430 393 356 342 292 80 212
is_linear=0
shrinkage=0.05


Tree=121
num_leaves=31
num_cat=0
split_feature=12 3 0 6 12 3 0 0 4 3 0 12 6 12 12 12 4 3 6 12 3 3 3 4 12 0 4 4 0 4
split_gain=0.0477715 0.0382687 0.109981 0.0568305 0.0463295 0.057446 0.0293686 0.0557105 0.0386341 0.0473163 0.0464487 0.0358224 0.0272344 0.0259766 0.0304085 0.0413192 0.0444549 0.0541807 0.0361549 0.0315413 0.0291159 0.032076 0.0478492 0.0366672 0.022892 0.0300486 0.0224552 0.0200544 0.0245978 0.0187173
threshold=13.500000000000002 0.52014809846878063 0.63949391245841991 0.10844015702605249 1.5000000000000002 0.77503561973571788 0.58017861843109142 0.58364054560661327 0.022502121515572075 0.34672090411186224 0.5440458655357362 7.5000000000000009 0.061920523643493659 16.500000000000004 42.500000000000007 26.500000000000004 0.24625033140182498 0.44735717773437506 0.054983092471957214 23.500000000000004 0.11837169528007509 0.1386145502328873 0.74061912298202526 0.0212542898952961 103.50000000000001 0.57410290837287914 0.038504611700773246 0.63439294695854198 0.55255231261253368 0.12324441969394685
decision_type=2 2 2 2 2 2 2 2 2 2 2 2 2 2 2 2 2 2 2 2 2 2 2 2 2 2 2 2 2 2
left_child=1 6 -3 4 -4 -6 8 -8 9 10 -1 12 -9 26 15 18 -17 -18 20 -20 -15 -22 23 -23 27 -26 -2 -16 -29 -25
right_child=13 2 3 -5 5 -7 7 11 -10 -11 -12 -13 -14 14 24 16 17 -19 19 -21 21 22 -24 29 25 -27 -28 28 -30 -31
leaf_value=0.0052945022751147933 0.031606312472542711 -0.047994735469774313 0.011627763058754478 0.020421744581703934 0.0039317301937561453 -0.053214052694181405 0.051787450077541923 -0.0078865611534715031 -0.051738513438096469 0.029445083982576382 -0.051517096617755165 -0.035091966052950646 0.033845915534240607 -0.05091035772579993 0.0089954805551206354 -0.051086295931242601 0.02599970990354224 -0.05130827907841156 -0.051428941493834313 0.0013549470528419598 0.047970868930189148 -0.050642742696411593 0.035535135320894549 0.030147318803276531 0.014969712779990483 -0.050784487576722305 0.00023363553405935132 0.020557467381422976 -0.050987695965405255 -0.01794293088725708
leaf_weight=0.081994479352943239 0.1342306059286783 0.21085073804715648 0.092092136779683642 0.15398905457550427 0.070558316743699834 0.11673822143347934 0.06429671123623848 0.086159897458855994 0.050220198494571378 0.073973741149529815 0.064108137376024388 0.05736367977806367 0.071566160186193883 0.018158139251681749 0.95862104913066992 0.098672508047457086 0.05974283752948395 0.036517049557005521 0.05275589692973881 0.06105745343666058 0.056369734476902522 0.044078655334942596 0.08018346103199292 0.040352566968067549 0.030845146859064587 0.039785341825336218 0.099179797001852421 0.019601890729973093 0.031033632418257184 0.040581535875389818
leaf_count=59 46 96 16 33 34 34 5 50 49 18 55 43 11 34 396 189 20 51 35 19 5 80 25 16 11 51 37 5 42 33
internal_value=-0.00226888 -0.010108 -0.0183768 -0.00396686 -0.017409 -0.0316861 -0.000417013 0.0109507 -0.012167 -0.00313701 -0.0196338 -0.00125663 0.011049 0.00265246 0.000466725 -0.00867757 -0.0275026 -0.00332777 0.000647089 -0.023112 0.0103141 0.0145644 0.00538721 -0.0139497 0.00544979 -0.0220689 0.0182756 0.00737562 -0.0232913 0.00603417
internal_weight=3.09568 1.19391 0.644228 0.433378 0.279389 0.187297 0.549683 0.279386 0.270297 0.220076 0.146103 0.21509 0.157726 1.90177 1.66836 0.58847 0.194932 0.0962599 0.393537 0.113813 0.279724 0.261566 0.205196 0.125013 1.07989 0.0706305 0.23341 1.00926 0.0506355 0.0809341
internal_count=1598 503 213 117 84 68 290 109 181 132 114 104 61 1095 1012 507 260 71 247 54 193 159 154 129 505 62 83 443 47 49
is_linear=0
shrinkage=0.05


Tree=122
num_leaves=31
num_cat=0
split_feature=12 7 0 6 7 7 3 0 6 3 0 0 3 7 7 7 7 6 7 3 0 12 12 3 12 3 0 3 0 0
split_gain=0.027168 0.0443641 0.0280688 0.0444539 0.0488579 0.0513273 0.0793156 0.0435109 0.0330695 0.0537754 0.0408175 0.035063 0.0345257 0.042181 0.030263 0.0298155 0.0286074 0.0466903 0.0240797 0.0369499 0.0210436 0.0974129 0.0466005 0.0382484 0.0245576 0.0233315 0.0230926 0.0254897 0.0444804 0.0263924
threshold=23.500000000000004 0.20731281489133838 0.65903398394584667 0.11023701727390291 0.45487730205059057 0.39318042993545538 0.60102730989456188 0.66973870992660534 0.083485122770071044 0.46044802665710455 0.56361746788024913 0.56881877779960643 0.37627542018890386 0.3215776532888413 0.34313413500785833 0.30521866679191595 0.32112815976142889 0.019561945460736755 0.35706225037574774 0.81935068964958202 0.65442833304405224 80.500000000000014 73.500000000000014 0.39707186818122869 87.500000000000014 0.85253447294235241 0.65153902769088756 0.57629442214965831 0.59800586104393016 0.61786010861396801
decision_type=2 2 2 2 2 2 2 2 2 2 2 2 2 2 2 2 2 2 2 2 2 2 2 2 2 2 2 2 2 2
left_child=1 -1 3 4 5 6 8 -4 9 11 -11 12 13 16 15 -13 17 -3 19 -9 22 -22 26 24 -24 -23 27 29 -29 -2
right_child=20 2 7 -5 -6 -7 -8 18 -10 10 -12 14 -14 -15 -16 -17 -18 -19 -20 -21 21 25 23 -25 -26 -27 -28 28 -30 -31
leaf_value=-0.052126107419033112 0.010572423636852485 -0.050682730988845827 0.03297142223561899 -0.035941009186305752 -0.052839537787510153 0.018046068603713935 -0.05108872588945991 0.011522696203994211 0.023624120293691236 0.020385235185769769 -0.051626791304663723 0.0079985782810585541 0.023034166886434369 -0.051626173846800155 0.026771420891765058 -0.050648068457798769 0.039175578866087996 0.043866212010811811 0.014948073945479957 -0.032173103194983475 -0.042639407216634076 0.00028583262151056764 -0.02643274250088623 -0.051446037395269664 0.013495909417683642 0.037239038641771721 0.047080732389460228 0.021763570468122637 -0.051178536283029874 0.03258951093222081
leaf_weight=0.043774310033768749 0.72034169419111982 0.041468928482572442 0.13689317687385472 0.10674679464864301 0.045768049079924711 0.28773434850154445 0.088915797205117997 0.090172185409755912 0.1143228606088087 0.025046381328138523 0.091803626084583811 0.088056358457833994 0.049480533241876401 0.077202305754326517 0.16630208899005083 0.028746848762239097 0.029444283805787563 0.019058090620092116 0.14590773862437345 0.10439058729753015 0.10897221128834633 0.089971073270135093 0.05929067201577698 0.047098137019929709 0.1098633101064479 0.081324312253855169 0.050030948361381888 0.042457682840904454 0.041163489604514325 0.16782423852237116
leaf_count=37 390 93 28 51 10 32 95 37 17 9 82 45 16 84 29 47 2 5 18 32 96 36 44 67 45 8 8 20 67 57
internal_value=0.0017761 -0.00241273 -0.00116023 -0.00507177 -0.00221471 -0.000122763 -0.00649931 0.00916505 -0.00107513 -0.00565451 -0.0361913 0.00148536 -0.0136539 -0.0245129 0.0130711 -0.00643515 -0.00124768 -0.0209122 -0.000406798 -0.0119218 0.00669023 -0.00568155 0.00949089 -0.0115954 -0.000499603 0.0178298 0.0139535 0.012248 -0.014143 0.0147327
internal_weight=3.29957 1.78124 1.73746 1.2601 1.15335 1.10758 0.819848 0.477364 0.730932 0.616609 0.11685 0.499759 0.216654 0.167174 0.283105 0.116803 0.0899713 0.060527 0.340471 0.194563 1.51834 0.280268 1.23807 0.216252 0.169154 0.171295 1.02182 0.971787 0.0836212 0.888166
internal_count=1607 769 732 617 566 556 524 115 429 412 91 321 200 184 121 92 100 98 87 69 838 140 698 156 89 44 542 534 87 447
is_linear=0
shrinkage=0.05


Tree=123
num_leaves=31
num_cat=0
split_feature=4 12 12 0 12 12 0 0 0 12 0 0 6 7 7 3 7 7 12 4 7 7 7 0 3 4 0 7 0 7
split_gain=0.0521034 0.0496173 0.0451472 0.0523602 0.0655966 0.0312017 0.0458408 0.0703012 0.0430349 0.0449363 0.0294206 0.029429 0.0465648 0.0271618 0.0333266 0.0290173 0.034648 0.0414738 0.0280769 0.0271634 0.0595933 0.0197222 0.0525425 0.0430025 0.0219512 0.0655959 0.0269705 0.0283262 0.0635056 0.0358177
threshold=0.90604233741760265 103.50000000000001 50.500000000000007 0.54372221231460582 2.5000000000000004 51.500000000000007 0.61786010861396801 0.58017861843109142 0.54031535983085643 72.500000000000014 0.62397128343582164 0.70214921236038219 0.044124901294708259 0.47617350518703466 0.40771275758743292 0.38075001537799841 0.3600581586360932 0.22289200127124789 24.500000000000004 0.10330102965235712 0.32112815976142889 0.35706225037574774 0.34313413500785833 0.62514308094978344 0.95996761322021495 0.36001515388488775 0.71406409144401561 0.2997263371944428 0.58448961377143871 0.29787173867225653
decision_type=2 2 2 2 2 2 2 2 2 2 2 2 2 2 2 2 2 2 2 2 2 2 2 2 2 2 2 2 2 2
left_child=1 2 3 4 -1 -4 7 8 9 -7 -8 12 -12 14 15 16 17 -5 19 20 -19 22 24 -23 25 26 27 29 -29 -17
right_child=-2 -3 5 13 -6 6 10 -9 -10 -11 11 -13 -14 -15 -16 21 -18 18 -20 -21 -22 23 -24 -25 -26 -27 -28 28 -30 -31
leaf_value=0.018597268627578264 -0.052161661880729272 -0.050724015746619326 0.039880426838237837 -0.051539030979460623 -0.051041212508793288 -0.051996039368909834 0.048507673929411688 -0.051720745084872566 0.019840153027629655 0.0070252647163813646 -0.051260863648014604 0.031555385193363497 0.018699073920736411 -0.030872860852902903 0.021316734506508672 -0.0056456131833885204 -0.017758287850823975 -0.050871452312770286 0.031926326349541366 0.02651284332889324 0.016091787595677202 -0.022297663402243293 -0.051249777064355899 0.013565851260079659 0.012243876688721933 -0.05183901886569503 0.032912006526608875 0.017835168668284808 -0.050897464395644423 0.044770290930469393
leaf_weight=0.047985648743635312 0.049208392911168519 0.047979668033803935 0.082825583172961958 0.023129356901335885 0.11451877499075636 0.053570704110825318 0.079663477990834508 0.063537684844050091 0.20738496854391997 0.081027041287597967 0.036785129050258547 0.10428556185797788 0.067299949325388297 0.073115488630719372 0.16993769299006078 0.28131193863009663 0.10898231565079186 0.051502660301594005 0.18405479229113553 0.096913436464092229 0.0936210488944198 0.11941997523899772 0.073020768377318745 0.27854543268040288 0.12571692673373036 0.083507072860811604 0.045021605426882161 0.052776075674046297 0.092524172932826332 0.040272656624438241
leaf_count=14 67 61 9 26 184 34 11 76 84 28 55 14 18 12 20 186 37 73 94 37 41 31 66 46 27 78 10 26 140 6
internal_value=-0.00113144 -0.000288849 0.000536407 -0.00318674 -0.0304778 0.010875 0.00741106 -0.0034225 0.00555093 -0.0164656 0.0226635 0.0127829 -0.00602575 -0.000961906 0.00017698 -0.00187547 0.00753265 0.0136683 0.0172079 0.00601546 -0.00767266 -0.00628078 -0.0108334 0.00280406 -0.00674087 -0.0107494 -0.00404641 -0.0076103 -0.0259323 0.000668067
internal_weight=3.02945 2.98024 2.93226 2.15588 0.162504 0.77638 0.693555 0.40552 0.341983 0.134598 0.288034 0.208371 0.104085 1.99337 1.92026 1.75032 0.558204 0.449221 0.426092 0.242037 0.145124 1.19212 0.794151 0.397965 0.72113 0.595414 0.511906 0.466885 0.1453 0.321585
internal_count=1611 1544 1483 1154 198 329 320 222 146 62 98 87 73 956 944 924 308 271 245 151 114 616 539 77 473 446 368 358 166 192
is_linear=0
shrinkage=0.05


Tree=124
num_leaves=31
num_cat=0
split_feature=7 12 7 12 3 0 7 7 7 7 0 0 7 12 12 4 7 7 0 7 0 0 4 0 12 0 0 7 7 7
split_gain=0.0385338 0.0195707 0.0255465 0.0256388 0.0378678 0.0350057 0.024177 0.0417581 0.0241761 0.0229663 0.0221469 0.0392704 0.0220575 0.0195675 0.0683877 0.0306442 0.0363039 0.0349209 0.0259212 0.0423114 0.0247272 0.0229339 0.0267147 0.0431123 0.0297967 0.0527164 0.0202416 0.0171496 0.0351541 0.0333026
threshold=0.17414723336696628 23.500000000000004 0.35464857518672949 13.500000000000002 0.62963494658470165 0.60060697793960582 0.29026083648204809 0.25203402340412145 0.29060964286327368 0.34738881886005407 0.55075579881668102 0.55027809739112865 0.20731281489133838 28.500000000000004 34.500000000000007 0.46771433949470526 0.37243685126304632 0.37388662993907934 0.63597232103347789 0.38767705857753759 0.6076960861682893 0.61786010861396801 0.30000026524066931 0.54181236028671276 122.50000000000001 0.58565649390220653 0.62397128343582164 0.27743867039680487 0.27404244244098669 0.2869544923305512
decision_type=2 2 2 2 2 2 2 2 2 2 2 2 2 2 2 2 2 2 2 2 2 2 2 2 2 2 2 2 2 2
left_child=-1 2 9 4 5 -4 7 -3 -8 12 11 -9 -2 18 -15 17 -17 21 19 20 -10 22 23 -16 25 -25 -23 28 -14 -29
right_child=1 6 3 -5 -6 -7 8 10 13 -11 -12 -13 27 14 15 16 -18 -19 -20 -21 -22 26 -24 24 -26 -27 -28 29 -30 -31
leaf_value=-0.051057196409697185 -0.052164690029448048 0.004392384570044503 -0.0028629060475477957 0.023462372704789642 0.0092746325868979292 -0.042248835660942848 0.040623404370706155 -0.050597484195440717 -0.051002614106526449 -0.051149321194831732 -0.050803929904138262 0.052205445786469087 -0.0043512454997642292 -0.05136628996065451 0.020104177957495206 -0.051607147353944498 0.014406308704328231 -0.027391925209477648 0.046150084065000867 0.051434317459107731 0.019994192744685141 0.05145704487049646 0.040044866268861223 -0.051123802790510924 0.037317683954376867 0.014767270530803648 0.01417508634597402 -0.051306035092737602 0.043663608632492468 -0.0066894566969363028
leaf_weight=0.036016452660988185 0.026318724277189398 0.30687176850187803 0.18206034385366365 0.13636928752384847 0.40512719488469884 0.08174610992136877 0.059615610633045435 0.019733073055249406 0.030985246801719768 0.030745854728593258 0.063118059895714396 0.017552578821778297 0.17565661768639984 0.051236511810202501 0.19322846909926739 0.043326772967702709 0.04010578989982605 0.050361692017759196 0.0708922680496471 0.030543476343154907 0.020298377752624219 0.074023121851496398 0.062524358741939068 0.076742187312447641 0.022543602157384157 0.05021930898874416 0.071644424797341344 0.045457632008037763 0.04868716633063741 0.52323492502273439
leaf_count=42 21 135 44 36 45 26 3 46 41 44 166 1 114 64 46 42 4 21 10 2 11 7 10 87 2 59 61 46 9 367
internal_value=0.000354094 0.000969063 -0.00267872 0.00370302 -0.000325135 -0.0150675 0.00542369 -0.00476545 0.00979976 -0.00872416 -0.0327553 -0.00220202 -0.00713218 0.007732 0.00435223 0.00852156 -0.0198747 0.0124617 0.0240191 0.00484563 -0.0229016 0.0161049 0.00998871 0.00450561 -0.0156548 -0.0250608 0.0331205 -0.00563767 0.00606895 -0.0102558
internal_weight=3.04699 3.01097 1.6554 0.805303 0.668934 0.263806 1.35557 0.407275 0.948291 0.850101 0.100404 0.0372857 0.819355 0.888676 0.735956 0.68472 0.0834326 0.601287 0.152719 0.0818271 0.0512836 0.550925 0.405258 0.342734 0.149505 0.126961 0.145668 0.793036 0.224344 0.568693
internal_count=1612 1570 752 151 115 70 818 348 470 601 213 47 557 467 403 339 46 293 64 54 52 272 204 194 148 146 68 536 123 413
is_linear=0
shrinkage=0.05


Tree=125
num_leaves=31
num_cat=0
split_feature=12 8 7 7 7 0 12 0 0 3 3 7 0 7 0 4 7 7 12 3 0 3 7 0 12 3 7 7 7 0
split_gain=0.0201838 0.0402334 0.0340148 0.0289877 0.0382653 0.032824 0.0345116 0.0275024 0.0355402 0.0306515 0.0516463 0.0393847 0.0269594 0.0259146 0.0413943 0.0254294 0.0227522 0.0311614 0.0299125 0.0299867 0.0217918 0.0318697 0.0208864 0.0197318 0.0607759 0.0367999 0.0251191 0.0403609 0.0188437 0.0384635
threshold=23.500000000000004 1.1000000238418581 0.20731281489133838 0.29026083648204809 0.29060964286327368 0.54543524980545055 101.50000000000001 0.58017861843109142 0.58243662118911754 0.45958939194679266 0.48021534085273748 0.27743867039680487 0.56954431533813488 0.26049298048019415 0.55075579881668102 0.031087412498891357 0.31380061805248266 0.31446340680122381 87.500000000000014 0.43830792605876928 0.58655557036399852 0.45548626780509954 0.24823594093322757 0.61364063620567333 13.500000000000002 0.62963494658470165 0.35706225037574774 0.3229451328516007 0.19116725027561191 0.64299851655960094
decision_type=2 2 2 2 2 2 2 2 2 2 2 2 2 2 2 2 2 2 2 2 2 2 2 2 2 2 2 2 2 2
left_child=2 3 -1 5 -5 -2 13 12 -9 11 -11 -10 -4 22 -15 -13 18 -18 19 -6 -21 -22 28 24 -12 -25 27 -27 -7 -30
right_child=1 -3 7 4 16 6 -8 8 9 10 23 15 -14 14 -16 -17 17 -19 -20 20 21 -23 -24 25 -26 26 -28 -29 29 -31
leaf_value=-0.051688081361432381 -0.050836617293364583 -0.051449480441796119 -0.010314054538561159 0.053712445248620913 -0.051227194356829743 0.021785257456534968 -0.050710221602396466 0.037051708894400862 0.010074283487561106 0.045632844670500598 -0.039345769665393604 -0.052351111175565949 -0.051329215556435548 0.036755239254881111 -0.050765228822983982 -0.010451906984673458 0.047900274076660213 0.0087097602285296002 0.031368982285327009 0.048874232225539632 0.05058458505348528 -0.050927166463344602 0.033790912119276623 -0.026141933976381367 0.022892625970580744 0.0071031135818450698 0.015728763996724689 -0.036546773094427963 0.011409373909929355 -0.036966108588698317
leaf_weight=0.037101288035046642 0.035715731257368821 0.031990969935577485 0.262902949135423 0.048908088356256485 0.050401614946167683 0.08509406320808921 0.032177959310502047 0.061765137230395228 0.078798291826387645 0.063479327291133814 0.1066002406514599 0.081578127443208359 0.047267928908695467 0.018997760722413659 0.04677158224330924 0.065120299754198641 0.055327578156720847 0.6093182762606375 0.032547845381486695 0.017204056697664782 0.011201248504221439 0.024963266951090191 0.067063025479001226 0.096840571124630515 0.062059425614279462 0.19985853636899265 0.35526186026982032 0.072050253369525308 0.10851221648044884 0.066132639185525477
leaf_count=39 62 42 234 3 75 26 42 8 24 13 54 68 39 3 122 28 4 270 19 3 2 54 35 75 21 91 36 48 50 31
internal_value=-0.000564414 0.00395079 -0.00437465 0.00530335 0.0107774 -0.00479996 -0.000928895 -0.00324476 7.78696e-05 -0.00185477 0.00205597 -0.0184371 -0.0165645 0.00315154 -0.0254846 -0.0337518 0.0081557 0.0119721 -0.0104521 -0.0235694 0.00255089 -0.0194859 0.0089146 -0.00104285 -0.0164447 0.00254505 0.00697457 -0.00446321 0.00249168 -0.00690893
internal_weight=2.93301 1.34233 1.59068 1.31034 0.849872 0.460465 0.424749 1.55358 1.24341 1.18165 0.95615 0.225497 0.310171 0.392571 0.0657693 0.146698 0.800964 0.664646 0.136318 0.10377 0.0533686 0.0361645 0.326802 0.892671 0.16866 0.724011 0.627171 0.271909 0.259739 0.174645
internal_count=1621 843 778 801 430 371 309 739 466 458 338 120 273 267 125 96 427 274 153 134 59 56 142 325 75 250 175 139 107 81
is_linear=0
shrinkage=0.05


Tree=126
num_leaves=31
num_cat=0
split_feature=7 7 7 6 6 12 12 7 12 7 12 4 12 7 0 12 12 6 6 7 6 7 6 0 0 0 4 0 12 12
split_gain=0.0217248 0.0341212 0.0318226 0.0639061 0.0321775 0.0260526 0.0919037 0.0686208 0.0356429 0.0549564 0.0238985 0.0397909 0.067305 0.0420229 0.0299551 0.0459692 0.0307026 0.0236277 0.0196762 0.0191874 0.0159396 0.0431043 0.034293 0.0263139 0.0509377 0.0248324 0.0346229 0.0235412 0.0221369 0.0546831
threshold=0.31380061805248266 0.31446340680122381 0.30397830903530126 0.52060812711715709 0.092119917273521437 5.5000000000000009 3.5000000000000004 0.41552206873893743 2.5000000000000004 0.36143228411674505 6.5000000000000009 0.0212542898952961 10.500000000000002 0.32934233546257025 0.53239566087722789 16.500000000000004 114.50000000000001 0.15401898324489596 0.083485122770071044 0.32395556569099432 0.019979323260486129 0.19116725027561191 0.019561945460736755 0.56718024611473095 0.57723218202590953 0.66282746195793163 0.74613142013549816 0.55075579881668102 49.500000000000007 46.500000000000007
decision_type=2 2 2 2 2 2 2 2 2 2 2 2 2 2 2 2 2 2 2 2 2 2 2 2 2 2 2 2 2 2
left_child=2 -2 4 -4 18 6 7 8 9 -3 -7 12 -12 -14 -15 -16 -17 -6 20 -13 22 -22 23 27 -25 26 28 -1 29 -26
right_child=1 5 3 -5 17 10 -8 -9 -10 -11 11 19 13 14 15 16 -18 -19 -20 -21 21 -23 -24 24 25 -27 -28 -29 -30 -31
leaf_value=-0.0066474951608328616 0.044909286984633152 -0.051670363129976506 -0.050903464553239686 0.051566522871472592 -0.051207207031395391 0.031207506954263282 -0.052576405690536246 0.0345031520497091 0.016231811809254128 -0.00024473065116710897 -0.05334141558149337 0.033643834254157991 -0.050679995889348101 0.023219382229813644 0.022609689497223671 -0.036854563300146741 0.026977988537134678 -0.0083844250478610164 0.025498139616572341 0.010420752380640988 0.028795599431475145 -0.040160689607507002 0.050577764766345824 0.041231480998194833 -0.028981224862230572 0.01365798171314748 0.040058743044016576 -0.050809854166352267 -0.051330638623655112 0.037022550573547489
leaf_weight=0.15131589239263143 0.05291326405131247 0.083449245103110914 0.077971839024030376 0.018904710188508034 0.048703252683480969 0.10381724768376432 0.085322688020823989 0.13098943675868213 0.10070486593758687 0.13763975017354824 0.062003535516850894 0.10828636294172611 0.034010533932814724 0.16621005249908194 0.087168343565281248 0.10003380728448974 0.023208308732137084 0.09512655004618864 0.084890547324903309 0.49794008484968799 0.033345613308483735 0.07073972038597276 0.035788631066679955 0.086810260547281359 0.11224424636384356 0.16472777700255392 0.028115519062339445 0.03769319601724419 0.042258881156158168 0.043557602679356933
leaf_count=142 6 52 131 1 57 19 43 9 28 20 46 36 74 42 30 110 3 78 13 180 13 70 2 35 157 51 8 70 80 7
internal_value=0.00190733 0.00536138 -0.00350379 -0.0309072 -0.000939602 0.0041453 -0.00497546 0.00399448 -0.00842438 -0.0196552 0.00829516 0.00609033 -0.00478479 0.00254706 0.0073537 -0.00517911 -0.024834 -0.022885 0.00260099 0.0145689 0.000191176 -0.0180693 0.00289668 0.000337234 0.00658532 -0.00110875 -0.0118636 -0.0154546 -0.0192342 -0.0105285
internal_weight=2.90589 1.7737 1.13219 0.0968765 1.03532 1.72078 0.538106 0.452783 0.321794 0.221089 1.18268 1.07886 0.472635 0.410631 0.376621 0.21041 0.123242 0.14383 0.891488 0.606226 0.806597 0.104085 0.702512 0.666723 0.477714 0.390904 0.226176 0.189009 0.198061 0.155802
internal_count=1613 698 915 132 783 692 152 109 100 72 540 521 305 259 185 143 113 135 648 216 635 83 552 550 338 303 252 212 244 164
is_linear=0
shrinkage=0.05


Tree=127
num_leaves=31
num_cat=0
split_feature=0 3 3 0 4 0 0 0 12 0 8 4 3 3 6 0 0 0 0 4 3 3 3 6 0 3 0 0 12 3
split_gain=0.0361157 0.0324573 0.0444892 0.0510735 0.0290232 0.0368987 0.058331 0.0420552 0.0566759 0.0329742 0.0250684 0.0224262 0.0431481 0.0218219 0.0350279 0.0217516 0.058438 0.0226627 0.0473703 0.0317659 0.0409198 0.0293279 0.0587124 0.0591065 0.0461549 0.0578486 0.0442803 0.0361566 0.0325681 0.0296287
threshold=0.68477067351341259 0.7825666368007661 0.81935068964958202 0.73751145601272594 0.46106496453285223 0.64769184589385997 0.60718190670013439 0.59974905848503124 47.500000000000007 0.67607370018959057 1.1000000238418581 0.30342604219913488 0.39780183136463171 0.9999937415122987 0.15941838175058368 0.66282746195793163 0.65442833304405224 0.63454240560531627 0.62589290738105785 0.045071344822645194 0.38075001537799841 0.33712284266948706 0.38075001537799841 0.068290233612060561 0.54661411046981823 0.25693033635616308 0.62514308094978344 0.58017861843109142 1.0000000180025095e-35 0.32960823178291326
decision_type=2 2 2 2 2 2 2 2 2 2 2 2 2 2 2 2 2 2 2 2 2 2 2 2 2 2 2 2 2 2
left_child=4 -2 -3 -4 9 6 7 8 -6 10 11 13 -13 14 15 16 17 18 19 21 -21 24 -23 26 25 -1 28 29 -24 -26
right_child=1 2 3 -5 5 -7 -8 -9 -10 -11 -12 12 -14 -15 -16 -17 -18 -19 -20 20 -22 22 23 -25 27 -27 -28 -29 -30 -31
leaf_value=0.015808464658996876 -0.051148644966371809 0.023628398793664719 -0.051528198402808506 0.00062120003209062673 -0.052083014763117434 0.034143879274655196 -0.051433206259201204 0.048315327184056837 0.0236459234274847 -0.051201791696226823 -0.030848171294281024 0.016139229726154121 -0.051266826625974898 0.025553994836874823 -0.050810470705228976 0.030735226057150119 -0.052535619480254585 0.021191309375629228 -0.052017219283164211 -0.00039129304549390554 -0.051333271093833927 0.033579174164764636 0.033749952224528451 0.035441105574467453 -0.051102284881241189 -0.051660619071616613 0.051777657421644432 0.0047653976172753465 -0.023606799713184402 0.0092563917877148752
leaf_weight=0.32103864085274902 0.050899622405267908 0.080306532796385 0.079182335630321177 0.11533886534743942 0.03859837489289919 0.16092979952372843 0.040687210434043664 0.061275989879504777 0.068648206783109345 0.02991111415758485 0.057455186414699599 0.043213914632360573 0.052686743885715259 0.1094962079077958 0.03023523993033439 0.070188532161409856 0.047160587710095458 0.16997141093270318 0.039649421862122725 0.13173884940624692 0.056253324046338093 0.23668405241187429 0.027965901477728039 0.095252797487773933 0.094849531836189271 0.035259825757748331 0.025886379182338715 0.082608552920646616 0.21517553393459821 0.025879068220092449
leaf_count=182 52 19 45 22 37 47 50 10 28 27 73 19 41 12 41 30 34 78 57 111 62 53 8 15 137 26 2 70 209 10
internal_value=0.00113687 -0.0144735 -0.00768103 -0.0206069 0.0032835 0.0161442 0.0022983 0.015271 -0.00360915 0.000901662 0.00169331 0.00267158 -0.0208929 0.00391648 0.00252755 0.00349003 0.00229884 0.00395845 0.00184852 0.00343221 -0.0156348 0.00652065 0.0141907 0.00159339 -0.00171582 0.00913162 -0.0103908 -0.0207233 -0.0170097 -0.038164
internal_weight=2.69443 0.325727 0.274828 0.194521 2.3687 0.37014 0.20921 0.168523 0.107247 1.99856 1.96865 1.91119 0.0959007 1.81529 1.7058 1.67556 1.60537 1.55821 1.38824 1.34859 0.187992 1.1606 0.600965 0.364281 0.559636 0.356298 0.269028 0.203337 0.243141 0.120729
internal_count=1607 138 86 67 1469 172 125 75 65 1297 1270 1197 60 1137 1125 1084 1054 1020 942 885 173 712 287 234 425 208 219 217 217 147
is_linear=0
shrinkage=0.05


Tree=128
num_leaves=31
num_cat=0
split_feature=12 8 7 7 7 7 7 12 0 0 4 7 7 12 12 4 7 7 7 0 0 7 0 4 0 7 0 4 7 7
split_gain=0.0423838 0.0404146 0.0259516 0.0248737 0.0184011 0.0415052 0.0286021 0.0235916 0.0230869 0.0315399 0.0487846 0.0162923 0.0227726 0.0233711 0.0510007 0.0510944 0.046949 0.0387077 0.0326895 0.0278914 0.0501183 0.0353134 0.0377565 0.0189211 0.0364956 0.0293955 0.0179136 0.0277321 0.0164468 0.0212311
threshold=23.500000000000004 1.1000000238418581 0.20731281489133838 0.16157821565866473 0.20731281489133838 0.29026083648204809 0.29060964286327368 94.500000000000014 0.54543524980545055 0.55075579881668102 0.059828849509358413 0.47617350518703466 0.41764701902866369 5.5000000000000009 7.5000000000000009 0.20103058964014056 0.38767705857753759 0.3215776532888413 0.20900084078311923 0.62589290738105785 0.62514308094978344 0.31519578397274023 0.58565649390220653 0.39505125582218176 0.58364054560661327 0.29060964286327368 0.58169397711753856 0.10330102965235712 0.38307331502437597 0.27784481644630438
decision_type=2 2 2 2 2 2 2 2 2 2 2 2 2 2 2 2 2 2 2 2 2 2 2 2 2 2 2 2 2 2
left_child=2 3 -1 -2 -5 7 -7 8 -6 -10 -11 12 13 16 28 18 23 -17 -16 20 21 22 26 24 -4 -26 27 -20 29 -15
right_child=1 -3 11 4 5 6 -8 -9 9 10 -12 -13 -14 14 15 17 -18 -19 19 -21 -22 -23 -24 -25 25 -27 -28 -29 -30 -31
leaf_value=-0.051618011720695189 -0.050910934288633962 -0.051207289952970497 0.0027855650625592393 0.02630055986012186 -0.050699030210793986 0.053145208495799526 0.0098310440014372884 -0.050949815817134848 0.043251162972047591 -0.050772191212036515 0.0081408265719046229 -0.029729903338402659 0.015944765976099864 0.03351504132614537 0.049495177975281503 -0.028687119233594596 -0.053336181959002221 0.02602465964206295 -0.050565985590247456 -0.051231782432788024 0.051675521204511521 -0.051066879341339778 -0.05130307237587254 0.0096774700453865041 -0.0057924873102419387 -0.051039623125434898 0.03924236581817999 0.040650256450588333 0.043367908168649209 -0.0053418949706076618
leaf_weight=0.031079982552001062 0.017865409470687044 0.029863943385862401 0.14617229380382901 0.12993803423523775 0.024966209082776691 0.040069207549095154 0.7808618175531592 0.03216550983779598 0.035299609327921644 0.049110788117104676 0.12352444229691173 0.065404229215346166 0.12697719101561222 0.062515344183339039 0.015144455450354144 0.043196484555664938 0.068049658148083836 0.12848344956364599 0.019418703230257961 0.078378082587732933 0.024037545546889305 0.075850755683859461 0.031609288098479738 0.10618804090336198 0.060987133329035714 0.087246282993874047 0.035810994915664196 0.014595455053495243 0.057327857706695795 0.080319968712501577
leaf_count=38 19 44 86 43 52 3 425 44 6 107 101 13 13 15 3 52 12 38 54 77 1 124 44 29 26 77 5 4 3 50
internal_value=-0.000324605 0.00626678 -0.00645453 0.00765793 0.00851846 0.00639086 0.0119452 -0.0108113 -0.00526784 0.000186972 -0.00861858 -0.00539731 -0.00413656 -0.00638249 -0.000367869 -0.00942626 -0.0149388 0.0122586 -0.0220527 -0.0259267 -0.016075 -0.0252611 -0.00596407 -0.00841621 -0.0149423 -0.0324238 0.0145605 -0.0114252 0.0207447 0.0116648
internal_weight=2.62246 1.26366 1.35879 1.2338 1.21594 1.086 0.820931 0.265067 0.232901 0.207935 0.172635 1.32771 1.26231 1.13533 0.666688 0.466525 0.468643 0.17168 0.294845 0.279701 0.201323 0.177285 0.101434 0.400594 0.294406 0.148233 0.0698252 0.0340142 0.200163 0.142835
internal_count=1608 844 764 800 781 738 428 310 266 214 208 726 713 700 470 402 230 90 312 309 232 231 107 218 189 103 63 58 68 65
is_linear=0
shrinkage=0.05


Tree=129
num_leaves=31
num_cat=0
split_feature=7 7 7 3 6 3 12 3 7 12 6 0 12 12 0 7 12 3 12 3 0 3 7 6 0 6 3 12 7 12
split_gain=0.0194344 0.0182365 0.0218405 0.0334897 0.0365817 0.0417201 0.0434694 0.0339546 0.0246661 0.0494132 0.0385524 0.0242409 0.0214905 0.0202529 0.0587585 0.0614328 0.0343943 0.0287949 0.0215365 0.0323535 0.0415323 0.0287997 0.0272728 0.0247523 0.0856997 0.0413982 0.0205544 0.0180131 0.0175652 0.0205038
threshold=0.16157821565866473 0.45487730205059057 0.41552206873893743 0.41332446038722997 0.07181518524885179 0.32960823178291326 5.5000000000000009 0.29612588882446295 0.32112815976142889 87.500000000000014 0.019561945460736755 0.77539125084877025 27.500000000000004 28.500000000000004 0.58655557036399852 0.19116725027561191 25.500000000000004 0.47482645511627203 4.5000000000000009 0.52665024995803844 0.64657899737358104 0.89974045753479015 0.39318042993545538 0.083485122770071044 0.66282746195793163 0.10461081936955453 0.9999937415122987 59.500000000000007 0.31519578397274023 7.5000000000000009
decision_type=2 2 2 2 2 2 2 2 2 2 2 2 2 2 2 2 2 2 2 2 2 2 2 2 2 2 2 2 2 2
left_child=-1 2 3 4 5 6 -2 8 9 10 -8 13 -6 16 -15 -16 17 -5 19 -19 -21 -22 23 24 -20 -25 -27 -10 -7 -30
right_child=1 -3 -4 11 12 28 7 -9 27 -11 -12 -13 -14 14 15 -17 -18 18 22 20 21 -23 -24 25 -26 26 -28 -29 29 -31
leaf_value=-0.050797312213350598 -0.050872976622211602 -0.023080091939025941 0.018108991063578859 -0.038409532769998596 -0.05149022987332539 0.028243122480632894 -0.050773359350402163 -0.050968421127614051 0.019789616210273052 0.025028580408992796 0.023360550109931211 0.031159188521958921 0.0080393743115645972 0.025473282458955485 0.040778652497817237 -0.042809350784328286 0.030864528567526452 0.026230715098817987 -0.051024209990042126 -0.051912260618226916 -0.030016799070477412 0.011433871893968354 0.035594599320014943 0.043650615106302401 0.011340472212488691 -0.028233948266854644 0.019770385342348189 -0.0094920063422617371 0.024712641097357144 -0.010735262166512155
leaf_weight=0.019688330201461546 0.040910014473412248 0.089425210782792308 0.1542718888958915 0.069267212969861935 0.043185384180105757 0.24626663988601649 0.072439385770849185 0.027831129817059264 0.25516004358360078 0.060122976661659777 0.023138885779189877 0.039883132267277577 0.02336241979355691 0.054664893497829325 0.024979440961033106 0.18313698783185828 0.062673546133737545 0.040280174682266079 0.089713551034947159 0.079329314623464597 0.078987633827637183 0.089259226893773302 0.053835583152249455 0.064647354745829944 0.14271828845812706 0.054354093903384637 0.037811102927662432 0.066134783046436496 0.082059927328373305 0.081120019121954101
leaf_count=33 61 16 21 60 31 97 197 46 135 22 24 6 24 36 5 297 25 16 137 46 31 17 4 9 48 54 6 30 22 56
internal_value=-0.0013207 -0.000919993 -7.36836e-05 -0.00135614 0.00525186 0.00774908 -0.00130212 0.00271498 0.00584723 -0.0104859 -0.032826 -0.00714881 -0.0305916 -0.00850609 -0.0206592 -0.0327766 -0.00480498 -0.00759868 -0.00467889 -0.015327 -0.0220883 -0.00802617 0.00223886 -0.00237451 -0.0127309 0.012976 -0.00854 0.0137623 0.0198131 0.00709078
internal_weight=2.45066 2.43097 2.34155 2.18727 1.02173 0.955184 0.545737 0.504827 0.476996 0.155701 0.0955783 1.16554 0.0665478 1.12566 0.262781 0.208116 0.862877 0.800204 0.730936 0.287856 0.247576 0.168247 0.44308 0.389244 0.232432 0.156813 0.0921652 0.321295 0.409447 0.16318
internal_count=1612 1579 1563 1542 745 690 515 454 408 243 221 797 55 791 338 302 453 428 368 110 94 48 258 254 185 69 60 165 175 78
is_linear=0
shrinkage=0.05


Tree=130
num_leaves=31
num_cat=0
split_feature=7 7 7 0 4 8 7 3 3 4 7 0 0 6 3 7 3 7 3 3 0 6 3 3 4 0 0 3 0 0
split_gain=0.0177083 0.0451293 0.0193774 0.0238178 0.0327554 0.0249496 0.0213332 0.0211678 0.0355638 0.0189961 0.040416 0.0301149 0.0284727 0.0290142 0.0337414 0.0276897 0.0197523 0.0336432 0.0253777 0.03166 0.0190481 0.0188557 0.0171633 0.0307341 0.0158718 0.0151617 0.0319893 0.0270409 0.0466131 0.0244904
threshold=0.24823594093322757 0.21744287759065631 0.25286036729812628 0.67755174636840831 0.10737730190157892 1.1000000238418581 0.39661149680614477 0.85867658257484447 0.7678339183330537 0.032553743571043021 0.40936672687530523 0.66282746195793163 0.58243662118911754 0.061920523643493659 0.46044802665710455 0.30231802165508276 0.44331572949886328 0.30418176949024206 0.29435105621814733 0.27557374536991125 0.63501799106597911 0.047810344025492675 0.81935068964958202 0.9999937415122987 0.050559889525175102 0.60407859086990368 0.5675877332687379 0.33712284266948706 0.55075579881668102 0.58017861843109142
decision_type=2 2 2 2 2 2 2 2 2 2 2 2 2 2 2 2 2 2 2 2 2 2 2 2 2 2 2 2 2 2
left_child=1 -1 -2 5 -5 7 -7 8 9 10 20 12 15 -14 -15 -11 17 -17 19 -19 25 -22 -6 -24 -16 26 27 28 -4 -28
right_child=2 -3 3 4 22 6 -8 -9 -10 11 -12 -13 13 14 24 16 -18 18 -20 -21 21 -23 23 -25 -26 -27 29 -29 -30 -31
leaf_value=-0.002251727325562019 0.03015406722761059 -0.051003151913124004 0.011741782613561116 -0.051671467471866066 0.014835790410411108 -0.050897895940106713 0.018784911616298628 0.017266644059608757 -0.051757624934857395 -0.050661838461262022 -0.031146812805037206 0.031144355540156123 -0.05086871669136861 0.01910993131033056 -0.0017180724313615005 0.050827531147973039 0.030380378374640471 -0.026679096681856803 -0.05181981567839769 0.046218819379704602 -0.050979571029477436 0.016535738759018408 -0.039711052463238881 0.0066255630667446542 -0.051431007133163592 0.0221731986247941 -0.050657129891166247 0.032685054995698203 -0.050648946329276738 -0.0027993560196780563
leaf_weight=0.22039065734497887 0.054116382447319089 0.060502202701172791 0.33404891148347837 0.047838232814683468 0.067990748542797519 0.039207946343594702 0.015257941675372422 0.22548250928230107 0.031481923389946931 0.022380402093403973 0.068771733203902841 0.047257037935196422 0.068969716476203757 0.054350565711501986 0.025139296427369118 0.022717450745403767 0.065083720586699201 0.037796407314090175 0.033664729016891215 0.024580856581451371 0.02576974260591669 0.017272979661356658 0.068964988302468555 0.074383509214385413 0.044434759356590803 0.20271829964985955 0.032765653269962058 0.13004164669837337 0.032884006430322188 0.14516617577282886
leaf_count=124 31 93 203 44 36 71 4 43 46 57 20 18 138 17 4 2 19 42 25 7 52 7 35 16 56 118 53 35 67 128
internal_value=-0.000975339 -0.0127524 0.000630114 -0.000166194 -0.0143107 0.00193193 -0.0313771 0.00300367 0.000811845 0.00196449 0.00582735 -0.00659795 -0.0110668 -0.0248752 -0.0104086 0.00184912 0.00824161 -0.00389109 -0.0168341 0.00204761 0.00858923 -0.0238858 -0.00585383 -0.015667 -0.0334682 0.010182 0.0065802 0.0130936 0.00615041 -0.0116122
internal_weight=2.34143 0.280893 2.06054 2.00642 0.259177 1.74724 0.0544659 1.69278 1.4673 1.43581 0.989439 0.446375 0.399118 0.192894 0.123925 0.206224 0.183843 0.118759 0.096042 0.0623773 0.920667 0.0430427 0.211339 0.143348 0.0695741 0.877625 0.674906 0.496975 0.366933 0.177932
internal_count=1611 217 1394 1363 131 1232 75 1157 1114 1068 683 385 367 215 77 152 95 76 74 49 663 59 87 51 60 604 486 305 270 181
is_linear=0
shrinkage=0.05


Tree=131
num_leaves=31
num_cat=0
split_feature=12 7 12 0 7 0 7 0 3 3 3 7 7 3 3 3 0 7 0 7 3 6 6 3 0 7 7 0 3 0
split_gain=0.0287502 0.0271239 0.0253194 0.0314255 0.0246782 0.0243148 0.0274535 0.029641 0.0241548 0.0239243 0.0234593 0.0211214 0.0224952 0.0255684 0.0200079 0.0355862 0.0218863 0.021792 0.0180074 0.0169605 0.020924 0.0697284 0.0275379 0.0267906 0.0324139 0.0232355 0.0621114 0.0244802 0.0157536 0.0223662
threshold=23.500000000000004 0.29026083648204809 31.500000000000004 0.63949391245841991 0.20731281489133838 0.65442833304405224 0.19116725027561191 0.77539125084877025 0.33219572901725775 0.33219572901725775 0.23826970905065539 0.3600581586360932 0.35876084864139562 0.1386145502328873 0.86529290676116954 0.85253447294235241 0.63756224513053905 0.38767705857753759 0.61786010861396801 0.47617350518703466 0.9999937415122987 0.11023701727390291 0.083485122770071044 0.38075001537799841 0.71406409144401561 0.27743867039680487 0.38307331502437597 0.56361746788024913 0.52014809846878063 0.5675877332687379
decision_type=2 2 2 2 2 2 2 2 2 2 2 2 2 2 2 2 2 2 2 2 2 2 2 2 2 2 2 2 2 2
left_child=4 2 -2 8 -1 -5 -7 -8 10 11 -4 12 13 -6 15 16 18 -18 28 20 21 22 23 -11 25 -25 27 -27 29 -3
right_child=1 14 3 5 9 6 7 -9 -10 19 -12 -13 -14 -15 -16 -17 17 -19 -20 -21 -22 -23 -24 24 -26 26 -28 -29 -30 -31
leaf_value=-0.051500321328789345 0.017831796460683235 0.010993020447512354 -0.05040823773977126 0.037610514198906153 0.00058207262450150584 0.034148511811624954 -0.051316377767159499 0.025634344444898722 -0.05090295224355073 0.016901208228932148 0.011905869304479167 -0.051142880838973663 0.05178469167667369 -0.05047692172470352 -0.017774642000979814 0.050271073496520519 -0.05076414391359322 0.029844728110318453 0.033468666217381704 -0.027452273985473358 0.016592710110136192 -0.051069167694939049 0.022714856899639615 0.0091673775840998822 0.034527681253753377 0.0019791032914011162 0.00082158632353927568 -0.050732840321235255 0.029831883881015611 -0.016055004310946225
leaf_weight=0.028128444917456696 0.085318848001406655 0.36633663381326187 0.022669143269013148 0.03865015701194352 0.065746758822569862 0.024672765546711162 0.042216931149596348 0.017786872165743262 0.068932676269469084 0.13368854064538005 0.045256428638822399 0.044870755904412363 0.012787650339305401 0.039100500274798833 0.055993115856836084 0.059566200463450514 0.027459434471893474 0.012069753487594426 0.08593613658194954 0.058580024051479995 0.16308483644388616 0.069119266607231111 0.12620227684237761 0.098341544311551843 0.040347870206460357 0.026544553053099662 0.18995363311842084 0.12939688841288444 0.076579657743423013 0.096578751368724625
leaf_count=39 71 154 68 16 75 7 63 4 128 51 34 36 1 116 22 4 64 3 48 12 27 74 25 47 9 16 24 215 39 125
internal_value=9.06343e-05 0.00585873 -0.00580502 -0.0135559 -0.00520755 0.00474938 -0.0102499 -0.0285059 -0.0300513 -0.0041204 -0.00889053 -0.0219563 -0.0108233 -0.0184593 0.0110218 0.0132472 0.0099307 -0.0261512 0.0122112 -0.00132069 0.000246651 -0.00302991 0.00143019 -0.00291445 -0.00838125 -0.0122785 -0.0183757 -0.0417601 0.00882508 0.00534995
internal_weight=2.35192 1.12602 0.345504 0.260185 1.22589 0.123327 0.0846766 0.0600038 0.136858 1.19777 0.0679256 0.162506 0.117635 0.104847 0.78052 0.724527 0.66496 0.0395292 0.625431 1.03526 0.976679 0.813595 0.744475 0.618273 0.484584 0.444237 0.345895 0.155941 0.539495 0.462915
internal_count=1617 850 391 320 767 90 74 67 230 728 102 228 192 191 459 437 433 67 366 500 488 461 387 362 311 302 255 231 318 279
is_linear=0
shrinkage=0.05


Tree=132
num_leaves=31
num_cat=0
split_feature=12 12 0 0 12 3 3 6 7 7 7 12 0 0 3 6 12 12 0 12 7 7 12 3 3 3 6 0 3 12
split_gain=0.0335191 0.0429901 0.0267602 0.0211329 0.0277165 0.0330934 0.0384745 0.0196397 0.0220034 0.0567087 0.0295678 0.045038 0.068949 0.0185471 0.0265848 0.0267151 0.0198225 0.0431498 0.031436 0.0283167 0.0220051 0.0250256 0.0311005 0.016381 0.0345749 0.02121 0.026473 0.0328431 0.0244889 0.0147188
threshold=103.50000000000001 50.500000000000007 0.50879192352294933 0.51332741975784313 33.500000000000007 0.49115876853466039 0.57629442214965831 0.044124901294708259 0.35800749063491827 0.31446340680122381 0.31380061805248266 92.500000000000014 0.55075579881668102 0.69246587157249462 0.95996761322021495 0.19356048852205279 5.5000000000000009 1.0000000180025095e-35 0.54372221231460582 6.5000000000000009 0.35478118062019354 0.34216937422752386 4.5000000000000009 0.1386145502328873 0.27557374536991125 0.35354222357273107 0.083485122770071044 0.60407859086990368 0.33712284266948706 57.500000000000007
decision_type=2 2 2 2 2 2 2 2 2 2 2 2 2 2 2 2 2 2 2 2 2 2 2 2 2 2 2 2 2 2
left_child=1 2 -1 -4 13 -6 -7 8 9 10 11 12 29 14 15 16 17 -5 -18 -20 21 22 -19 -21 -25 28 27 -27 -26 -3
right_child=-2 7 3 4 5 6 -8 -9 -10 -11 -12 -13 -14 -15 -16 -17 18 20 19 23 -22 -23 -24 24 25 26 -28 -29 -30 -31
leaf_value=-0.050735787469458143 -0.050568569333316576 0.036157710648497508 0.044227560729145257 0.016045859570082154 -0.05117261455789314 0.029975864806467623 -0.050776773338001291 0.025547398160143911 0.02516902501792391 -0.051280155555511769 0.048737849833442579 0.039118731756268767 -0.051013866966640391 -0.019618088221150728 0.016246047092747459 -0.0507073681821123 -0.050483348156277363 -0.050809574400170233 0.02745351835308131 0.032634373606951851 -0.039768340093074062 0.02368518260350555 0.014350927317428956 -0.050870750798836219 -0.0061208772384329507 -0.039445505827193562 0.015089135817696759 -0.0024515191185059187 0.03968546258247551 -0.0017575100370071592
leaf_weight=0.031513649989393211 0.034560302199679316 0.042446319217560702 0.022206356021342688 0.091722224096883798 0.067800301798342733 0.038765496155974688 0.023809891619748669 0.16132895427654148 0.10263835568912327 0.048421508312458172 0.037408448988571763 0.057812537575955503 0.068310233977172174 0.14888584018626705 0.19090938198496576 0.029736428125033743 0.027713547484381706 0.047170171741527156 0.10756408499582903 0.035499098736181622 0.11676565524976468 0.038882385748365778 0.029932233876024839 0.034539318481620285 0.052260973203374306 0.081831650968524627 0.12356489591911668 0.22484224702202482 0.066061432531569153 0.064481977387913503
leaf_count=61 63 9 10 34 124 25 74 58 21 75 2 17 128 64 30 45 76 75 33 22 41 17 25 74 39 97 44 187 16 40
internal_value=-0.00170727 -0.000944834 -0.00510782 -0.00420939 -0.00489091 -0.0269719 -0.000750458 0.0107115 0.00503339 -0.00144768 0.00747404 0.000850534 -0.0117744 -0.00290261 -0.000986743 -0.00395574 -0.00266652 -0.0129996 0.0017809 0.00377553 -0.0244458 -0.00902019 -0.0255134 -0.00034168 -0.00234926 0.000705823 -0.00445011 -0.0123228 0.0194536 0.0132933
internal_weight=2.24939 2.21483 1.63198 1.60046 1.57826 0.130376 0.0625754 0.582848 0.421519 0.318881 0.27046 0.233051 0.175239 1.44788 1.299 1.10809 1.07835 0.324473 0.753877 0.726164 0.23275 0.115985 0.0771024 0.6186 0.583101 0.548561 0.430239 0.306674 0.118322 0.106928
internal_count=1626 1563 1213 1152 1142 223 99 350 292 271 196 194 177 919 855 825 780 192 588 512 158 117 100 479 457 383 328 284 55 49
is_linear=0
shrinkage=0.05


Tree=133
num_leaves=31
num_cat=0
split_feature=8 12 7 12 12 6 6 0 7 12 0 7 7 0 0 12 0 12 12 7 7 0 0 7 3 3 3 12 3 0
split_gain=0.01672 0.0179551 0.0336368 0.0222279 0.0238537 0.024512 0.0394023 0.0226717 0.0211023 0.0363916 0.0207427 0.0178389 0.0169511 0.0158581 0.0427382 0.0230084 0.0179077 0.0171238 0.0176059 0.0151246 0.032411 0.014391 0.0245919 0.0140455 0.0320758 0.0253742 0.042794 0.0244023 0.0316633 0.0504204
threshold=1.1000000238418581 23.500000000000004 0.24956940859556201 16.500000000000004 13.500000000000002 0.061920523643493659 0.019979323260486129 0.60584920644760143 0.41552206873893743 5.5000000000000009 0.66786432266235363 0.36143228411674505 0.16157821565866473 0.67361545562744152 0.66282746195793163 6.5000000000000009 0.6263895332813264 10.500000000000002 11.500000000000002 0.38515695929527288 0.35668857395648962 0.57961755990982067 0.57570967078208934 0.20731281489133838 0.97439229488372814 0.85253447294235241 0.69944077730178844 51.500000000000007 0.63763511180877697 0.58017861843109142
decision_type=2 2 2 2 2 2 2 2 2 2 2 2 2 2 2 2 2 2 2 2 2 2 2 2 2 2 2 2 2 2
left_child=1 2 -1 4 5 6 13 -6 9 -7 21 -2 -3 14 15 16 19 -17 -19 20 -4 22 -5 -14 25 26 27 -25 29 -29
right_child=11 12 3 10 7 8 -8 -9 -10 -11 -12 -13 23 -15 -16 17 -18 18 -20 -21 -22 -23 -24 24 -26 -27 -28 28 -30 -31
leaf_value=-0.051142658911585717 -0.0512218891357204 -0.05069712955585455 0.0069170392321864132 -0.05032213494796392 -0.0081377529340549114 -0.01925791938925317 -0.05183227453379078 0.031558792700138907 0.029715641022615726 0.020595925305825158 0.018163498839641159 -0.0015039380532412628 0.024723824734755213 -0.030103427659461016 0.049051961175812446 -0.050939736509296389 -0.027317104113506359 0.013940114029465628 -0.05120587773796284 0.023089644309684947 -0.051394614608506833 -0.050684435839455026 0.045062420742559763 0.013096516003909179 -0.05160599157520588 0.029037446256241495 -0.050886774737804542 0.0010230497389130868 0.037471520194288947 -0.051094195357979315
leaf_weight=0.035986658310321995 0.032543318422540213 0.013155698623449896 0.13686954217519065 0.014577249029798511 0.054684357475707657 0.11711687373463064 0.050065501425706316 0.10509099253249587 0.082555602537468076 0.11211093633392011 0.022785834004025673 0.040488371916580945 0.09472863026894629 0.056580015247163828 0.037490903167054057 0.044632220558924018 0.050230540393386036 0.031290651400922798 0.015512559075432364 0.081341652548871934 0.028853467127191834 0.054245012732280884 0.012596507382113487 0.42135096767651703 0.024793605531158391 0.10541252794791944 0.035327122666785726 0.17772611511645664 0.036367613647598773 0.062806735789308732
leaf_count=65 74 20 103 52 37 38 36 28 7 38 14 14 38 24 4 78 31 22 38 11 18 85 2 324 17 30 67 124 23 143
internal_value=-0.000137005 0.000674708 -0.00356861 -0.00202434 0.000256062 -0.00309518 -0.00961053 0.0179723 0.00804018 0.000233834 -0.024005 -0.0236585 0.0056733 -0.00523223 -0.00193063 -0.00684761 -0.000101528 -0.028782 -0.00765202 0.00543165 -0.0032354 -0.0358063 -0.00610623 0.00644699 0.00444262 0.00609896 0.00280278 0.00551913 -0.00601114 -0.0125855
internal_weight=2.18932 2.11629 1.14462 1.10863 1.00443 0.84465 0.532867 0.159775 0.311783 0.229228 0.104205 0.0730317 0.971669 0.482802 0.426222 0.388731 0.297295 0.0914354 0.0468032 0.247065 0.165723 0.0814188 0.0271738 0.958513 0.863785 0.838991 0.733579 0.698251 0.2769 0.240533
internal_count=1605 1517 731 666 513 448 365 65 83 76 153 88 786 329 305 301 163 138 60 132 121 139 54 766 728 711 681 614 290 267
is_linear=0
shrinkage=0.05


Tree=134
num_leaves=31
num_cat=0
split_feature=12 12 12 3 12 12 4 0 0 7 7 3 12 12 7 0 7 3 4 7 3 0 7 0 7 0 0 4 0 12
split_gain=0.0315126 0.0256932 0.0338875 0.0289968 0.0254257 0.0265763 0.0209345 0.0613606 0.0523963 0.0335989 0.021206 0.0518261 0.0204604 0.0282387 0.0253852 0.0165918 0.0331442 0.0213563 0.0145935 0.0197211 0.0289357 0.0253917 0.014548 0.0143122 0.0360574 0.0139521 0.0443844 0.0224726 0.0321083 0.0273984
threshold=101.50000000000001 80.500000000000014 73.500000000000014 0.81935068964958202 63.500000000000007 59.500000000000007 0.47690545022487646 0.59974905848503124 0.69979330897331249 0.47617350518703466 0.24956940859556201 0.74061912298202526 32.500000000000007 26.500000000000004 0.3600581586360932 0.56881877779960643 0.35668857395648962 0.57091325521469127 0.60585561394691478 0.41552206873893743 0.46044802665710455 0.65327399969100963 0.25993631780147558 0.58017861843109142 0.19116725027561191 0.71406409144401561 0.66973870992660534 0.27213311195373541 0.57570967078208934 6.5000000000000009
decision_type=2 2 2 2 2 2 2 2 2 2 2 2 2 2 2 2 2 2 2 2 2 2 2 2 2 2 2 2 2 2
left_child=1 2 4 23 5 6 9 -8 18 10 11 -1 13 22 15 -14 17 -17 -9 20 -20 -22 -12 -3 -25 26 27 28 29 -24
right_child=-2 3 -4 -5 -6 -7 7 8 -10 -11 12 -13 14 -15 -16 16 -18 -19 19 -21 21 -23 25 24 -26 -27 -28 -29 -30 -31
leaf_value=-0.0509512651750074 -0.050531506937462195 0.018617276398057298 -0.051209122211812709 0.042870305309572261 0.020285320756241489 -0.051574091013925155 -0.051490699078129087 0.048629746312524667 -0.024230269980990909 -0.052126813223895743 0.024199595805728266 0.01666057364803554 0.03020234922529413 -0.050715376572157904 -0.014664480572216219 -0.05063395258498099 0.049817690873413201 0.019391152587311545 0.052048744034403988 0.047583530260689164 0.013286212000572645 -0.051782406287472361 -0.007031228160469612 0.031851471909498157 -0.051304018115810035 0.017454946197871961 -0.05119047036647234 -0.032551173688329237 0.0044945541039190916 -0.050517691372375363
leaf_weight=0.070370256895331162 0.032045756559455074 0.059888946652790653 0.034741339828542439 0.069148708367720246 0.12641381376215566 0.027636506823910056 0.03575651760729659 0.070094162289024098 0.056585636040836107 0.036320746992714592 0.045798703478794556 0.047456819724175148 0.13140994122977634 0.032460967328006518 0.072945704683661461 0.028888775153973256 0.022409673678339459 0.017474351750024653 0.025456705596297979 0.044774262001737952 0.040243903840746498 0.023895254877061234 0.12082648650903138 0.022225763183087111 0.031529555895758676 0.066236819402547553 0.051891159580918611 0.061541435999970417 0.58127441803480906 0.0517272336435326
leaf_count=116 63 28 50 6 84 34 48 16 27 10 18 23 66 84 32 81 4 42 2 4 41 33 79 4 48 13 45 55 323 149
internal_value=-0.00132195 -0.000573666 -0.00227508 0.0173405 -0.00137554 -0.00292828 -0.00215379 0.00993675 0.0183506 -0.00464751 -0.00341811 -0.0237195 -0.00155643 -0.00483467 0.0105872 0.0197888 -0.000109154 -0.0242414 0.0301349 0.020487 0.00694591 -0.0109553 -0.00331385 0.00180651 -0.0169224 -0.0046637 -0.006353 -0.00349949 -0.00112775 -0.0200674
internal_weight=2.13947 2.10742 1.92463 0.182793 1.88989 1.76348 1.73584 0.296806 0.26105 1.43903 1.40271 0.117827 1.28489 1.01176 0.273128 0.200183 0.0687728 0.0463631 0.204464 0.13437 0.0895959 0.0641392 0.979296 0.113644 0.0537553 0.933498 0.867261 0.81537 0.753828 0.172554
internal_count=1628 1565 1479 86 1429 1345 1311 171 123 1140 1130 139 991 766 225 193 127 123 96 80 76 74 682 80 52 664 651 606 551 228
is_linear=0
shrinkage=0.05


Tree=135
num_leaves=31
num_cat=0
split_feature=12 6 6 4 4 12 12 12 3 0 3 4 4 12 3 6 3 0 3 6 12 3 0 4 0 12 12 0 3 6
split_gain=0.0150676 0.0172445 0.0356225 0.0305307 0.0142701 0.0372398 0.0243977 0.0209855 0.0350231 0.0192281 0.0206623 0.0126808 0.0329769 0.0111053 0.0133442 0.0267445 0.0243148 0.0237368 0.0383734 0.0227068 0.0261573 0.0227569 0.0286269 0.0218233 0.0192764 0.0166557 0.029305 0.0133078 0.0101731 0.00875842
threshold=13.500000000000002 0.061920523643493659 0.019979323260486129 0.2052375674247742 0.16781046986579898 7.5000000000000009 5.5000000000000009 1.0000000180025095e-35 0.9999937415122987 0.58364054560661327 0.33219572901725775 0.39505125582218176 0.14829814434051516 15.500000000000002 0.38075001537799841 0.044124901294708259 0.33712284266948706 0.58655557036399852 0.74061912298202526 0.068290233612060561 23.500000000000004 0.52014809846878063 0.66066622734069835 0.22545011341571811 0.58113190531730663 92.500000000000014 26.500000000000004 0.67911708354949962 0.88982751965522777 0.019979323260486129
decision_type=2 2 2 2 2 2 2 2 2 2 2 2 2 2 2 2 2 2 2 2 2 2 2 2 2 2 2 2 2 2
left_child=1 2 3 4 5 6 7 -1 9 10 -9 12 -3 -2 16 17 29 23 -19 -17 -21 -22 -23 24 -16 26 -20 -24 -5 -15
right_child=13 11 -4 28 -6 -7 -8 8 -10 -11 -12 -13 -14 14 15 19 -18 18 25 20 21 22 27 -25 -26 -27 -28 -29 -30 -31
leaf_value=0.015155495567022446 0.021162128290255773 0.012366689382879211 -0.051574394040990935 -0.051512249040563743 0.026382294735549667 -0.039328953364590774 0.023711003087961452 -0.05068893148220343 0.02191446180696438 -0.05198044989212413 0.0099177201190951622 0.018022750274330073 -0.032965092714782179 0.0049249946168230911 -0.050494434240449776 0.029888120440902478 0.024901470681208359 -0.050647510768369743 0.0097068438919541648 -0.050660016778893126 -0.030025674763240563 0.031464812170852216 0.015344891791750581 0.041166730103914584 0.025509773109064573 0.030425700421449244 -0.050902424645612544 -0.050975351905010582 -0.0092013694159067128 -0.022129186928693534
leaf_weight=0.08290320318337796 0.10641178941568785 0.12559122371385456 0.043518395597857307 0.041545651596607058 0.046264867210993543 0.059901150441874051 0.103404717063313 0.021592005698039429 0.044477205025032163 0.05428714685695013 0.040330371317395475 0.13565363893394533 0.058948963414877653 0.40973816338168922 0.018450471774485777 0.089410112057521474 0.17652459019154776 0.073598268612840911 0.048860807961318642 0.02309514322951145 0.033367183350492269 0.087169508119586681 0.012685256344411755 0.032810669916216284 0.015227509997203015 0.026656667585484684 0.0336983955494361 0.018736111698672175 0.021588823583442718 0.0322717460730928
leaf_count=27 53 35 37 51 11 113 47 43 4 51 16 31 33 339 37 26 73 244 28 29 27 45 15 18 7 6 48 29 9 54
internal_value=0.002165 -0.00283762 -0.00813104 -0.00446921 6.91274e-05 -0.00292273 0.00336202 -0.00527619 -0.0158175 -0.0302588 -0.0112155 0.00641718 -0.00211396 0.00571896 0.00426764 -0.00168809 0.00921458 -0.0134377 -0.022742 0.00938797 -0.00108268 0.00645227 0.0167158 0.0121451 -0.0161291 -0.00393714 -0.0150322 -0.0242009 -0.0370441 0.00294973
internal_weight=2.11872 0.880007 0.559814 0.516295 0.453161 0.406896 0.346995 0.24359 0.160687 0.11621 0.0619224 0.320194 0.18454 1.23871 1.1323 0.513766 0.618534 0.249303 0.182814 0.264463 0.175053 0.151958 0.118591 0.0664887 0.033678 0.109216 0.0825592 0.0314214 0.0631345 0.44201
internal_count=1586 508 409 372 312 301 188 141 114 110 59 99 68 1078 1025 559 466 388 326 171 145 116 89 62 44 82 76 44 60 393
is_linear=0
shrinkage=0.05


Tree=136
num_leaves=31
num_cat=0
split_feature=4 3 6 6 6 4 12 6 4 0 6 12 12 3 12 3 0 4 12 12 0 12 0 12 0 0 4 12 12 0
split_gain=0.0137366 0.0154882 0.0129664 0.0302245 0.0407236 0.028564 0.0295871 0.0285611 0.0379616 0.0271846 0.0219833 0.0184324 0.025639 0.0146478 0.0458623 0.0267254 0.0179986 0.0308271 0.0243807 0.0210574 0.0209129 0.020629 0.0439572 0.0174535 0.0121831 0.0217028 0.0220523 0.037294 0.0239981 0.0303385
threshold=0.91189938783645641 0.46044802665710455 0.059317039325833328 0.071223910897970213 0.081176627427339568 0.57699853181839 2.5000000000000004 0.019979323260486129 0.2547349631786347 0.71882751584053051 0.019561945460736755 14.500000000000002 23.500000000000004 0.32960823178291326 10.500000000000002 0.37857168912887579 0.54181236028671276 0.0212542898952961 96.500000000000014 55.500000000000007 0.49102322757244116 42.500000000000007 0.53157025575637828 1.0000000180025095e-35 0.56198787689208995 0.58243662118911754 0.43138721585273748 2.5000000000000004 49.500000000000007 0.70214921236038219
decision_type=2 2 2 2 2 2 2 2 2 2 2 2 2 2 2 2 2 2 2 2 2 2 2 2 2 2 2 2 2 2
left_child=2 -2 7 -4 -5 6 -6 9 -9 10 13 -8 -13 14 -1 -15 19 18 -18 21 -21 22 -16 -17 -25 -26 27 -27 -29 -30
right_child=1 -3 3 4 5 -7 11 8 -10 -11 -12 12 -14 15 16 23 17 -19 -20 20 -22 -23 -24 24 25 26 -28 28 29 -31
leaf_value=-0.050756449602815085 0.025146741515183708 -0.051704243014558539 0.03068317451264618 -0.052489010398337255 -0.051367265710244282 0.026004025176607388 0.015207856075982374 -0.050919155499468696 0.017274817399131111 -0.051106144724197194 0.045149067458734385 -0.050992135010550332 0.0016533524888805509 0.017848350169641505 -0.050899597649235774 0.034174695242203096 -0.050772202202555607 0.010441041658136694 0.01385919526735949 0.018641419223642635 -0.033338425869867835 0.03381101154302002 0.041181931222770578 0.017168240962711055 -0.050704061603224819 -0.052252820537102257 -0.034065637650183993 0.009758786720993437 -0.050829031036806166 0.042889225877996928
leaf_weight=0.052062026231396663 0.0089786269090837978 0.024298356942381361 0.11508944482920913 0.031893116516584996 0.02795955516921822 0.1262232859589858 0.13960471316022449 0.061061729575157986 0.030651856861368287 0.024807995961964369 0.028514502744655945 0.030606571854150388 0.09463516871437605 0.26144860095519107 0.026332111343435827 0.032392385859566275 0.060777613243544693 0.068530348549757036 0.019201272429199889 0.032541161082917824 0.047735380672747851 0.092608362701867009 0.025522911944790394 0.062292972063005436 0.026065393916724133 0.031107542548852507 0.052965240724006435 0.31633060999592999 0.036059683074199711 0.011354660644428805
leaf_count=108 7 61 23 24 15 39 54 95 18 20 4 31 88 106 75 13 133 59 13 9 44 22 16 37 48 23 52 263 113 3
internal_value=0.000887498 -0.0309687 0.0014266 0.00781298 0.00197579 0.00612121 -0.0024499 -0.0011547 -0.0281279 0.000735644 0.00173739 0.00271425 -0.0112121 0.000751308 -0.00679383 0.00461753 -0.000661779 -0.0141686 -0.0352555 0.00826361 -0.0122677 0.0196726 -0.0055773 -0.00146648 -0.0036197 -0.00635232 -0.00377081 0.000292919 0.00478664 -0.0283856
internal_weight=1.99965 0.033277 1.96638 0.566012 0.450922 0.419029 0.292806 1.40036 0.0917136 1.30865 1.28384 0.264846 0.125242 1.25533 0.425311 0.830017 0.373249 0.148509 0.0799789 0.22474 0.0802765 0.144463 0.051855 0.568568 0.536176 0.473883 0.447818 0.394852 0.363745 0.0474143
internal_count=1616 68 1548 274 251 227 188 1274 113 1161 1141 173 119 1137 479 658 371 205 146 166 53 113 91 552 539 502 454 402 379 116
is_linear=0
shrinkage=0.05


Tree=137
num_leaves=31
num_cat=0
split_feature=0 0 0 4 0 7 7 0 3 3 12 4 7 0 12 3 3 0 0 0 7 3 3 12 3 3 12 7 7 12
split_gain=0.0307917 0.0181785 0.0536221 0.0190758 0.043482 0.0360113 0.0305341 0.0191811 0.0429144 0.0233989 0.0192081 0.0424678 0.0321383 0.038163 0.0231678 0.0214633 0.0338469 0.0232679 0.0259669 0.0243195 0.0309738 0.0172076 0.0236913 0.0302971 0.0219872 0.0256586 0.0155167 0.0290726 0.0237763 0.0169203
threshold=0.49897456169128424 0.68847504258155834 0.72374483942985546 0.52940362691879284 0.59974905848503124 0.40085881948471075 0.47617350518703466 0.64045259356498729 0.62963494658470165 0.64011004567146312 5.5000000000000009 0.026072675362229351 0.41764701902866369 0.59847599267959606 6.5000000000000009 0.59842529892921459 0.9999937415122987 0.63597232103347789 0.62589290738105785 0.61011797189712536 0.40085881948471075 0.57091325521469127 0.3519608229398728 20.500000000000004 0.33712284266948706 0.29612588882446295 59.500000000000007 0.29671797156333929 0.30037905275821691 25.500000000000004
decision_type=2 2 2 2 2 2 2 2 2 2 2 2 2 2 2 2 2 2 2 2 2 2 2 2 2 2 2 2 2 2
left_child=-1 3 -3 6 5 -5 7 10 -9 -10 11 12 13 -2 -12 17 -17 18 19 20 21 22 24 -24 25 26 28 -28 29 -16
right_child=1 2 -4 4 -6 -7 -8 8 9 -11 14 -13 -14 -15 15 16 -18 -19 -20 -21 -22 -23 23 -25 -26 -27 27 -29 -30 -31
leaf_value=-0.051171142923710548 0.0079396788135778149 -0.043533385575179717 0.0063863938339261961 -0.051124766689461393 0.027761794736790225 0.033034309227465308 -0.05194505893903123 -0.050844831531306624 0.045394476883128698 -0.0077877496693713666 0.033880199756849853 -0.043310415307799166 0.041782233806964296 -0.05130169244800431 0.011731626631783176 -0.050736972920242929 0.051368231192825624 0.040508887297853874 -0.050625767347404461 0.025609729166503697 -0.051498536811370704 0.041214976602942571 -0.00038444580177426869 -0.050551327477218924 0.030814469300937699 -0.031302450663459373 0.019777719722070243 -0.050727294316160826 0.020248308822377107 -0.050789776749535012
leaf_weight=0.029639652222613333 0.09985411082379847 0.08831388782346028 0.13762732868417515 0.037559736431830859 0.17365509654246125 0.019212910206988454 0.027902849193196633 0.055249148948860127 0.024311959983606357 0.13853855868546816 0.071791041773394682 0.066287602598094963 0.042032239492982626 0.037355031810875516 0.020990785136064005 0.037051501109090168 0.010393076576292515 0.046661423617479159 0.021042752885477967 0.12752132785135473 0.026243288215482607 0.029521536065658438 0.098777925439208047 0.043283688747578708 0.084061577897955431 0.048782294023112627 0.02926276693779073 0.029222274131825543 0.20595946696266765 0.022337417464768805
leaf_count=49 67 87 39 56 92 3 10 89 8 98 22 52 3 35 45 96 1 15 44 83 14 9 65 117 30 65 40 44 157 65
internal_value=-0.000601471 0.000187073 -0.0131258 0.001983 0.0153429 -0.0226438 -0.00014828 0.000872013 -0.0127667 0.000151827 0.00335408 -0.00911627 0.00352951 -0.00818872 0.00656724 0.00434185 -0.0283701 0.0062035 0.00416955 0.0056749 0.00169315 0.00397333 0.00208647 -0.0156694 0.00781125 0.002388 0.00772797 -0.0154504 0.0131658 -0.0205007
internal_weight=1.93044 1.9008 0.225941 1.67486 0.230428 0.0567726 1.44444 1.41653 0.2181 0.162851 1.19843 0.245529 0.179241 0.137209 0.952904 0.881113 0.0474446 0.833669 0.787007 0.765964 0.638443 0.6122 0.582678 0.142062 0.440617 0.356555 0.307773 0.058485 0.249288 0.0433282
internal_count=1600 1551 126 1425 151 59 1274 1264 195 106 1069 157 105 102 912 890 97 793 778 734 651 637 628 182 446 416 351 84 267 110
is_linear=0
shrinkage=0.05


Tree=138
num_leaves=31
num_cat=0
split_feature=7 4 7 12 12 0 4 12 4 6 7 0 0 12 3 0 7 7 3 6 7 7 0 7 0 12 0 0 0 7
split_gain=0.0154534 0.0354364 0.0293338 0.0269368 0.0264729 0.0205932 0.0190859 0.0446871 0.0306141 0.018612 0.0197418 0.0174482 0.033199 0.0242962 0.0235797 0.0227394 0.0188109 0.031192 0.0212091 0.0196604 0.0273128 0.0198084 0.0371386 0.0201489 0.0253169 0.0154574 0.0151926 0.0226062 0.0229932 0.0304131
threshold=0.35122287273406988 0.39505125582218176 0.45487730205059057 4.5000000000000009 101.50000000000001 0.49897456169128424 0.025100587867200378 7.5000000000000009 0.22394458204507831 0.52060812711715709 0.27784481644630438 0.50153666734695446 0.54031535983085643 97.500000000000014 0.39707186818122869 0.58169397711753856 0.33793573081493383 0.32349976897239691 0.85253447294235241 0.10461081936955453 0.19280478358268741 0.2997263371944428 0.58448961377143871 0.29671797156333929 0.63949391245841991 6.5000000000000009 0.61011797189712536 0.53411644697189342 0.555088371038437 0.35755518078804022
decision_type=2 2 2 2 2 2 2 2 2 2 2 2 2 2 2 2 2 2 2 2 2 2 2 2 2 2 2 2 2 2
left_child=3 2 6 9 5 -5 26 -8 -9 10 -1 -7 13 -13 -14 -16 17 19 -19 21 -21 23 -23 24 25 -17 27 -2 -29 -30
right_child=1 -3 -4 4 -6 11 7 8 -10 -11 -12 12 14 -15 15 16 -18 18 -20 20 -22 22 -24 -25 -26 -27 -28 28 29 -31
leaf_value=-0.0064774628393987274 0.025175615618183347 0.027865311199641436 -0.036346542432796412 -0.051333674673866847 -0.050471460281039993 0.038133188396134152 -0.051984479155929623 -0.027784328158916363 0.023937774496290389 0.019950122144467473 -0.050754419562820965 -0.050599111037022984 0.012488200281018099 0.039009761212262156 -0.050416989113747174 0.021710910437768776 -0.050652517590737779 -0.0019008445136285579 0.048664342358088065 0.036176939682964836 -0.050770996584787648 0.051888837252451164 -0.050773081487791964 0.040175124507656576 0.009613170453763557 -0.050543911828755832 0.023511234349249815 -0.051235884466291452 0.036670183837994016 -0.015839818464394861
leaf_weight=0.041540355065080581 0.074630437913583703 0.15026977000525221 0.049078826123150066 0.018408349184028339 0.025635985723056365 0.032371806679293513 0.045884972976637073 0.044205100170074729 0.08109209401300177 0.019424082711338997 0.063902895852152142 0.047495394926500012 0.37855182036469159 0.0089974409202113748 0.025373578091603122 0.0095152582798618823 0.018755840932499268 0.035703894669495639 0.049472013444756158 0.011292846946162172 0.045116649112969753 0.011242534965276718 0.040704946445657697 0.03565904793140362 0.13517233333732293 0.033326005881463061 0.13859405554831028 0.025975169155572075 0.039822484119213186 0.089660044122865656
leaf_count=36 21 30 13 36 62 5 22 35 19 2 96 134 357 3 62 4 43 55 6 5 92 1 99 16 97 106 46 33 12 48
internal_value=0.000614567 0.00619272 0.000662926 -0.00317654 -0.00034284 0.00102843 0.00402744 -0.00976942 0.00569011 -0.0250259 -0.0333111 0.00207757 0.000760768 -0.0363274 0.00328547 -0.00443322 -0.00169406 0.000560957 0.0274685 -0.00655601 -0.0333645 -0.000862713 -0.0285549 0.00586972 -0.00100221 -0.0344958 0.0104334 0.002556 -0.00830298 0.000309687
internal_weight=1.82688 0.739213 0.588943 1.08766 0.962796 0.93716 0.539864 0.171182 0.125297 0.124867 0.105443 0.918751 0.88638 0.0564928 0.829887 0.451335 0.425961 0.407206 0.0851759 0.32203 0.0564095 0.26562 0.0519475 0.213673 0.178014 0.0428413 0.368682 0.230088 0.155458 0.129483
internal_count=1596 279 249 1317 1183 1121 236 76 54 134 132 1085 1080 137 943 586 524 481 61 420 97 323 100 223 207 110 160 114 93 60
is_linear=0
shrinkage=0.05


Tree=139
num_leaves=31
num_cat=0
split_feature=4 0 4 7 7 3 0 7 3 0 3 6 6 4 0 7 4 6 0 0 4 7 0 3 3 0 3 7 3 3
split_gain=0.014286 0.0124488 0.0117086 0.014898 0.0406577 0.0260991 0.0312607 0.0222421 0.0175987 0.0435169 0.0193172 0.0152986 0.0226972 0.0430905 0.0191059 0.02685 0.0254806 0.0204941 0.0215217 0.0179984 0.01439 0.0168709 0.0132264 0.022897 0.0234622 0.0220425 0.0187563 0.0375114 0.0172628 0.0121903
threshold=0.91189938783645641 0.60018378496170055 0.88255083560943615 0.31380061805248266 0.30397830903530126 0.13309555500745776 0.57723218202590953 0.31519578397274023 0.39376872777938848 0.63501799106597911 0.39707186818122869 0.059317039325833328 0.07181518524885179 0.24625033140182498 0.63501799106597911 0.3229451328516007 0.16781046986579898 0.016761357896029953 0.62514308094978344 0.63949391245841991 0.30342604219913488 0.25413133203983312 0.56954431533813488 0.34672090411186224 0.12967694550752643 0.58017861843109142 0.35903865098953253 0.3952689021825791 0.25209826231002813 0.15279133617877963
decision_type=2 2 2 2 2 2 2 2 2 2 2 2 2 2 2 2 2 2 2 2 2 2 2 2 2 2 2 2 2 2
left_child=2 -2 3 4 5 -1 29 -5 9 -8 -10 14 -13 19 17 -16 -17 18 22 -14 -12 -22 23 24 -9 -24 -27 -28 -26 -7
right_child=1 -3 -4 7 -6 6 8 11 10 -11 20 12 13 -15 15 16 -18 -19 -20 -21 21 -23 25 -25 28 26 27 -29 -30 -31
leaf_value=-0.050473313837098667 0.02057504068187286 -0.051657337769055657 0.024107558814201922 0.040013660061533896 -0.050644900261817762 0.043497919795361079 -0.050974154929269759 0.013605562255896077 0.050760560717739059 0.040970148193335332 0.0018302178890644647 0.036026745579228331 -0.051298884204716927 0.022512017240975887 0.029705182869251803 -0.051206665369658101 -0.0055305054964061634 -0.030153883429770829 0.032056343338297037 -0.0043098457837585646 -0.0052950443171826773 -0.05077814921457563 -0.050852466529838228 0.032934815983900322 -0.050658913657683741 0.021254869442577665 -0.050916287591690756 0.011607709962281262 -0.0027606563519773412 0.011395783604601166
leaf_weight=0.025702970453494234 0.008140103062032833 0.02232212340550177 0.05885632451463596 0.043669997012329875 0.044457831801082648 0.036302696080383612 0.055004852690217376 0.13544442602506002 0.016400591470301151 0.016799564706161618 0.22275911477299815 0.079462278648861684 0.03383050385673414 0.13388409915205557 0.026240764284011675 0.05530054219707381 0.068173830017258297 0.041354806173330871 0.070869588253117399 0.051252799697977025 0.055189390561281471 0.032332577464330825 0.025778524908673717 0.075083653435285669 0.029817625730174768 0.059245563124932232 0.040990227767906617 0.05783726298250258 0.050960480888534221 0.15951017814109036
leaf_count=111 10 53 16 8 118 14 93 82 2 5 274 11 34 36 11 72 34 41 24 22 32 48 35 33 69 35 86 15 38 152
internal_value=0.00159973 -0.0323554 0.00217357 0.0014332 -0.00445686 -0.0011449 0.000988513 0.00505969 -0.00705009 -0.0294626 -0.00212383 0.00358562 0.0131368 0.00483014 -0.000281373 -0.0162262 -0.0259875 0.00378273 0.006353 -0.0229935 -0.00491916 -0.0220975 0.00251936 0.00914657 0.000886053 -0.0079812 -0.000989766 -0.0143251 -0.0204413 0.0173474
internal_weight=1.83298 0.0304622 1.80251 1.74366 0.66446 0.620002 0.594299 1.0792 0.398486 0.0718044 0.326682 1.03553 0.29843 0.218967 0.737097 0.149715 0.123474 0.587382 0.546027 0.0850833 0.310281 0.087522 0.475158 0.291306 0.216223 0.183852 0.158073 0.0988275 0.0807781 0.195813
internal_count=1614 63 1551 1535 849 731 620 686 454 98 356 678 103 92 575 117 106 458 417 56 354 80 393 222 189 171 136 101 107 166
is_linear=0
shrinkage=0.05


Tree=140
num_leaves=31
num_cat=0
split_feature=7 3 0 7 3 3 3 7 7 0 3 0 6 4 7 3 3 0 7 7 7 7 0 0 3 7 0 3 0 4
split_gain=0.0209295 0.0220898 0.0244868 0.0178496 0.0169138 0.0231414 0.0170191 0.0219529 0.0307618 0.021402 0.0184548 0.0154947 0.0151457 0.014998 0.0298763 0.0144989 0.0211485 0.0287057 0.01443 0.0414862 0.0294588 0.0225889 0.0287391 0.0496538 0.0180669 0.0541265 0.0168506 0.0317461 0.0315086 0.0112131
threshold=0.31380061805248266 0.3519608229398728 0.52118885517120372 0.31519578397274023 0.39376872777938848 0.39707186818122869 0.74061912298202526 0.24956940859556201 0.25203402340412145 0.51332741975784313 0.79739060997962963 0.68672966957092296 0.27484457194805151 0.34757031500339514 0.47617350518703466 0.32960823178291326 0.24546115100383761 0.63794654607772838 0.37243685126304632 0.35876084864139562 0.35800749063491827 0.32970482110977178 0.56139713525772106 0.60645705461502086 0.45958939194679266 0.39028607308864599 0.72374483942985546 0.066096160560846343 0.63661944866180431 0.88255083560943615
decision_type=2 2 2 2 2 2 2 2 2 2 2 2 2 2 2 2 2 2 2 2 2 2 2 2 2 2 2 2 2 2
left_child=1 2 -1 -2 -3 -6 7 -7 -9 -10 11 -8 -12 14 18 16 -4 -18 19 20 21 26 -23 -24 25 -20 27 -5 -29 -11
right_child=3 4 15 13 5 6 10 8 9 29 12 -13 -14 -15 -16 -17 17 -19 24 -21 -22 22 23 -25 -26 -27 -28 28 -30 -31
leaf_value=-0.050648525179131425 0.036284317373175556 -0.050923747077934844 0.011453677431776879 0.035600649199676815 0.048621771168098266 -0.050772290424351357 -0.0085505580906106542 0.0437095375479283 0.050280882130128712 -0.034428420669782446 -0.026343868322345962 0.046958847395147045 0.014490982338428538 0.013956005040195294 -0.051644511383349571 0.02365298208555806 -0.050721178814200796 0.046588880580589076 0.019619313827868023 -0.037443354370088812 0.044021555624321723 -0.051048719599970399 0.016583675031935068 -0.05084204388028938 0.019054574285365777 -0.051644503239296313 0.043848615928959542 -0.050358522416666732 0.013989292570517661 0.029500824610175655
leaf_weight=0.018726924535713008 0.042532988514721981 0.029241137472126866 0.10046124618725116 0.047246259233361121 0.015381534089101478 0.055062736966647208 0.022297559118669597 0.02013064302445855 0.009060664102435112 0.096003734627629456 0.073877901975720306 0.028821531021094415 0.032784159484435804 0.24803889718896244 0.027187709405552596 0.097102114812514628 0.035275419698336918 0.0096524354885332286 0.07479102884826716 0.07710594120726455 0.038930076043470763 0.040883730406676477 0.093625341169172316 0.03854677460003586 0.1985914247634355 0.041390281810890883 0.032511902507394552 0.036212599678492552 0.040079261678329203 0.007386862608655064
leaf_count=69 12 47 141 13 3 92 34 5 1 259 75 11 13 95 10 41 91 2 27 67 6 92 77 82 41 28 2 112 32 24
internal_value=0.000262635 -0.00681395 0.00443843 0.0045392 -0.0143497 -0.0113857 -0.0140577 -0.0242347 -0.0132134 -0.0234036 -0.00195452 0.0227463 -0.0137927 0.00323482 -0.000143736 0.00869265 -0.00129902 -0.0298148 0.00169882 -0.00409506 0.00289163 -0.00197365 -0.0144127 -0.00308041 0.00989235 -0.00576884 0.011821 0.00339219 -0.016554 -0.0298609
internal_weight=1.72894 0.651267 0.261218 1.07767 0.390048 0.360807 0.345426 0.187645 0.132582 0.112451 0.157781 0.0511191 0.106662 1.03514 0.787102 0.242491 0.145389 0.0449279 0.759915 0.445142 0.368036 0.329106 0.173056 0.132172 0.314773 0.116181 0.15605 0.123538 0.0762919 0.103391
internal_count=1604 908 344 696 564 517 514 381 289 284 133 45 88 684 589 275 234 93 579 483 416 410 251 159 96 55 159 157 144 283
is_linear=0
shrinkage=0.05


Tree=141
num_leaves=31
num_cat=0
split_feature=12 3 3 6 4 4 12 0 4 12 0 0 6 4 0 0 3 3 0 3 6 3 3 0 0 3 6 0 4 12
split_gain=0.0136864 0.0308692 0.0180453 0.0160892 0.0264754 0.0276864 0.0219108 0.0161129 0.0163624 0.0163441 0.0127048 0.0190766 0.0117339 0.0244869 0.00994884 0.0135808 0.02833 0.0175695 0.0165111 0.0229306 0.0573019 0.0127639 0.0247628 0.0204064 0.013566 0.0136816 0.0121262 0.0134329 0.0249136 0.0221027
threshold=13.500000000000002 0.9999937415122987 0.91124361753463756 0.068290233612060561 0.2052375674247742 0.16781046986579898 1.0000000180025095e-35 0.58243662118911754 0.042591275647282607 6.5000000000000009 0.7311936914920808 0.72374483942985546 0.11023701727390291 0.52940362691879284 0.65849256515502941 0.65153902769088756 0.57239133119583141 0.9999937415122987 0.61786010861396801 0.52014809846878063 0.02635208144783974 0.35354222357273107 0.33712284266948706 0.58536961674690258 0.60474249720573436 0.29435105621814733 0.019561945460736755 0.54181236028671276 0.30000026524066931 96.500000000000014
decision_type=2 2 2 2 2 2 2 2 2 2 2 2 2 2 2 2 2 2 2 2 2 2 2 2 2 2 2 2 2 2
left_child=1 2 3 4 5 6 -1 9 -9 -8 11 14 -5 -14 15 16 18 -18 19 20 21 22 24 -23 25 26 27 -2 29 -29
right_child=10 -3 -4 12 -6 -7 7 8 -10 -11 -12 -13 13 -15 -16 -17 17 -19 -20 -21 -22 23 -24 -25 -26 -27 -28 28 -30 -31
leaf_value=0.012751257091191057 0.0083963454184411059 0.015946170765411403 -0.05198386367739493 0.016076029705882577 -0.051199820044034998 0.032356688704914392 0.0028058883771842295 -0.040344384191981483 0.013730206824227757 -0.050427248211051594 -0.030436064820979627 0.043060091120352667 -0.050757643707205147 0.019245077592677112 -0.010359255612903844 0.034379727810320289 -0.050606873421449608 0.017239455168891953 0.022562449205841658 0.036169114050407791 -0.050950489858561446 0.0057018628648778588 0.033037689107006295 -0.050506695004349324 0.036497248297529671 -0.028371579629635459 0.038816507936955319 -0.050709574353285561 0.020376790596368759 0.018844067507566804
leaf_weight=0.05712735201814223 0.18101571979150299 0.12921953143086284 0.025942656951883691 0.089334176118427422 0.043845307189258165 0.034764674470352475 0.080857851715336437 0.11205408257774252 0.015985159874617239 0.017548371632983617 0.027104265136586037 0.030695896641191212 0.023894812755315797 0.026178834086749703 0.12131732904344972 0.037486710114535526 0.036743481230587349 0.01288947876309976 0.1254459240626602 0.047078786999009026 0.050540474616354913 0.043600233413599199 0.08059719402808696 0.02564494036778342 0.027003630690160207 0.038533916564119863 0.022227603760256898 0.046449450591808272 0.032729710004787194 0.015146770485443994
leaf_count=26 149 24 22 24 62 12 72 133 21 69 21 5 37 10 143 26 123 5 101 29 92 57 26 89 13 49 9 131 14 9
internal_value=-0.00034607 -0.00595628 -0.0113213 -0.00921819 -0.0147739 -0.00975693 -0.0149199 -0.0219007 -0.0335934 -0.00668695 0.00333017 0.00426871 0.00521569 -0.0141598 0.00300794 0.00497806 0.00357517 -0.0329875 0.00604076 0.00264626 -0.000154529 0.00485036 0.00796618 -0.015115 0.00240117 -0.000338224 0.00329197 0.000424171 -0.0148748 -0.033606
internal_weight=1.659 0.656753 0.527533 0.501591 0.362183 0.318337 0.283573 0.226445 0.128039 0.0984062 1.00225 0.975147 0.139408 0.0500736 0.944451 0.823134 0.785647 0.049633 0.736014 0.610568 0.56349 0.512949 0.443704 0.0692452 0.363107 0.336103 0.297569 0.275342 0.0943259 0.0615962
internal_count=1603 512 488 466 395 333 321 295 154 141 1091 1070 71 47 1065 922 896 128 768 667 638 546 400 146 374 361 312 303 154 140
is_linear=0
shrinkage=0.05


Tree=142
num_leaves=31
num_cat=0
split_feature=12 7 7 7 3 3 3 7 7 12 4 3 6 3 3 7 3 7 7 12 7 7 3 12 12 3 7 12 12 7
split_gain=0.0161591 0.0290013 0.0147456 0.0229419 0.0239592 0.0156338 0.0149636 0.0152902 0.0135984 0.0104085 0.0121508 0.0179897 0.0135043 0.0143619 0.00912033 0.0186732 0.00810238 0.012102 0.0176748 0.0226697 0.0142713 0.0128898 0.0119379 0.0254717 0.0210444 0.0203792 0.0127174 0.00902224 0.0218879 0.0158687
threshold=23.500000000000004 0.24956940859556201 0.33987429738044744 0.27743867039680487 0.1386145502328873 0.9999937415122987 0.81935068964958202 0.40936672687530523 0.27404244244098669 2.5000000000000004 0.043495764955878265 0.9999937415122987 1.0000000180025095e-35 0.58394026756286632 0.27557374536991125 0.34908975660800939 0.97439229488372814 0.38767705857753759 0.35876084864139562 50.500000000000007 0.35800749063491827 0.16157821565866473 0.81935068964958202 67.500000000000014 80.500000000000014 0.39780183136463171 0.19116725027561191 61.500000000000007 57.500000000000007 0.35207463800907141
decision_type=2 2 2 2 2 2 2 2 2 2 2 2 2 2 2 2 2 2 2 2 2 2 2 2 2 2 2 2 2 2
left_child=1 -1 3 8 -5 6 7 14 -3 -6 11 -11 -12 -14 15 -4 17 18 20 -20 21 -2 23 27 -25 -26 -27 28 29 -23
right_child=16 2 5 4 9 -7 -8 -9 -10 10 12 -13 13 -15 -16 -17 -18 -19 19 -21 -22 22 -24 24 25 26 -28 -29 -30 -31
leaf_value=-0.05100549580877313 -0.050592124401708127 -0.0017867588477640404 0.031225112389893069 0.017921654655248746 -0.051019346335149388 0.02121098135273905 -0.025139590692048588 -0.021776441179298379 0.039561407587896669 -0.050478004601644103 0.0117841099133775 0.014991975094796295 0.0010369372603938577 -0.051057673372698766 0.010695398262671211 -0.050629491419119169 -0.020895132719555801 0.028050953145600355 -0.051316800571768663 0.0054405181399915653 0.04384646923453004 0.0062498738154745902 0.025452230563266745 -0.050708520372481705 0.013455918067694833 0.015494431714298072 -0.050946228841761879 0.028532512279060337 -0.051257474969963593 0.042828187569853793
leaf_weight=0.031975412362044153 0.0099098160535504576 0.073970313228528539 0.011396388244975242 0.03658946137966268 0.034653038066608133 0.095936883008107543 0.056412334888591431 0.05318930305656977 0.027194929076358676 0.052405849199431032 0.042027900013636099 0.013119182549417019 0.02533901849983522 0.027685628680046648 0.2437646192520333 0.017928246856172336 0.027588218876189785 0.0609298090566881 0.030549261415217188 0.0414827786735259 0.025940431514754891 0.2591022512165182 0.075504389518755488 0.031081035085662734 0.06380984683346469 0.0098180364439031109 0.027033205272346095 0.06045451821955794 0.015120014885724231 0.033482152204669546
leaf_count=76 20 75 8 49 50 16 23 20 10 167 47 3 30 32 125 46 21 20 25 18 3 377 41 90 55 4 75 45 27 16
internal_value=0.000484575 -0.00429874 -0.00245861 -0.0105387 -0.0192085 0.00316274 -0.00136178 0.00274931 0.00932833 -0.0261673 -0.0208042 -0.0373698 -0.00938457 -0.0261631 0.00752617 -0.0188185 0.00571276 0.00669912 0.00479515 -0.0186306 0.0075557 0.00594734 0.00692108 0.00412216 -0.0147452 -0.00364088 -0.0332449 0.0108737 0.00740426 0.0104357
internal_weight=1.61539 0.843589 0.811613 0.332985 0.23182 0.478628 0.382691 0.326279 0.101165 0.195231 0.160578 0.065525 0.0950525 0.0530246 0.273089 0.0293246 0.771806 0.744218 0.683288 0.072032 0.611256 0.585315 0.575405 0.499901 0.131742 0.100661 0.0368512 0.368159 0.307704 0.292584
internal_count=1614 777 701 463 378 238 222 199 85 329 279 170 109 62 179 54 837 816 796 43 753 750 730 689 224 134 79 465 420 393
is_linear=0
shrinkage=0.05


Tree=143
num_leaves=31
num_cat=0
split_feature=7 7 4 0 4 7 7 12 0 3 0 0 0 0 3 0 12 0 4 12 0 4 7 12 3 0 3 7 4 0
split_gain=0.0110818 0.0184732 0.0181656 0.0243493 0.0397343 0.0200181 0.0177021 0.0176387 0.0176905 0.0203884 0.0185539 0.0211839 0.0186824 0.0174661 0.0160468 0.0200538 0.0208925 0.0283906 0.0153097 0.030411 0.0290937 0.0143057 0.0279325 0.0141539 0.0140442 0.0254326 0.0246448 0.0188623 0.0201117 0.0264183
threshold=0.32923476397991186 0.32970482110977178 0.39505125582218176 0.63501799106597911 0.107896875590086 0.34216937422752386 0.32395556569099432 101.50000000000001 0.50879192352294933 0.39707186818122869 0.77539125084877025 0.71882751584053051 0.71406409144401561 0.6076960861682893 0.32960823178291326 0.54661411046981823 96.500000000000014 0.66160073876380932 0.026072675362229351 6.5000000000000009 0.61011797189712536 0.60585561394691478 0.38034547865390783 20.500000000000004 0.49115876853466039 0.51332741975784313 0.57629442214965831 0.18425646424293521 0.21508116275072101 0.64657899737358104
decision_type=2 2 2 2 2 2 2 2 2 2 2 2 2 2 2 2 2 2 2 2 2 2 2 2 2 2 2 2 2 2
left_child=6 -2 3 5 -5 13 7 8 -1 14 11 12 24 -3 15 -10 17 -17 20 -20 -7 -4 -23 -16 25 -11 -26 -28 29 -29
right_child=1 2 21 4 -6 18 -8 -9 9 10 -12 -13 -14 -15 23 16 -18 -19 19 -21 -22 22 -24 -25 26 -27 27 28 -30 -31
leaf_value=-0.050731208286583201 0.039619414345796043 -0.050711660985728463 0.031603445008392989 -0.051564138724103308 0.0050590938882699703 0.00081322713325533095 -0.050392089700796727 -0.050390917340082386 0.01402294269636689 0.047618226493795629 0.033331751866051591 -0.051120322251946473 0.037935631663297116 0.021150947897509442 -0.01023736207208855 -0.050567303131212486 0.042185604073628896 0.050500691143499768 -0.051777291004118514 0.0060087460248467528 0.032093246322968852 -0.025676071147482063 0.027339640725044696 0.028644169304528871 0.015364463531977743 -0.050453024636513535 0.024969835662425631 -0.050681870624955432 -0.050940988619187277 0.0056107545812632059
leaf_weight=0.018275875595918478 0.034143936394684715 0.029673998736143403 0.080900505246972898 0.058985092318835086 0.065261983212621999 0.21624895766763075 0.020719514560369134 0.019514485223226075 0.080691656257840805 0.0078440167853841558 0.024853326729498804 0.030612454795118538 0.021052071126177907 0.011824615852674469 0.029296530428837286 0.046693046139125727 0.010267327539622784 0.0081632137298583984 0.031183055209112354 0.084370206204766873 0.11327655152490479 0.045392064970656065 0.054887575097382069 0.11641215947565797 0.088296331879973877 0.042044675329634629 0.022902555660948565 0.029679894960736419 0.046608013833974837 0.069994083634810522
leaf_count=52 16 80 23 61 29 140 68 56 104 2 5 30 8 13 31 179 3 1 16 59 30 37 9 62 112 130 13 74 104 56
internal_value=-0.000362128 0.00360977 0.00205737 -0.00206673 -0.0218222 0.00297782 -0.00483315 -0.0035096 -0.00219075 -0.000877303 -0.00844759 -0.0113397 -0.00763169 -0.0302351 0.00909148 -0.00263502 -0.0232751 -0.0355273 0.00607456 -0.00958532 0.0115659 0.0159612 0.00334182 0.0208266 -0.0107526 -0.0350332 -0.00604811 -0.0172232 -0.0238291 -0.0111515
internal_weight=1.56007 0.826149 0.792005 0.610824 0.124247 0.486577 0.733921 0.713202 0.693687 0.675411 0.383887 0.359034 0.328422 0.0414986 0.291524 0.145815 0.0651236 0.0548563 0.445079 0.115553 0.329526 0.18118 0.10028 0.145709 0.30737 0.0498887 0.257481 0.169185 0.146282 0.099674
internal_count=1603 513 497 428 90 338 1090 1022 966 914 534 529 499 93 380 287 183 180 245 75 170 69 46 93 491 132 359 247 234 130
is_linear=0
shrinkage=0.05


Tree=144
num_leaves=31
num_cat=0
split_feature=4 7 3 3 7 7 4 0 4 4 7 6 0 4 0 0 6 3 3 7 3 6 4 7 7 0 3 3 3 0
split_gain=0.0230005 0.0215962 0.0240983 0.0274025 0.0174029 0.0289936 0.0230542 0.017911 0.0154056 0.01438 0.0104401 0.0126224 0.0375163 0.0337492 0.0274689 0.0208259 0.0158055 0.014251 0.0123066 0.0113085 0.0260727 0.0110767 0.0106892 0.00874295 0.0146569 0.0106446 0.0512459 0.0142003 0.0212037 0.0288941
threshold=0.90604233741760265 0.2869544923305512 0.3056220561265946 0.33219572901725775 0.27743867039680487 0.27404244244098669 0.039763800799846656 0.65442833304405224 0.54029431939125072 0.30342604219913488 0.29099465906620031 0.059317039325833328 0.61364063620567333 0.57699853181839 0.63501799106597911 0.63454240560531627 0.017394304275512699 0.94527024030685436 0.20670165121555331 0.43887381255626684 0.57629442214965831 0.071223910897970213 0.22394458204507831 0.29927712678909307 0.30060610175132757 0.555088371038437 0.14949969947338107 0.27557374536991125 0.38075001537799841 0.59540116786956798
decision_type=2 2 2 2 2 2 2 2 2 2 2 2 2 2 2 2 2 2 2 2 2 2 2 2 2 2 2 2 2 2
left_child=1 2 -1 -4 5 6 -5 9 -9 -8 -3 14 13 -13 15 16 19 -16 -18 20 23 -14 -23 -12 -25 26 -26 -27 -29 -30
right_child=-2 10 3 4 -6 -7 7 8 -10 -11 11 12 21 -15 17 -17 18 -19 -20 -21 -22 22 -24 24 25 27 -28 28 29 -31
leaf_value=-0.050471536400473582 -0.051240895929278642 0.023257602734743418 0.034253094385318796 -0.041341472097736781 -0.050589214127711925 0.043112844794007447 0.025172216711684566 -0.051038544690107018 0.0019014825882973129 -0.024136894352328922 -0.025065829718827329 -0.051033491703503943 0.039265117073571811 0.018217171270750312 -0.038668167410132036 0.05097152300020974 0.010319920339587646 -0.0051428304940460282 -0.051021642455366459 0.030559766132484418 -0.040440881091618294 -0.0070871947331509234 0.021461321795795144 0.039742880292100519 0.0092930752135072184 -0.022382028138754274 -0.050951966233496404 0.026882173750490693 0.014459709015695477 -0.051018567664719919
leaf_weight=0.038816700494180512 0.024216940246333363 0.051630753628160053 0.033140287778223865 0.060212741440409445 0.028962654104816465 0.023496092240748112 0.055033215332514374 0.02860338374011917 0.0264490586851025 0.020217651756865962 0.026093353489158977 0.041931895417292253 0.054120404718560167 0.030311784357763827 0.073423081840701343 0.020330804920376977 0.011930535965802846 0.055779967966373079 0.025985686303101829 0.031888251192867756 0.037181647954639629 0.046481365032377653 0.11129878186147835 0.027979975813650526 0.13241293460032466 0.03056008057683357 0.048128550409728632 0.12551418812699922 0.053008387370937271 0.024698369287762034
leaf_count=163 65 45 18 120 75 18 44 33 14 39 51 59 7 6 138 2 11 19 47 9 74 35 45 11 102 57 100 68 43 71
internal_value=-0.00293617 -0.0020858 -0.0135831 -0.00839725 -0.0142145 -0.00929184 -0.0157548 -0.00393133 -0.0256044 0.0119243 0.00132788 0.000205798 0.00913798 -0.0219775 -0.00329534 0.00123744 -0.000519882 -0.0241945 -0.0317202 0.00168118 -0.000140272 0.0197462 0.013051 0.00305882 0.00471802 0.00235273 -0.00676698 0.00939558 0.0141743 -0.00635195
internal_weight=1.39984 1.37562 0.314932 0.276115 0.242975 0.214012 0.190516 0.130303 0.0550524 0.0752509 1.06069 1.00906 0.284144 0.0722437 0.724916 0.595713 0.575382 0.129203 0.0379162 0.537466 0.505577 0.211901 0.15778 0.468396 0.442302 0.414323 0.180541 0.233781 0.203221 0.0777068
internal_count=1589 1524 524 361 343 268 250 130 47 83 1000 955 152 65 803 646 644 157 58 586 577 87 80 503 452 441 202 239 182 114
is_linear=0
shrinkage=0.05


Tree=145
num_leaves=31
num_cat=0
split_feature=3 6 0 12 7 12 0 3 0 12 0 3 0 0 3 6 3 7 3 0 0 7 0 7 7 12 4 3 7 3
split_gain=0.00864435 0.0281185 0.0253073 0.0191928 0.0234463 0.0123286 0.0127382 0.0311103 0.0183 0.0118629 0.0241254 0.0282685 0.0229847 0.0209674 0.0106335 0.0208966 0.0189001 0.0172076 0.0143961 0.0112862 0.0145774 0.0133267 0.0242569 0.0146162 0.0203907 0.0261584 0.0138485 0.0132412 0.0236576 0.00972939
threshold=0.79179209470748912 0.16542611271142962 0.68847504258155834 5.5000000000000009 0.39661149680614477 6.5000000000000009 0.66282746195793163 0.57629442214965831 0.65327399969100963 80.500000000000014 0.66973870992660534 0.83499655127525341 0.73751145601272594 0.64769184589385997 0.33712284266948706 0.019979323260486129 0.33219572901725775 0.20585947483778003 0.32960823178291326 0.64045259356498729 0.63597232103347789 0.31380061805248266 0.59132018685340892 0.31519578397274023 0.35122287273406988 7.5000000000000009 0.37901748716831213 0.34127703309059149 0.27002052962780004 0.13309555500745776
decision_type=2 2 2 2 2 2 2 2 2 2 2 2 2 2 2 2 2 2 2 2 2 2 2 2 2 2 2 2 2 2
left_child=1 2 3 4 29 -5 7 14 -9 10 13 -12 -13 -2 15 16 17 -7 -19 20 21 22 27 -23 25 -25 -24 -16 -29 -1
right_child=9 -3 -4 5 -6 6 -8 8 -10 -11 11 12 -14 -15 19 -17 -18 18 -20 -21 -22 23 26 24 -26 -27 -28 28 -30 -31
leaf_value=-0.050587649225971976 0.0019074733959500161 -0.050693354637226885 -0.050715475310941428 0.02473574070551211 -0.051572048163624387 -0.05060890635782448 0.030724820398915414 -0.050679960633084588 0.020247995154604632 0.029826695281811217 0.028516381025447481 -0.041118116887052421 0.0050454908826852796 0.040694468598111884 0.049008240561973365 -0.05048085939576228 -0.051328106769734864 0.0034504255723534199 0.048123144175567401 -0.026536080256024663 0.043531319238385421 0.050613477532151667 -0.050581292848433435 0.04430355862851016 0.023347970279734124 -0.050487966759312067 0.028589049252990568 0.030862287200177599 -0.028080194513652696 -0.0010994876164992535
leaf_weight=0.010750721006843156 0.080379634971905145 0.027920650246414769 0.02389307574412658 0.068851322634145617 0.033196244912687689 0.013877753270207904 0.038429520007412066 0.042227280207953299 0.011590086860451265 0.052480617312539835 0.035833737487337203 0.066864885762697668 0.045184675400378183 0.061502628508605994 0.018378479522652924 0.02093316732589301 0.016360979914679774 0.27740979139434785 0.01928820856846869 0.019465011941520061 0.034177956127678044 0.029081544234941248 0.031263241834039945 0.010465445964655373 0.094690654732403345 0.023896129151580681 0.0067088780597259748 0.033808348380262032 0.034289894159883261 0.13036394999562617
leaf_count=20 41 79 39 30 14 30 47 125 16 16 15 60 14 25 3 63 16 386 4 41 13 5 110 5 48 77 11 34 42 149
internal_value=0.00103533 -0.00117465 0.000150442 0.00134253 -0.0137638 0.00445804 0.00265967 0.00119808 -0.0354049 0.00795314 0.00399153 -0.01014 -0.0225024 0.0187207 0.00407761 -0.00205091 0.00104997 0.00380923 0.00635458 0.0104184 0.0126892 0.00895894 -0.00328088 0.0185915 0.0113754 -0.0216175 -0.0365936 0.0113468 0.00118265 -0.00486971
internal_weight=1.41356 1.07132 1.0434 1.0195 0.174311 0.845194 0.776342 0.737913 0.0538174 0.342246 0.289766 0.147883 0.11205 0.141882 0.684095 0.34787 0.326937 0.310576 0.296698 0.336226 0.316761 0.282583 0.124449 0.158134 0.129052 0.0343616 0.0379721 0.0864767 0.0680982 0.141115
internal_count=1578 1407 1328 1289 183 1106 1076 1029 141 171 155 89 74 66 888 499 436 420 390 389 348 335 200 135 130 82 121 79 76 169
is_linear=0
shrinkage=0.05


Tree=146
num_leaves=31
num_cat=0
split_feature=0 6 7 7 12 12 0 3 3 7 7 0 0 12 0 0 0 0 3 0 7 7 7 7 0 0 0 12 0 3
split_gain=0.0079279 0.0205845 0.00658001 0.00861417 0.017244 0.0172589 0.0123888 0.0228525 0.0153603 0.0214206 0.0104972 0.00844989 0.0197831 0.00901115 0.00918949 0.0229611 0.0169677 0.019085 0.0146095 0.0146954 0.0150816 0.0262108 0.0106603 0.0213693 0.0156026 0.0117916 0.024945 0.0189156 0.0181276 0.0119296
threshold=0.77539125084877025 0.42279385030269628 0.47617350518703466 0.41764701902866369 101.50000000000001 5.5000000000000009 0.64657899737358104 0.52852848172187816 0.47482645511627203 0.29763954877853399 0.38515695929527288 0.7311936914920808 0.71406409144401561 6.5000000000000009 0.62589290738105785 0.63661944866180431 0.64045259356498729 0.64837586879730236 0.50994980335235607 0.65442833304405224 0.20900084078311923 0.33987429738044744 0.35668857395648962 0.34738881886005407 0.49897456169128424 0.50153666734695446 0.54031535983085643 97.500000000000014 0.54181236028671276 0.13309555500745776
decision_type=2 2 2 2 2 2 2 2 2 2 2 2 2 2 2 2 2 2 2 2 2 2 2 2 2 2 2 2 2 2
left_child=1 2 3 4 5 6 7 8 9 -1 -11 12 13 -7 22 -16 -17 -18 -19 -20 -21 -22 23 24 -15 -26 27 -27 -28 -30
right_child=-2 -3 -4 -5 -6 11 -8 -9 -10 10 -12 -13 -14 14 15 16 17 18 19 20 21 -23 -24 -25 25 26 28 -29 29 -31
leaf_value=0.016266690538273058 0.030123424095991915 -0.051154407148392568 -0.018425720203763082 0.018553691087608706 -0.050315865950447007 0.020410798711920614 0.0037988712113886632 -0.051150554061302922 0.028483167977120184 -0.050609481443574314 -0.0047356404867338357 -0.027213879625101474 0.036370420681155091 -0.050949633105769623 -0.050609535654327603 0.034649278836935749 -0.050858870094322363 -0.050552040413914014 0.037810752789314533 0.019868937882899104 -0.050689580135082027 0.012558022199818353 0.015061319116280284 -0.050686433440094485 0.038525414679149189 -0.050453878485148013 0.044729404559275668 0.03898207735306089 -0.050490442976596231 0.0052807832932148429
leaf_weight=0.030812820525170315 0.022169237985508627 0.019400188131839857 0.043421491980552562 0.068984250217908882 0.016537723025066842 0.069537325509372749 0.090661625470602303 0.041578437165298965 0.023214280372485518 0.037985940982252941 0.018565235630376264 0.02110828242439311 0.047072750910956529 0.012977346034404036 0.026595432499561866 0.028385693109157728 0.021739127214004839 0.013328705044841627 0.02632487836490327 0.041019091237103567 0.032478883847034012 0.033048730245354818 0.18013181257083488 0.01941730572252709 0.02427956041356083 0.033207373866844137 0.029164159328502137 0.007192530727479606 0.0099138214209233411 0.29209835017263686
leaf_count=31 6 21 16 13 59 33 52 53 16 71 6 16 18 38 78 20 43 26 19 19 95 26 91 56 5 125 7 3 37 501
internal_value=0.000463988 -1.94229e-05 0.000720464 0.00136127 0.000395763 0.00108781 -0.0108323 -0.0195502 -0.00766813 -0.0172742 -0.0355495 0.00407476 0.0047715 0.00312033 0.001674 -0.00701059 -0.0011044 -0.00714761 -0.000648003 0.004358 -0.00390729 -0.0187908 0.00485617 0.000563653 0.00299775 0.0047663 0.00256041 -0.0345313 0.0070852 0.00345004
internal_weight=1.38235 1.36018 1.34078 1.29736 1.22838 1.21184 0.242818 0.152157 0.110578 0.087364 0.0565512 0.969021 0.947913 0.90084 0.831303 0.222921 0.196325 0.167939 0.1462 0.132872 0.106547 0.0655276 0.608382 0.42825 0.408833 0.395856 0.371576 0.0403999 0.331176 0.302012
internal_count=1600 1594 1573 1557 1544 1485 229 177 124 108 77 1256 1240 1222 1189 326 248 228 185 159 140 121 863 772 716 678 673 128 545 538
is_linear=0
shrinkage=0.05


Tree=147
num_leaves=31
num_cat=0
split_feature=3 3 3 12 0 7 12 0 7 12 3 12 7 7 0 7 7 4 0 12 4 0 12 3 7 12 12 3 3 3
split_gain=0.0120756 0.0229329 0.0259613 0.0161782 0.0197139 0.0129401 0.0190032 0.033374 0.01332 0.012445 0.020646 0.0129792 0.0135846 0.0193294 0.0144995 0.0207729 0.0167521 0.0213849 0.0148422 0.0117555 0.0209656 0.0141781 0.0113901 0.0104422 0.0189311 0.0107068 0.0151222 0.0122985 0.0178782 0.0253164
threshold=0.11837169528007509 0.14949969947338107 0.20353773981332782 72.500000000000014 0.54372221231460582 0.29927712678909307 50.500000000000007 0.555088371038437 0.29060964286327368 28.500000000000004 0.38288119435310369 25.500000000000004 0.45487730205059057 0.41552206873893743 0.60645705461502086 0.3952689021825791 0.36143228411674505 0.35316270589828497 0.60407859086990368 3.5000000000000004 0.044486651197075851 0.56564155220985424 55.500000000000007 0.23826970905065539 0.29026083648204809 101.50000000000001 92.500000000000014 0.3056220561265946 0.33219572901725775 0.39376872777938848
decision_type=2 2 2 2 2 2 2 2 2 2 2 2 2 2 2 2 2 2 2 2 2 2 2 2 2 2 2 2 2 2
left_child=3 -2 -3 4 -1 8 7 -7 23 11 -11 12 13 14 18 16 17 -16 19 -9 21 -21 -8 -4 25 26 27 -25 -29 -30
right_child=1 2 5 -5 -6 6 22 9 -10 10 -12 -13 -14 -15 15 -17 -18 -19 -20 20 -22 -23 -24 24 -26 -27 -28 28 29 -31
leaf_value=-0.050659592125381209 0.033921431781123647 -0.050558855207592894 -0.050918749620801375 0.01008729018810995 0.012524762954329272 -0.051090147530875152 0.038431790996880585 0.027510117609570662 -0.03678754768099831 0.016205028297542095 -0.050545859734502853 0.034791101882635726 -0.029821354496547794 0.031010294366168478 -0.031588956631830735 -0.051577148214257955 0.013091215840039206 0.010567740058457545 0.047892049336168467 0.016450555711836689 0.018375641990185106 -0.050854372516407766 0.010971243923432274 -0.050743269327604784 0.051206791676637935 -0.050379142048092476 0.032315655203361549 0.033793792525575607 -0.050692000527701321 -0.0016352631046279828
leaf_weight=0.042720900766198722 0.053391453262975008 0.02445723871676353 0.011126839245662046 0.035725506719245459 0.017362224542011973 0.029331345985156076 0.055175032384795486 0.044487151752946374 0.032627027456328506 0.020719448476938851 0.026273391913036903 0.035827133991915616 0.028601740748854354 0.064913493581116199 0.071497256851216662 0.022501605446450412 0.10832743794890121 0.051933736454884638 0.026321587203710806 0.010959335871120857 0.046387557627895148 0.02735595760623255 0.11964626583630888 0.014665609826806758 0.01609013759662048 0.012177989709925896 0.028135461192505318 0.028290549347730121 0.030525344900524942 0.18996389579842798
leaf_count=127 43 78 22 27 31 73 21 27 80 30 79 19 12 12 139 9 40 35 6 8 33 54 128 37 4 37 15 18 59 295
internal_value=0.000540482 0.00187048 0.000418204 -0.0165579 -0.0324012 0.00149871 0.00509034 0.000957923 -0.00630737 0.00356264 -0.021115 0.0057137 0.00364379 0.0056602 0.0016444 -0.00571121 -0.00125805 -0.0138515 0.0136707 0.00669839 -0.00423223 -0.0316031 0.019638 -0.00330269 -0.00164623 -0.00444586 -0.00252744 -0.00624861 -0.00362564 -0.00842686
internal_weight=1.32752 1.23171 1.17832 0.0958086 0.0600831 1.15386 0.790259 0.615438 0.363603 0.586107 0.0469928 0.539114 0.503287 0.474685 0.409772 0.25426 0.231758 0.123431 0.155512 0.12919 0.0847029 0.0383153 0.174821 0.330976 0.319849 0.303759 0.291581 0.263445 0.24878 0.220489
internal_count=1598 1413 1370 185 158 1292 725 576 567 503 109 394 375 363 351 223 214 174 128 122 95 62 149 487 465 461 424 409 372 354
is_linear=0
shrinkage=0.05


Tree=148
num_leaves=31
num_cat=0
split_feature=12 3 0 3 7 8 12 7 7 7 7 0 4 0 0 12 12 12 12 4 4 3 7 3 3 7 7 12 12 12
split_gain=0.0130436 0.0336623 0.0160864 0.0206713 0.0146176 0.0141223 0.0132396 0.01256 0.0171576 0.0167648 0.0106876 0.0214982 0.0136106 0.0138574 0.0281277 0.0161446 0.0124274 0.0115555 0.0200492 0.016202 0.0157326 0.0122527 0.010137 0.0144367 0.021544 0.0162958 0.0239673 0.0118088 0.0102418 0.0120352
threshold=5.5000000000000009 0.89974045753479015 0.56198787689208995 0.37627542018890386 0.29807479679584509 1.1000000238418581 1.5000000000000002 0.32112815976142889 0.30397830903530126 0.29927712678909307 0.32395556569099432 0.67607370018959057 0.24625033140182498 0.53239566087722789 0.56477597355842601 6.5000000000000009 10.500000000000002 14.500000000000002 102.50000000000001 0.021680841222405437 0.0212542898952961 0.35903865098953253 0.20900084078311923 0.33964461088180548 0.32960823178291326 0.24823594093322757 0.25203402340412145 26.500000000000004 25.500000000000004 97.500000000000014
decision_type=2 2 2 2 2 2 2 2 2 2 2 2 2 2 2 2 2 2 2 2 2 2 2 2 2 2 2 2 2 2
left_child=1 2 3 4 -1 7 -4 8 9 22 -9 12 13 -12 -15 -16 -17 -18 19 20 21 -19 -2 24 28 -25 -27 -28 -24 -30
right_child=5 -3 6 -5 -6 -7 -8 10 -10 -11 11 -13 -14 14 15 16 17 18 -20 -21 -22 -23 23 25 -26 26 27 -29 29 -31
leaf_value=0.014568482126759217 0.010086165934693553 0.012729560497560043 -0.013572821417447093 0.032127998437550383 -0.05082789032220103 -0.031576127085736566 -0.045402269390910251 0.02920096674093042 -0.032343751796950142 0.023990851889989159 0.021138715555729562 -0.034199632807188109 0.023663490881587187 -0.050694939382311149 0.04134559909829183 -0.027919110945163889 0.024203206510174886 0.0060117000838905291 0.047575511466331974 -0.050595605240702446 0.05069083670573811 -0.050349539255711888 0.011371828908501387 -0.05057071168628046 0.03719767009509025 0.035930953616083221 -0.010727722874618838 -0.050399331711184263 -0.050448304200602839 0.019245926048035905
leaf_weight=0.013930273733422038 0.09855979013673255 0.11448143074812833 0.058611786554138234 0.027312494530633558 0.02210302025105193 0.028829028726022443 0.073816034386254614 0.059191856044890301 0.042673389348692581 0.066303238301770762 0.08569063014601852 0.030132067180602462 0.12176365688173973 0.02667231247505697 0.025234493972675409 0.035366069763767882 0.051203565642936155 0.025778295435884502 0.014890518898027949 0.023301252324927191 0.011672223452478647 0.015405862965053529 0.025042500800736889 0.031121358737436822 0.0356552737794118 0.023016022970296035 0.074893045156386506 0.025026141523994738 0.022812685162080015 0.0085033243158250116
leaf_count=17 94 32 53 7 46 70 100 32 155 55 49 33 64 74 7 30 20 33 5 46 2 59 59 68 12 14 104 154 108 13
internal_value=0.000157774 -0.00880777 -0.021402 -0.00067899 -0.025546 0.00291528 -0.0313147 0.00393002 -0.00216744 0.000966221 0.00918527 0.0066489 0.00946563 0.00398117 -0.00242442 0.0039225 -0.00139427 0.00520023 -0.00548664 -0.0158615 -0.000549261 -0.0150715 -0.00346348 -0.00889058 0.00678013 -0.0182503 -0.0100683 -0.020664 -0.0124636 -0.031524
internal_weight=1.31899 0.310255 0.195774 0.0633458 0.0360333 1.00874 0.132428 0.97991 0.453607 0.410933 0.526303 0.467111 0.436979 0.315215 0.229525 0.202852 0.177618 0.142252 0.0910482 0.0761576 0.0528564 0.0411842 0.34463 0.24607 0.0920138 0.154057 0.122935 0.0999192 0.0563585 0.031316
internal_count=1615 255 223 70 63 1360 153 1290 836 681 454 422 389 325 276 202 195 165 145 140 94 92 626 532 192 340 272 258 180 121
is_linear=0
shrinkage=0.05


Tree=149
num_leaves=31
num_cat=0
split_feature=0 4 0 3 3 3 0 0 7 7 7 6 6 4 0 0 0 4 4 0 3 7 0 4 4 7 3 7 7 7
split_gain=0.0168759 0.0160865 0.0123412 0.0245662 0.0167353 0.0187956 0.00876021 0.0220919 0.00812998 0.0127585 0.0140889 0.00944709 0.0162316 0.013845 0.0129352 0.0327641 0.0241904 0.0202438 0.0207299 0.017699 0.0251768 0.0141279 0.0123721 0.0122692 0.0168019 0.0255757 0.0108853 0.0101078 0.0107253 0.0166903
threshold=0.49897456169128424 0.89229884743690502 0.50153666734695446 0.13309555500745776 0.14949969947338107 0.20353773981332782 0.54372221231460582 0.5440458655357362 0.20900084078311923 0.24823594093322757 0.21744287759065631 0.059317039325833328 0.071223910897970213 0.47690545022487646 0.6263895332813264 0.6580030918121339 0.66973870992660534 0.021680841222405437 0.30000026524066931 0.61786010861396801 0.58394026756286632 0.36742486059665685 0.71406409144401561 0.029110939241945747 0.063332818448543562 0.35706225037574774 0.27950905263423925 0.35464857518672949 0.30060610175132757 0.29927712678909307
decision_type=2 2 2 2 2 2 2 2 2 2 2 2 2 2 2 2 2 2 2 2 2 2 2 2 2 2 2 2 2 2
left_child=-1 2 -2 6 -5 -6 -4 -8 -7 10 -10 14 -13 23 17 -16 -17 19 -19 20 27 26 -18 -14 -25 -26 -20 28 29 -11
right_child=1 -3 3 4 5 8 7 -9 9 11 -12 12 13 -15 15 16 22 18 21 -21 -22 -23 -24 24 25 -27 -28 -29 -30 -31
leaf_value=-0.050625116289869265 0.035420399800545468 -0.037326863642825323 -0.050624291001772015 0.033466504033346826 -0.050498707939860159 0.015318461823628969 0.043575530346157076 -0.050587475742617419 0.0042091232412040215 -0.0037699924916359583 -0.050548307219776489 0.029438170649443565 -0.051697926976358236 0.018028662653999963 -0.050838312435277956 0.028609657455230891 -0.03633672722111736 -0.050811885821850339 0.017646033188590666 0.032341719647391874 -0.050576169502065817 0.028670434337376469 0.0043681865706971922 0.017349020864394507 -0.0504528994521172 0.0037963717490477333 -0.050706621103678365 0.018832160560026075 -0.020964046681557335 0.047259289097832002
leaf_weight=0.017801047682951432 0.023276717296539462 0.03063810503363118 0.031968817127562832 0.036853568892183719 0.018697938318496088 0.080670174789702065 0.010671132360585034 0.014963229351451446 0.02099683289998211 0.070276479923904844 0.026665715799026657 0.064423672236443963 0.014012901372552733 0.083118138370082306 0.046972818029189511 0.042693810779383057 0.042480069950215693 0.034019930898011808 0.0091901050291198771 0.056296258155271062 0.021372413818426139 0.02284444565884769 0.033302205271866114 0.061906093927973416 0.034460739107089466 0.058791354458662681 0.015905576754448703 0.093750933980118134 0.049970031912380364 0.020756507394253276
leaf_count=52 6 75 110 25 77 75 2 49 13 113 72 18 25 47 137 36 56 102 9 38 48 6 22 24 95 21 46 46 152 7
internal_value=-0.00230732 -0.00157341 -0.00061362 -0.00136383 0.00036358 -0.000828283 -0.033164 -0.0113891 9.5944e-05 -0.00123277 -0.026426 0.000137126 0.00703838 0.00131845 -0.00376711 -0.0155013 -0.00149111 0.00115556 -0.0209615 0.00695768 0.0013783 0.000221339 -0.0184491 -0.00689171 -0.0028451 -0.0162511 -0.0256757 0.00610833 -0.00235157 0.00786524
internal_weight=1.18975 1.17195 1.14131 1.11803 1.06043 1.02358 0.0576032 0.0256344 1.00488 0.924207 0.0476625 0.876544 0.316713 0.252289 0.559832 0.165449 0.118476 0.394383 0.0819601 0.312423 0.256126 0.0479401 0.0757823 0.169171 0.155158 0.0932521 0.0250957 0.234754 0.141003 0.091033
internal_count=1604 1552 1477 1471 1310 1285 161 51 1208 1133 85 1048 230 212 818 251 114 567 163 404 366 61 78 165 140 116 55 318 272 120
is_linear=0
shrinkage=0.05


Tree=150
num_leaves=31
num_cat=0
split_feature=7 7 4 6 3 7 3 4 6 3 3 6 6 3 12 4 7 3 7 7 7 3 12 7 12 12 3 4 4 4
split_gain=0.0111108 0.0142326 0.0145743 0.0249436 0.0138656 0.0131991 0.0118373 0.0141455 0.0122379 0.0114819 0.0101879 0.00999502 0.0152487 0.014228 0.0132632 0.00900815 0.0305185 0.0089744 0.00782714 0.00793325 0.0201154 0.0105081 0.0134817 0.0114168 0.00762718 0.0115213 0.0149162 0.00708379 0.0131328 0.011068
threshold=0.32349976897239691 0.32395556569099432 0.39505125582218176 0.075549699366092696 0.59842529892921459 0.39661149680614477 0.74061912298202526 0.01591637916862965 0.27484457194805151 0.59530118107795726 0.55080971121788036 0.062526607885956778 0.016761357896029953 0.75870591402053844 21.500000000000004 0.60585561394691478 0.40085881948471075 0.62963494658470165 0.40936672687530523 0.36907215416431433 0.3600581586360932 0.35354222357273107 3.5000000000000004 0.35800749063491827 45.500000000000007 42.500000000000007 0.13309555500745776 0.30000026524066931 0.107896875590086 0.10330102965235712
decision_type=2 2 2 2 2 2 2 2 2 2 2 2 2 2 2 2 2 2 2 2 2 2 2 2 2 2 2 2 2 2
left_child=4 -2 3 11 9 -5 -6 -8 -9 10 27 12 13 17 -14 -4 -17 18 19 20 21 23 -23 24 25 26 -3 28 29 -1
right_child=1 2 15 5 6 -7 7 8 -10 -11 -12 -13 14 -15 -16 16 -18 -19 -20 -21 -22 22 -24 -25 -26 -27 -28 -29 -30 -31
leaf_value=-0.0031017275143267729 0.038350046856656481 -0.050360130246154135 0.030273964392446253 -0.050904044531575834 -0.037223499567490818 -0.0013796656978815056 0.015489540572251815 -0.031115450769139064 0.0088254104414883829 0.041414643781728017 -0.050346827095948503 0.034922731294871098 -0.050981414164979456 -0.023446937064899649 0.0030788995004307103 -0.022526704255447089 0.036107523195243005 0.033345121346919186 -0.020641934968924608 0.017891015184065186 -0.05070772095774341 0.021700215557438247 -0.050435789333553444 0.049293722512096155 -0.016857369821380051 0.048302558723411451 0.018640775243501852 0.014283359687177625 -0.05031856284264289 0.049259908638849159
leaf_weight=0.25076703294814706 0.029663148481631652 0.0104804051334213 0.065978524384263437 0.035816142346448032 0.049403339206946839 0.021548141026869416 0.041938349058909807 0.065899823328436469 0.027050664608395891 0.016381206747610122 0.010322092331989552 0.02293371589621529 0.024760443209743244 0.040532476130465511 0.020941330498317257 0.045797563541782438 0.04305578803177923 0.031487133723203442 0.026539882819633931 0.11221527229281492 0.017117306077125249 0.010943524957838235 0.015869970103722153 0.018873611494200304 0.025070147883525351 0.018904053053120151 0.030997654493603477 0.069869451319391374 0.014230105458409525 0.010515350251807831
leaf_count=491 15 42 25 51 136 6 38 95 17 4 45 5 30 35 19 42 8 28 17 57 30 11 77 3 34 4 54 93 80 10
internal_value=0.000152697 0.00449195 0.00292233 -0.00134117 -0.00506901 -0.0323009 -0.0162846 -0.00861571 -0.0194918 0.000486027 -0.00139885 0.00281155 0.000992014 0.00445462 -0.0262101 0.0162783 0.00588576 0.00800539 0.00522545 0.00786112 0.000269509 0.00692344 -0.0209946 0.0140988 0.00632544 0.0159507 0.00120608 6.40052e-05 -0.003542 -0.000994425
internal_weight=1.2259 0.669526 0.639863 0.485031 0.556377 0.0573643 0.184292 0.134889 0.0929505 0.372085 0.355704 0.427667 0.404733 0.359031 0.0457018 0.154832 0.0888534 0.318499 0.287012 0.260472 0.148257 0.131139 0.0268135 0.104326 0.0854523 0.0603821 0.0414781 0.345382 0.275512 0.261282
internal_count=1602 593 578 503 1009 57 286 150 112 723 719 446 441 392 49 75 50 357 329 312 255 225 88 137 134 100 96 674 581 501
is_linear=0
shrinkage=0.05


Tree=151
num_leaves=31
num_cat=0
split_feature=7 12 0 4 7 7 7 4 4 7 8 4 3 7 7 12 7 12 0 0 12 12 12 0 7 0 0 7 7 4
split_gain=0.0126761 0.00862204 0.00751609 0.00938378 0.0226954 0.0207746 0.0153031 0.0147816 0.0104508 0.00613968 0.0133734 0.0126797 0.0214364 0.0186491 0.0102219 0.0204854 0.0097501 0.0146931 0.0110869 0.0128085 0.0124115 0.0130815 0.00956104 0.0136716 0.0140278 0.00934989 0.00865645 0.00923456 0.0123088 0.0290509
threshold=0.19280478358268741 80.500000000000014 0.69979330897331249 0.6568669080734254 0.38034547865390783 0.47617350518703466 0.33987429738044744 0.78061798214912426 0.60585561394691478 0.35464857518672949 1.1000000238418581 0.061181470751762397 0.15932269394397738 0.30340439081192022 0.3444990366697312 122.50000000000001 0.3600581586360932 3.5000000000000004 0.63501799106597911 0.61477884650230419 10.500000000000002 25.500000000000004 51.500000000000007 0.63501799106597911 0.2997263371944428 0.49897456169128424 0.50153666734695446 0.34216937422752386 0.3229451328516007 0.0212542898952961
decision_type=2 2 2 2 2 2 2 2 2 2 2 2 2 2 2 2 2 2 2 2 2 2 2 2 2 2 2 2 2 2
left_child=1 -1 3 5 6 8 7 -5 9 10 11 14 -13 22 25 -16 -11 -18 19 20 -19 -22 23 24 -14 -2 -27 28 -28 -30
right_child=2 -3 -4 4 -6 -7 -8 -9 -10 16 -12 12 13 -15 15 -17 17 18 -20 -21 21 -23 -24 -25 -26 26 27 -29 29 -31
leaf_value=-0.050852977851069639 -0.05069461376144381 -0.0040184714618816007 -0.011605661292003367 0.04164359152453239 0.048491785638364732 -0.051319405111164645 -0.050909259016154666 -0.023600503701949386 -0.031522555359627787 0.027448003995332995 -0.050785927877532659 0.036965884672632954 -0.050598161183956547 -0.050427905271434662 -0.050635251890679238 0.037021783851821498 0.022051091220841729 -0.031574122643191226 -0.024875022448832232 0.031759564480382071 0.024392805715004157 -0.011559082731086363 -0.050631792450590601 0.018959001928499381 0.030875742916966271 0.040496871973151882 0.0082010050073892168 0.043114000127310224 -0.050483707022583049 0.024048452626026912
leaf_weight=0.02008448151286768 0.0069654507174161653 0.019241347530623898 0.10863612120283495 0.019686931776959682 0.035657896602060646 0.018733253993559629 0.012830192354158498 0.015528804426594434 0.022906954302015947 0.054080798137874808 0.012900527132615025 0.018453657303325599 0.01884212641925842 0.03671518140254193 0.021181951160542667 0.0097253841813653708 0.083611694222781807 0.030500882576234289 0.044551757018780336 0.031771209894941421 0.046371427641133778 0.055686731703644909 0.010785811433379422 0.038984520406302181 0.0073416422674199558 0.01920576737029478 0.3213704500235508 0.016165535902473493 0.029801500590110663 0.023292776335438248
leaf_count=55 29 17 91 12 6 10 17 65 28 34 56 22 63 139 62 2 30 18 31 14 28 42 38 37 6 4 515 10 123 13
internal_value=-1.49563e-05 -0.0279378 0.00092175 0.00220124 0.0182702 0.00082868 -0.00415912 0.0128734 0.001845 0.00265961 -0.000435717 0.000686447 -0.0129879 -0.0211696 0.00469132 -0.0230529 0.00794449 0.00433837 -0.00275171 0.00324616 -0.00358781 0.00477612 -0.00702655 0.000190419 -0.0277538 0.00674865 0.00772494 0.00611368 0.00451638 -0.017786
internal_weight=1.21161 0.0393258 1.17229 1.06365 0.0837038 0.979947 0.0480459 0.0352157 0.961214 0.938307 0.591732 0.578832 0.131123 0.112669 0.447709 0.0309073 0.346575 0.292494 0.208882 0.16433 0.132559 0.102058 0.0759541 0.0651683 0.0261838 0.416801 0.409836 0.39063 0.374465 0.0530943
internal_count=1617 72 1545 1454 100 1354 94 77 1344 1316 1119 1063 305 283 758 64 197 163 133 102 88 70 144 106 69 694 665 661 651 136
is_linear=0
shrinkage=0.05


Tree=152
num_leaves=31
num_cat=0
split_feature=8 12 12 0 4 7 4 7 0 0 7 12 6 4 0 7 7 0 0 6 7 12 7 7 0 0 7 7 0 7
split_gain=0.016534 0.0105506 0.0166701 0.042 0.0138459 0.016362 0.0154131 0.0148607 0.0134821 0.0217551 0.0147414 0.0133731 0.0121569 0.00978855 0.0094515 0.0246681 0.0141223 0.0132735 0.0147788 0.00994924 0.0145868 0.0107118 0.0134665 0.00894394 0.00880143 0.0157776 0.00856007 0.02519 0.0151146 0.0127551
threshold=1.1000000238418581 46.500000000000007 31.500000000000004 0.50492119789123546 0.6568669080734254 0.47617350518703466 0.053751876577734954 0.38034547865390783 0.65903398394584667 0.67179191112518322 0.18425646424293521 14.500000000000002 0.064117584377527251 0.60507392883300792 0.64769184589385997 0.26692919433116918 0.24956940859556201 0.60407859086990368 0.59540116786956798 0.019561945460736755 0.38515695929527288 6.5000000000000009 0.26919934153556829 0.36143228411674505 0.56881877779960643 0.58169397711753856 0.35122287273406988 0.32374675571918493 0.52118885517120372 0.32349976897239691
decision_type=2 2 2 2 2 2 2 2 2 2 2 2 2 2 2 2 2 2 2 2 2 2 2 2 2 2 2 2 2 2
left_child=1 2 4 -4 5 6 14 11 10 -10 -8 -6 23 -2 16 -16 -1 18 19 20 21 -18 -23 24 -12 -26 27 28 -3 -30
right_child=13 26 3 -5 7 -7 8 -9 9 -11 12 -13 -14 -15 15 -17 17 -19 -20 -21 -22 22 -24 -25 25 -27 -28 -29 29 -31
leaf_value=-0.050453577713838939 -0.050670314385349018 -0.050587620960412596 0.038650230418065597 -0.050627719958486278 -0.018480818135023929 -0.051315030048897176 0.04560233150548524 0.050292734665346409 0.030103425637448718 -0.01715749275125587 -0.050378713161520774 0.031229576450369695 -0.050858229239848174 0.0092382241968858129 0.017517767345039858 -0.051147206087587931 0.0011869425304446755 0.0202793240024857 -0.050978057959556136 0.027858102570423111 0.02159496990627666 0.019221741176771709 -0.050329301947651818 -0.050744572157199623 0.037203777977977137 -0.029062084261866135 0.021073528581970469 -0.050496248279701429 0.0079659848952993006 0.050371358019249135
leaf_weight=0.0099222260764688652 0.023758253985533995 0.010112202720847563 0.018407738221867476 0.046328376398378168 0.028234785712811572 0.015904764819424599 0.0070965273775982487 0.027818336617201567 0.040562063299148576 0.060922403878066689 0.0082645083530223928 0.025976927576266462 0.038426650407927809 0.0095628012772976945 0.028244348737644032 0.024361881053664547 0.055581710706064769 0.16730223072045192 0.012779297859196959 0.036732815526193008 0.046169671608367935 0.0092091324677312514 0.028491758349332486 0.013165329160983674 0.019584648645832203 0.016593048484537576 0.10991963155538542 0.019340227116117603 0.18481238133654188 0.019615158438682556
leaf_count=40 77 25 6 202 31 8 5 4 21 48 40 25 62 11 15 46 62 128 33 26 14 18 170 15 11 61 45 64 290 1
internal_value=0.00123552 0.00225923 -0.000936077 -0.0252415 0.00124518 -0.00123617 4.14676e-05 0.020584 -0.0112061 0.0017321 -0.0239378 0.00533919 -0.0290765 -0.0334772 0.00553682 -0.0142809 0.00838381 0.0100225 0.00094141 0.0047073 -0.0013908 -0.0127675 -0.0333402 -0.0145472 -0.00382431 0.00681067 0.00956513 0.00415638 0.00908318 0.0120349
internal_weight=1.1632 1.12988 0.786081 0.0647361 0.721345 0.639315 0.62341 0.08203 0.204615 0.101484 0.103131 0.0542117 0.0960342 0.0333211 0.418795 0.0526062 0.366189 0.356267 0.188964 0.176185 0.139452 0.0932826 0.0377009 0.0576075 0.0444422 0.0361777 0.3438 0.23388 0.21454 0.204428
internal_count=1604 1516 1091 208 883 823 815 60 263 69 194 56 189 88 552 61 491 451 323 290 264 250 188 127 112 72 425 380 316 291
is_linear=0
shrinkage=0.05


Tree=153
num_leaves=31
num_cat=0
split_feature=12 12 12 3 3 4 12 12 4 6 4 3 6 0 0 3 4 0 3 3 4 0 3 3 12 12 0 3 12 0
split_gain=0.0104727 0.0123542 0.00948356 0.0192522 0.0185353 0.0223626 0.0195443 0.025338 0.0151321 0.0123458 0.0111211 0.0100007 0.00937074 0.00701651 0.0203803 0.0142972 0.0136869 0.0135911 0.00912008 0.00965634 0.0179332 0.00910099 0.0191319 0.00867115 0.00700655 0.00612184 0.00578288 0.0225048 0.00769486 0.00748028
threshold=13.500000000000002 15.500000000000002 3.5000000000000004 0.86529290676116954 0.79739060997962963 0.031087412498891357 6.5000000000000009 5.5000000000000009 0.22142051160335544 0.094888828694820418 0.021680841222405437 0.81364682316780101 0.27484457194805151 0.58017861843109142 0.63597232103347789 0.39707186818122869 0.24625033140182498 0.58299937844276439 0.33712284266948706 0.3519608229398728 0.46106496453285223 0.64045259356498729 0.63763511180877697 0.29435105621814733 50.500000000000007 84.500000000000014 0.54746359586715709 0.23826970905065539 55.500000000000007 0.49692556262016302
decision_type=2 2 2 2 2 2 2 2 2 2 2 2 2 2 2 2 2 2 2 2 2 2 2 2 2 2 2 2 2 2
left_child=2 -2 3 10 5 6 7 -4 -7 -10 -1 -12 13 18 15 16 24 -17 23 -20 -21 -16 25 26 -15 -23 28 -28 -3 -30
right_child=1 12 4 -5 -6 8 -8 -9 9 -11 11 -13 -14 14 21 17 -18 -19 19 20 -22 22 -24 -25 -26 -27 27 -29 29 -31
leaf_value=0.00050911612311020117 0.027916135672651023 0.020527601140408764 -0.050819406507106084 0.018946853076476172 -0.041460527304130398 0.024647577756844202 -0.050794002980689028 0.018257237532228916 -0.050897732927825623 0.016312752315039258 -0.05067281922042538 -0.0012005090174384626 0.037649803695738789 -0.008374041026148955 0.036528764676604389 0.021705886760347164 0.026988187306526364 -0.050456810935962576 0.039347022574777041 -0.050238958147123293 0.031825291256201919 -0.050534164774078544 0.011956595731797727 -0.026268960751283682 -0.050432696998396358 -5.6418486392706121e-05 -0.050335026151424517 0.023762149365400352 0.022446353627206681 -0.018433950969280057
leaf_weight=0.084113055545458337 0.057171454207491479 0.086642903639813085 0.019713827335181122 0.10473540476232301 0.041577103866984544 0.069711896259832429 0.03613944720609652 0.040648841726579121 0.014486417553598585 0.012932041863678023 0.025506961687824514 0.017039142898283899 0.019513992823704029 0.0404218685152955 0.024395452630415093 0.0077384424621413919 0.02366008761964622 0.041605031261269687 0.041174221056280658 0.010555126387771452 0.018026667887170333 0.018536859550749796 0.12448809414308926 0.02266720937404898 0.013115070577441656 0.0088857654600360547 0.018731510884776981 0.02262427658888555 0.017159836548671592 0.032164715103135677
leaf_count=84 53 111 46 32 39 48 132 20 33 15 55 6 19 73 19 7 16 217 13 51 22 61 144 33 45 15 85 34 11 48
internal_value=0.00161393 0.00572022 -0.00409996 0.00308678 -0.0111701 -0.00466614 -0.0217133 -0.00430248 0.0122707 -0.0191976 -0.010028 -0.0308598 0.00357708 0.00241588 -0.00280777 -0.0181181 -0.00468127 -0.0391397 0.00828051 0.0238475 0.00151934 0.0081809 0.0036285 0.00285079 -0.0186772 -0.0341778 0.00657316 -0.0097991 0.0115529 -0.00421184
internal_weight=1.11588 0.649279 0.466604 0.231395 0.23521 0.193632 0.0965021 0.0603627 0.0971304 0.0274185 0.126659 0.0425461 0.592107 0.572593 0.302847 0.126541 0.077197 0.0493435 0.269746 0.069756 0.0285818 0.176306 0.151911 0.19999 0.0535369 0.0274226 0.177323 0.0413558 0.135967 0.0493246
internal_count=1587 1077 510 177 333 294 198 66 96 48 145 61 1024 1005 597 358 134 224 408 86 73 239 220 322 118 76 289 119 170 59
is_linear=0
shrinkage=0.05


Tree=154
num_leaves=31
num_cat=0
split_feature=4 3 12 7 7 3 3 6 3 7 7 3 4 7 3 3 7 12 3 6 3 8 3 7 7 3 7 4 7 7
split_gain=0.0136043 0.00826418 0.0154148 0.0180439 0.00956393 0.00940545 0.0181507 0.0131435 0.00860491 0.0101135 0.00913253 0.00818699 0.0130736 0.0135808 0.00818022 0.00757968 0.0138925 0.0138999 0.00916206 0.0111073 0.0090957 0.0140062 0.0103605 0.017798 0.00857652 0.00830697 0.0177936 0.0137037 0.0147091 0.0130029
threshold=0.91189938783645641 0.9999937415122987 5.5000000000000009 0.29099465906620031 0.16157821565866473 0.86529290676116954 0.81674510240554821 0.05555491894483567 0.37627542018890386 0.34216937422752386 0.39318042993545538 0.65760493278503429 0.23889241367578509 0.27906808257102972 0.72211223840713512 0.53623488545417797 0.29927712678909307 61.500000000000007 0.50132492184638988 0.086430422961711897 0.49115876853466039 1.1000000238418581 0.46044802665710455 0.39028607308864599 0.38767705857753759 0.33712284266948706 0.3600581586360932 0.10575854033231737 0.29026083648204809 0.35668857395648962
decision_type=2 2 2 2 2 2 2 2 2 2 2 2 2 2 2 2 2 2 2 2 2 2 2 2 2 2 2 2 2 2
left_child=1 2 3 -1 -4 6 11 -7 -5 -10 -11 15 13 -13 -15 18 17 -17 20 -20 21 22 23 24 25 26 29 28 -27 -6
right_child=-2 -3 4 8 5 7 -8 -9 9 10 -12 12 -14 14 -16 16 -18 -19 19 -21 -22 -23 -24 -25 -26 27 -28 -29 -30 -31
leaf_value=0.011134242265274499 -0.051030947066751181 0.013825243482783012 -0.050424289781230307 -0.050702634871435372 -0.00151380861000458 0.007867223036828401 0.03409600968869788 -0.051327949778511586 -0.050692847019052203 0.0075618884796358754 -0.02744243978188031 0.032250695376705364 -0.050786772555000075 0.017218635458905739 -0.050487557613168269 -0.05055253261421612 0.025371753524608683 0.017935807405796485 -0.050946052006194953 0.006257595145581542 0.030571138353128781 -0.050631551798117305 -0.0325107078851457 -0.050401358354511622 0.045280532542241861 -0.0044582504232492191 -0.036771912210973645 -0.017859991661041269 0.030915999117423681 0.036835604730204953
leaf_weight=0.045713942066413216 0.013455519891067635 0.092540644436667208 0.0088828532061597798 0.02685898573781742 0.16520720155199342 0.018196790191723267 0.044142298589576967 0.019347600769833662 0.019479563424283697 0.036655834790508379 0.037897710571996868 0.017446562365876161 0.019160401591761911 0.0066759175060724365 0.01344724346017756 0.014131548582554387 0.080336511224231799 0.015571421564345655 0.018631031991390046 0.015584093576762825 0.02613642917094694 0.013140316566932597 0.020988819538160897 0.014771614136407152 0.0130963996052742 0.043410859291725501 0.031818888059206074 0.030053745083023387 0.090965338023124787 0.025517701629723888
leaf_count=55 63 36 28 57 409 25 25 16 49 36 19 23 48 29 35 52 88 23 48 12 25 42 59 23 2 65 37 64 87 11
internal_value=-0.00108186 -0.000426683 -0.00183987 -0.0156244 0.0011557 0.00176033 0.00303215 -0.0226376 -0.0257429 -0.0186136 -0.0102318 0.00100398 -0.0171761 -3.47227e-05 -0.0280258 0.00266917 0.0145691 -0.0146484 9.81757e-05 -0.0248913 0.00189781 0.000228614 0.00176205 0.00349607 0.0054861 0.00413934 -0.00215766 0.0126619 0.0194882 0.00361708
internal_weight=1.03926 1.02581 0.933268 0.166606 0.766662 0.757779 0.720234 0.0375444 0.120892 0.0940331 0.0745535 0.676092 0.0567301 0.0375697 0.0201232 0.619362 0.110039 0.029703 0.509322 0.0342151 0.475107 0.448971 0.435831 0.414842 0.40007 0.386974 0.222544 0.16443 0.134376 0.190725
internal_count=1591 1528 1492 216 1276 1248 1207 41 161 104 55 1182 135 87 64 1047 163 75 884 60 824 799 757 698 675 673 457 216 152 420
is_linear=0
shrinkage=0.05


Tree=155
num_leaves=31
num_cat=0
split_feature=7 3 12 0 3 3 12 12 3 7 7 12 3 3 7 7 0 3 7 7 3 3 3 4 4 7 7 3 4 3
split_gain=0.0120661 0.00562226 0.0163908 0.0138667 0.0129708 0.0111928 0.0124666 0.00598724 0.0181658 0.010017 0.0171732 0.00913897 0.00897055 0.0126799 0.00863628 0.00824732 0.0238256 0.00990681 0.00646073 0.0124253 0.0111492 0.010664 0.0055256 0.0174422 0.0132124 0.0117453 0.0117916 0.0228041 0.0154012 0.0195117
threshold=0.17414723336696628 0.11837169528007509 72.500000000000014 0.54372221231460582 0.1386145502328873 0.20353773981332782 87.500000000000014 46.500000000000007 0.27557374536991125 0.29927712678909307 0.28075930476188665 33.500000000000007 0.35354222357273107 0.37627542018890386 0.35800749063491827 0.32374675571918493 0.60060697793960582 0.34672090411186224 0.21744287759065631 0.24823594093322757 0.63763511180877697 0.33219572901725775 0.74061912298202526 0.058585543185472495 0.88255083560943615 0.39661149680614477 0.39318042993545538 0.60102730989456188 0.021412626840174202 0.41332446038722997
decision_type=2 2 2 2 2 2 2 2 2 2 2 2 2 2 2 2 2 2 2 2 2 2 2 2 2 2 2 2 2 2
left_child=-1 2 3 -2 -3 6 -6 8 -7 10 18 12 -10 -14 -13 -11 17 -17 -9 -20 21 -21 23 25 -25 26 27 28 29 -15
right_child=1 4 -4 -5 5 7 -8 9 11 15 -12 14 13 22 -16 16 -18 -19 19 20 -22 -23 -24 24 -26 -27 -28 -29 -30 -31
leaf_value=-0.050398537744395969 -0.050484005961231183 0.027745234221040634 0.020096387041906437 0.010704794576209632 -0.050392396384460331 -0.050307956367704389 0.035096577491184652 0.016714906617996083 0.016532389312544853 0.030035570794466088 -0.050570068796102985 -0.050391586292901483 -0.050725335230506034 0.024349683633699173 0.0092617801216155066 0.0039466686021011436 -0.034050950502958373 0.04189827679253294 -0.050550946806637902 0.030284164775154433 0.043777845949722061 -0.050311568637058629 0.005575767097139756 -0.038947516490240378 0.025054401691982715 -0.032463219481142891 0.043601438579506574 -0.050440807553994715 0.030117095578009147 -0.031619730211029567
leaf_weight=0.011586387955958455 0.02978150973126481 0.046180889013157866 0.023963831494256738 0.013436600868317328 0.019976407768695026 0.018255825931191794 0.0054219809753703876 0.050238790918228915 0.08592854905373315 0.062161571646811353 0.016656884052508758 0.016598169097960636 0.01248415502232092 0.028318208102064091 0.0095629789748272742 0.036102901620324701 0.026122241672055679 0.032833889097673818 0.01298007112563937 0.006824405303632374 0.012602589222296956 0.010297031161826453 0.24441450214817451 0.049773146443840233 0.0096227180711139226 0.020809732552152127 0.019776902976445854 0.017809938130994851 0.053221744363327161 0.034594418101733027
leaf_count=44 124 32 25 29 92 95 5 24 90 72 60 118 30 31 10 31 45 22 32 9 15 49 161 129 16 14 3 61 24 105
internal_value=0.00034058 0.000913146 -0.01307 -0.0314603 0.00189214 0.00058501 -0.0321424 0.00152108 -0.00116973 0.00778542 -0.00381782 0.000318143 0.00162921 -0.000979886 -0.0285858 0.0158741 0.0066136 0.0220226 0.00456095 -0.00973745 0.00808524 -0.018187 0.000318412 -0.00517465 -0.0285786 0.00279011 0.00756247 0.0022413 0.0103204 -0.0064268
internal_weight=1.03834 1.02675 0.0671819 0.0432181 0.959571 0.91339 0.0253984 0.887991 0.621171 0.26682 0.1096 0.602915 0.576754 0.490825 0.0261611 0.157221 0.095059 0.0689368 0.0929429 0.0427041 0.029724 0.0171214 0.478341 0.233927 0.0593959 0.174531 0.153721 0.133944 0.116134 0.0629126
internal_count=1597 1553 178 153 1375 1343 97 1246 887 359 189 792 664 574 128 170 98 53 129 105 73 58 544 383 145 238 224 221 160 136
is_linear=0
shrinkage=0.05


Tree=156
num_leaves=31
num_cat=0
split_feature=7 7 4 0 0 0 6 7 7 6 0 4 6 3 3 3 0 4 7 7 3 7 7 7 4 7 7 7 3 3
split_gain=0.00675946 0.0192126 0.0142348 0.0110201 0.0113814 0.0116097 0.00559348 0.016389 0.0263469 0.0155125 0.0129257 0.0113078 0.00709431 0.0114934 0.0229575 0.0100212 0.00963818 0.0081363 0.00637682 0.00672474 0.0104332 0.00526537 0.0100999 0.00908321 0.0084665 0.00528971 0.0257572 0.0108276 0.00897457 0.0133495
threshold=0.2869544923305512 0.27743867039680487 0.56326329708099376 0.54031535983085643 0.54661411046981823 0.57647201418876659 0.059317039325833328 0.40085881948471075 0.35876084864139562 0.046083770692348487 0.66973870992660534 0.35316270589828497 0.064117584377527251 0.60305544734001171 0.9999937415122987 0.55229496955871593 0.62240064144134533 0.045974882319569595 0.29099465906620031 0.30037905275821691 0.046768065541982658 0.30340439081192022 0.31380061805248266 0.31446340680122381 0.30000026524066931 0.37243685126304632 0.3600581586360932 0.35464857518672949 0.1386145502328873 0.9999937415122987
decision_type=2 2 2 2 2 2 2 2 2 2 2 2 2 2 2 2 2 2 2 2 2 2 2 2 2 2 2 2 2 2
left_child=1 2 3 -1 -5 -6 9 8 12 10 18 -12 -8 15 -15 16 17 -14 -2 20 -20 -21 24 -24 -23 26 27 28 -25 -30
right_child=6 -3 -4 4 5 -7 7 -9 -10 -11 11 -13 13 14 -16 -17 -18 -19 19 21 -22 22 23 25 -26 -27 -28 -29 29 -31
leaf_value=-0.050279781368161448 0.023998566885935244 -0.05043024695931967 -0.05041998474157719 0.039958681139015545 -0.050324437360632815 0.0021144735271966873 0.031449786421215341 0.038364343649882754 -0.039869363330947011 -0.050693772277078275 -0.050684453001345275 -0.00060920836972999204 0.013638948701552545 -0.050696573843488468 0.016479107853442306 0.040654757605297416 0.029186429983617347 -0.050820721291674732 0.022095332680466751 0.028694044371133699 -0.050361319130300723 -0.050379100768670942 0.039895975504724096 0.013076088155746794 0.016983438066527381 0.0080388843475869918 -0.050680925753848333 0.029164206792296123 -0.022758276491010219 0.038247413671032751
leaf_weight=0.010343922212314283 0.032706613855680189 0.024108000064188673 0.015012894931714982 0.018529418302932754 0.011274143075297616 0.16543904931586439 0.03232817881507799 0.037440561631228775 0.031088080126210116 0.015410846125632816 0.022261806505412096 0.022841059797428898 0.0088048829056788236 0.02243998524681956 0.029358760406466899 0.029291098915564362 0.016903339663258521 0.011025489695839497 0.0075257881471770807 0.018394959342913353 0.01461921846430414 0.016213645649031605 0.016227047752181534 0.049977577489698888 0.0065484508704685132 0.16792825253651245 0.025677227764390409 0.032244762041955255 0.064522021228185622 0.010414855583803728
leaf_count=69 41 117 65 7 64 246 11 9 25 27 38 21 10 52 11 9 15 36 8 24 77 87 6 66 14 89 49 27 284 4
internal_value=-0.000843725 -0.00805022 -0.00341876 1.34861e-05 0.00267802 -0.00123108 0.00153232 0.00824833 0.00202695 -0.00127307 0.000225865 -0.0253253 0.0107014 0.00500844 -0.0126224 0.0188404 0.00144592 -0.0222 0.00271491 0.00109714 -0.0257376 0.00255312 0.00131936 0.00332389 -0.0309995 0.00163199 -0.00425249 0.00333315 -0.00333474 -0.0142796
internal_weight=0.986902 0.244707 0.220599 0.205587 0.195243 0.176713 0.742195 0.21868 0.18124 0.523514 0.508103 0.0451029 0.150152 0.117824 0.0517987 0.0660248 0.0367337 0.0198304 0.463 0.430294 0.022145 0.408149 0.389754 0.366992 0.0227621 0.350765 0.182836 0.157159 0.124914 0.0749369
internal_count=1608 568 451 386 317 310 1040 178 169 862 835 59 144 133 63 70 61 46 776 735 85 650 626 525 101 519 430 381 354 288
is_linear=0
shrinkage=0.05


Tree=157
num_leaves=31
num_cat=0
split_feature=0 4 4 7 4 12 8 7 0 12 0 0 0 0 7 7 0 7 7 7 0 6 4 0 12 7 7 0 0 0
split_gain=0.0088239 0.00837417 0.0119529 0.00681494 0.0178804 0.00901196 0.0130925 0.0102635 0.0203125 0.0138804 0.0112438 0.0170317 0.0108148 0.0100679 0.0197856 0.0101434 0.00842972 0.00909659 0.00871152 0.00929267 0.010589 0.00822153 0.0129925 0.00777293 0.0139554 0.0152062 0.00606241 0.00547658 0.00801351 0.0107212
threshold=0.7046715021133424 0.46106496453285223 0.2547349631786347 0.41552206873893743 0.66435369849205028 23.500000000000004 1.1000000238418581 0.34216937422752386 0.555088371038437 7.5000000000000009 0.5440458655357362 0.63501799106597911 0.68672966957092296 0.65442833304405224 0.20585947483778003 0.37388662993907934 0.65153902769088756 0.37243685126304632 0.35876084864139562 0.35668857395648962 0.49897456169128424 0.27484457194805151 0.46771433949470526 0.5962006449699403 5.5000000000000009 0.37560312449932104 0.25060823559761053 0.50153666734695446 0.54031535983085643 0.54181236028671276
decision_type=2 2 2 2 2 2 2 2 2 2 2 2 2 2 2 2 2 2 2 2 2 2 2 2 2 2 2 2 2 2
left_child=3 2 -2 4 5 7 13 9 -9 10 -1 26 -11 15 -15 16 17 18 19 20 -7 22 27 -10 25 -25 -12 -22 -29 -30
right_child=1 -3 -4 -5 -6 6 -8 8 23 12 11 -13 -14 14 -16 -17 -18 -19 -20 -21 21 -23 -24 24 -26 -27 -28 28 29 -31
leaf_value=0.026993338298044463 -0.02715258800624289 -0.035446128689736671 0.021067765249647367 0.012988914186038942 -0.039372530849383455 -0.05071355459015503 -0.050644233488167739 -0.050809493638960493 0.022465457150852231 -0.037887499250169029 0.010305529850320613 0.014311866344530307 0.019454415990563426 0.026606633262132473 -0.050501471338035432 -0.028604484236375884 0.049999477562212645 0.050273086133692961 -0.023837824347968724 0.043551876209392458 0.037820770532664992 0.044380442793245059 -0.050774628704477846 0.0073950148912921539 0.015352968211695793 -0.051142759138219099 -0.039846238460265242 -0.017983068473249816 0.047450920257928922 0.0071868683090778292
leaf_weight=0.025147445627226261 0.026341299238083593 0.034577869892018498 0.025094778451602906 0.0952645001525525 0.029483378139502747 0.0074266690062358967 0.0099935521102452185 0.015977652069523174 0.060776909347623587 0.063856119899753594 0.0071712924209350595 0.036050134400284151 0.0094380124155577505 0.014245327212847769 0.019998630432382924 0.01612041614134796 0.013991348147101235 0.01357358181849122 0.019544296487765678 0.019967513086157851 0.016248731124505866 0.016128297820614534 0.0091975391205778578 0.022588887737583718 0.062136178858054336 0.02180121662968304 0.03772300421996988 0.026444547836945276 0.018577852984890342 0.15019654050342979
leaf_count=29 30 40 13 38 107 18 37 50 41 288 17 41 10 7 67 19 4 2 23 6 4 6 37 26 54 14 101 80 3 403
internal_value=-0.00114976 -0.0164182 -0.00362671 0.000378987 -0.00119377 0.000339128 0.00581081 -0.00526815 0.00305329 -0.0137703 -0.00220995 -0.0112827 -0.0305036 0.00737079 -0.0184249 0.0100687 0.0120714 0.0102865 0.00837354 0.0107565 0.00807514 0.00991895 0.00740018 0.00819725 5.67519e-05 -0.0213545 -0.0318351 0.00993043 0.00760902 0.0116189
internal_weight=0.945084 0.0860139 0.0514361 0.85907 0.763805 0.734322 0.371655 0.362667 0.183281 0.179386 0.106092 0.0809444 0.0732941 0.361661 0.034244 0.327417 0.311297 0.297306 0.283732 0.264188 0.24422 0.236794 0.220665 0.167303 0.106526 0.0443901 0.0448943 0.211468 0.195219 0.168774
internal_count=1615 83 43 1532 1494 1387 716 671 185 486 188 159 298 679 74 605 586 582 580 557 551 533 527 135 94 40 118 490 486 406
is_linear=0
shrinkage=0.05


Tree=158
num_leaves=31
num_cat=0
split_feature=3 8 3 4 12 7 3 7 7 4 4 7 12 7 12 7 12 12 3 3 12 12 4 3 4 4 4 7 7 6
split_gain=0.00601737 0.0156032 0.01492 0.0140187 0.0163249 0.0171927 0.015241 0.010449 0.01268 0.00838261 0.00969712 0.012723 0.0132258 0.00854957 0.00958201 0.00709661 0.00603522 0.0141775 0.00913853 0.0136322 0.00887439 0.0126275 0.0155894 0.0107444 0.00844681 0.0141703 0.0169628 0.00691342 0.0124298 0.00777504
threshold=0.7825666368007661 1.1000000238418581 0.59842529892921459 0.23577226698398593 4.5000000000000009 0.38307331502437597 0.74061912298202526 0.41552206873893743 0.36907215416431433 0.10190830007195474 0.14116536080837253 0.35706225037574774 14.500000000000002 0.3215776532888413 92.500000000000014 0.40936672687530523 24.500000000000004 16.500000000000004 0.59530118107795726 0.52665024995803844 26.500000000000004 42.500000000000007 0.24625033140182498 0.54906725883483898 0.54029431939125072 0.30000026524066931 0.029587306082248691 0.34216937422752386 0.32241795957088476 0.019561945460736755
decision_type=2 2 2 2 2 2 2 2 2 2 2 2 2 2 2 2 2 2 2 2 2 2 2 2 2 2 2 2 2 2
left_child=1 2 15 4 -4 6 -6 8 9 -2 -11 12 -12 14 -14 16 17 18 19 27 -18 22 -22 24 25 26 -23 28 29 -1
right_child=7 -3 3 -5 5 -7 -8 -9 -10 10 11 -13 13 -15 -16 -17 20 -19 -20 -21 21 23 -24 -25 -26 -27 -28 -29 -30 -31
leaf_value=-0.01038421329169667 -0.013852944302199903 -0.050512504169609874 -0.050653432406795817 -0.050594660430452944 -0.050415687779971886 0.03995291800831649 0.016647397330490792 0.027185154074465191 -0.032375559036137057 0.041249438103635232 -0.026513834603234743 0.036844195281144215 -0.025190456720182414 0.039613486659265562 0.028020904145972025 -0.023272644326232911 0.031354795768090388 -0.035020464300115815 0.04463397359754441 -0.050409565124965618 -0.050363901424514773 0.0081555422750354406 0.011046349295151027 0.042745808285364811 -0.02838565978253061 0.0397006324820003 -0.050315144541012928 0.012630155661090509 -0.050367744294660434 0.021476434170643318
leaf_weight=0.053633088341030088 0.038499589707498671 0.015884147443784968 0.016725385616155108 0.025181286504448508 0.016868046513081936 0.022098713845480233 0.017020660316120484 0.05312042566947639 0.023364822256553452 0.024237292353063822 0.03505267789842037 0.026520142542722169 0.019388003920539632 0.019292707092972705 0.015010448434622958 0.025248500707675703 0.0372865279969119 0.028726485049219264 0.012068647716660053 0.012653939055780938 0.020972574430743407 0.14728664031053995 0.020373986216327467 0.022474001957561995 0.016138611739734188 0.031922450922138523 0.013544681369239697 0.096555369393627188 0.013718406321459042 0.029781105881738767
leaf_count=143 55 74 31 87 87 7 30 11 14 3 36 9 41 11 8 21 32 137 2 37 144 210 34 26 32 19 73 88 63 33
internal_value=0.000879848 -0.00152529 -0.000381464 -0.0184423 -0.00730758 0.00564133 -0.0167331 0.00745926 0.00225555 0.00680131 0.0125015 0.00645646 -0.00262459 0.0129717 -0.00197062 0.00265441 0.00382939 -0.00199899 0.00234417 -0.000129304 0.00847587 0.00534776 -0.0201033 0.00989602 0.00636182 0.00927111 0.00323133 0.00315558 -0.00626268 0.000990893
internal_weight=0.950649 0.696163 0.680279 0.0978941 0.0727128 0.0559874 0.0338887 0.254486 0.201366 0.178001 0.139501 0.115264 0.0887438 0.0536912 0.0343985 0.582385 0.557137 0.247137 0.218411 0.206342 0.309999 0.272713 0.0413466 0.231366 0.208892 0.192754 0.160831 0.193688 0.0971326 0.0834142
internal_count=1598 1410 1336 242 155 124 117 188 177 163 108 105 96 60 49 1094 1073 503 366 364 570 538 178 360 334 302 283 327 239 176
is_linear=0
shrinkage=0.05


Tree=159
num_leaves=31
num_cat=0
split_feature=4 7 3 4 7 4 4 6 3 3 4 7 7 7 7 3 7 12 3 7 3 7 12 12 7 12 6 7 7 6
split_gain=0.00674521 0.0080529 0.00787723 0.00630248 0.0230423 0.0150018 0.00918516 0.0128775 0.00976374 0.0199485 0.0167278 0.00934932 0.0209208 0.0108991 0.0139728 0.00864023 0.00745988 0.00687926 0.0115189 0.00981576 0.00818075 0.00770202 0.00747751 0.0126938 0.0064648 0.00693519 0.0133791 0.00626276 0.00588007 0.0170513
threshold=0.90604233741760265 0.16157821565866473 0.47482645511627203 0.72560054063797008 0.45487730205059057 0.60585561394691478 0.57699853181839 0.17240441590547564 0.33712284266948706 0.25693033635616308 0.0212542898952961 0.38216309249401098 0.36968341469764715 0.36645796895027166 0.35876084864139562 0.38075001537799841 0.29026083648204809 24.500000000000004 0.1386145502328873 0.35101528465747839 0.13309555500745776 0.32112815976142889 55.500000000000007 72.500000000000014 0.37243685126304632 42.500000000000007 0.019561945460736755 0.30432119965553289 0.34313413500785833 0.10048875212669374
decision_type=2 2 2 2 2 2 2 2 2 2 2 2 2 2 2 2 2 2 2 2 2 2 2 2 2 2 2 2 2 2
left_child=1 -1 -2 4 5 6 7 8 9 17 -11 12 13 14 15 16 -10 18 19 20 21 -3 24 -24 25 26 -19 -25 -17 -30
right_child=2 3 -4 -5 -6 -7 -8 -9 11 10 -12 -13 -14 -15 -16 28 -18 22 -20 -21 -22 -23 23 27 -26 -27 -28 -29 29 -31
leaf_value=-0.050350649301412434 0.025448335244101658 -0.050221202813300996 -0.050803794642519773 0.018660510648849098 -0.051399614107739383 -0.036506138230999095 0.037066918306645116 -0.035623499675919663 -0.0035821047725256455 -0.050649293376412177 0.0037919895062362707 0.020824500117406507 -0.050528338302137238 0.0427773564438323 -0.050746815400624458 0.0037418502451552413 0.030332423712374431 -0.050415978990067334 -0.05030854800884365 -0.050461634136895396 0.050314400788011519 0.020929811904748685 -0.050617229346721748 0.030911859829548458 0.043162041798741363 0.02178197897556549 0.037376323822137507 -0.010634253506212265 -0.050504355649878256 0.042854561135473396
leaf_weight=0.0077135991887189439 0.0045897775707999236 0.0061139395465943372 0.012924110912990727 0.047570706614351366 0.021289264419465326 0.025417445176572073 0.018784031958603009 0.022460217928710335 0.022960816515478655 0.037910593235665146 0.022474565233551402 0.09533420488514821 0.017202219547471032 0.018970813602209091 0.011330749676744745 0.26229794381993088 0.055183947665682354 0.010905834117693303 0.014551934670976152 0.0068671902790811137 0.010750172659754753 0.010064864727610257 0.01214780645477731 0.016725763744034339 0.01997853783541359 0.040189321505749831 0.0072077101431204929 0.019819272405584343 0.016291900573378371 0.0069889576407149425
leaf_count=30 6 50 61 50 14 44 16 62 40 117 45 35 27 10 19 527 40 69 89 26 2 21 37 32 7 34 8 24 63 2
internal_value=-9.35345e-05 0.000514202 -0.0308208 0.000961178 -5.29747e-05 0.00129836 0.00252475 0.00167629 0.00280494 -0.00560179 -0.030387 0.00671666 0.00344606 0.00580245 0.00393221 0.00563557 0.0203675 0.00293481 -0.0131157 0.00289871 0.0165062 -0.00595802 0.0090464 -0.00633824 0.018616 0.0102049 -0.0154818 0.00838038 0.00160438 -0.0224778
internal_weight=0.903018 0.885504 0.0175139 0.877791 0.83022 0.808931 0.783513 0.764729 0.742269 0.235708 0.0603852 0.506562 0.411227 0.394025 0.375054 0.363724 0.0781448 0.175322 0.0483481 0.0337962 0.026929 0.0161788 0.126974 0.0486928 0.0782814 0.0583029 0.0181135 0.036545 0.285579 0.0232809
internal_count=1607 1540 67 1510 1460 1446 1402 1386 1324 561 162 763 728 701 691 672 80 399 188 99 73 71 211 93 118 111 77 56 592 65
is_linear=0
shrinkage=0.05


Tree=160
num_leaves=31
num_cat=0
split_feature=4 4 7 4 7 7 3 7 8 7 6 12 4 12 7 6 12 7 7 7 7 7 7 7 3 3 3 3 7 12
split_gain=0.0119433 0.0169486 0.0138915 0.012875 0.011666 0.0170411 0.0133996 0.0111462 0.010959 0.00914509 0.00938279 0.0090988 0.00816744 0.013339 0.00973439 0.00678792 0.0100684 0.0082258 0.00666042 0.014428 0.00847656 0.00719153 0.0156721 0.00840912 0.011389 0.0164446 0.0148739 0.0110843 0.00784265 0.00616512
threshold=0.10190830007195474 0.107896875590086 0.45487730205059057 0.061181470751762397 0.43887381255626684 0.3952689021825791 0.91124361753463756 0.33768509328365331 1.1000000238418581 0.3229451328516007 0.52060812711715709 4.5000000000000009 0.39505125582218176 10.500000000000002 0.37243685126304632 0.054983092471957214 24.500000000000004 0.25515463948249822 0.37243685126304632 0.35876084864139562 0.19280478358268741 0.20900084078311923 0.24956940859556201 0.25203402340412145 0.60305544734001171 0.89974045753479015 0.57091325521469127 0.50132492184638988 0.27551971375942236 84.500000000000014
decision_type=2 2 2 2 2 2 2 2 2 2 2 2 2 2 2 2 2 2 2 2 2 2 2 2 2 2 2 2 2 2
left_child=2 -2 3 4 5 6 8 9 18 10 11 -3 13 -9 -15 29 17 -17 19 20 -1 -22 -23 -24 26 -26 27 28 -25 -13
right_child=1 7 -4 -5 -6 -7 -8 12 -10 -11 -12 15 -14 14 -16 16 -18 -19 -20 -21 21 22 23 24 25 -27 -28 -29 -30 -31
leaf_value=-0.050361574245993981 0.042699807932803049 -0.050504209139217743 -0.051492849111536766 -0.050550749618991676 0.037252969294715388 -0.041510850611512953 -0.050556135368497984 -0.03454712344772664 -0.050473330115927209 -0.050655297813502781 0.047583532434074337 -0.003939377868332798 0.021022335772937287 -0.0074184418161363569 0.035421617433061089 0.032784756367714545 -0.050354480911146554 -0.026089449156830164 0.016460578218408971 -0.050513205888441083 0.024864910529725046 -0.050422077300961814 0.048888793039246509 -0.026154160997056027 -0.050484271503588286 0.05074579781110479 0.043419673111981819 -0.050241136404259513 0.0057297840635610522 0.025964118038643503
leaf_weight=0.0079525331134391308 0.029538523580413312 0.010882304237384233 0.01592113432707265 0.014443753241948798 0.017652813578024507 0.028647126528085209 0.013587863264547195 0.021054048113001045 0.010527742155318265 0.011066602740356757 0.008465593055007048 0.052901294708135538 0.1001681524412561 0.028582016395375831 0.02473604294937104 0.01098290982281469 0.015915472313508872 0.012903115182325564 0.060803382682934171 0.014380191032614675 0.030823619677221359 0.014934981172473272 0.0093024058569426415 0.021457318759303234 0.020873754579042725 0.0049663502722978583 0.021672017829587276 0.010451118479977595 0.19065917351491635 0.025565757427102653
leaf_count=35 15 34 10 58 4 28 20 27 51 48 4 154 56 41 11 12 82 32 38 42 24 61 5 79 104 1 15 60 407 25
internal_value=-0.000624747 0.00644603 -0.00552459 -0.00404048 -0.00263711 -0.00416447 -0.00169017 0.00313289 -0.000104744 -0.00692712 -0.00341067 -0.00675324 0.0117026 -0.000849783 0.0124565 -0.00272756 -0.0195465 0.000981195 0.00119405 -0.0014774 0.000639562 0.00188699 -0.000519476 0.00214818 0.000538281 -0.0310283 0.00387797 2.76844e-05 0.00250446 0.00580364
internal_weight=0.861819 0.352762 0.509057 0.493136 0.478692 0.46104 0.432392 0.323223 0.418805 0.148683 0.137616 0.129151 0.17454 0.0743721 0.0533181 0.118269 0.0398015 0.023886 0.408277 0.347473 0.333093 0.325141 0.294317 0.279382 0.27008 0.0258401 0.24424 0.222568 0.212116 0.0784671
internal_count=1583 541 1042 1032 974 970 942 526 922 391 343 339 135 79 52 305 126 44 871 833 791 756 732 671 666 105 561 546 486 179
is_linear=0
shrinkage=0.05


Tree=161
num_leaves=31
num_cat=0
split_feature=12 3 7 3 12 7 12 12 7 12 3 0 7 7 4 7 7 3 7 7 3 4 12 7 6 7 3 0 0 12
split_gain=0.010952 0.00844905 0.0105325 0.00920135 0.00885013 0.0115972 0.0112982 0.010118 0.0137412 0.00827743 0.0117298 0.00838113 0.00601355 0.013575 0.0240557 0.0148963 0.0112153 0.021449 0.00946247 0.00824252 0.00912953 0.00801408 0.00784524 0.00960522 0.00697271 0.00656175 0.0122655 0.00930085 0.0100045 0.00639451
threshold=103.50000000000001 0.32960823178291326 0.37388662993907934 0.33219572901725775 59.500000000000007 0.25203402340412145 96.500000000000014 42.500000000000007 0.26049298048019415 11.500000000000002 0.1386145502328873 0.6076960861682893 0.29927712678909307 0.20900084078311923 0.11199992895126344 0.24956940859556201 0.27743867039680487 0.34127703309059149 0.2997263371944428 0.30991716682910925 0.35708615183830267 0.039763800799846656 2.5000000000000004 0.26849241554737097 0.14083984494209292 0.47617350518703466 0.9999937415122987 0.555088371038437 0.56361746788024913 63.500000000000007
decision_type=2 2 2 2 2 2 2 2 2 2 2 2 2 2 2 2 2 2 2 2 2 2 2 2 2 2 2 2 2 2
left_child=1 2 4 -3 5 -1 -6 8 -7 10 -10 -11 13 -5 15 -15 21 -18 -14 20 -20 22 -17 -24 -19 26 27 -21 -29 -30
right_child=-2 3 -4 12 6 7 -8 -9 9 11 -12 -13 18 14 -16 16 17 24 19 25 -22 -23 23 -25 -26 -27 -28 28 29 -31
leaf_value=-0.050427379536112288 -0.050253648473223167 0.044963068702051252 -0.05053168336404408 0.015879286633996535 -0.050559397879642004 0.045334116063590613 0.020982137110764604 0.019986401392620048 0.018134412572886185 -0.050353845754210473 -0.050212595659144654 0.013381687094294879 0.042409940761848654 -0.050437066929733258 -0.050422715569112091 0.045124131972583144 0.045563137063180624 -0.050431921116187585 0.028975521922585436 -0.05096339678792268 -0.050273685484318126 0.050095807933689021 -0.050555458812955992 0.017601120507484705 0.011000881806760315 -0.019448611648191321 0.027028307757431442 0.041604693584423667 -0.0011780550937113908 0.020166804742433452
leaf_weight=0.010768147320050048 0.01092536988107895 0.012733333365758881 0.014326182725199033 0.053299071876153903 0.020598044638518331 0.010162146195398236 0.0075383054208941749 0.054107868121718639 0.02387257406826393 0.023376694659873465 0.0085173026509437477 0.0066182730952277771 0.016515287312358851 0.013511094992736616 0.033801109148498654 0.0094669038080610335 0.010838359885383397 0.021803395857887153 0.0049790767952799788 0.0078230675117083592 0.013453569272087407 0.016734615368477535 0.0085746271984135092 0.013016304294978909 0.0058604179430403738 0.024970021593617275 0.06344583098689327 0.016916247946028307 0.23590255502404034 0.041219067659767461
leaf_count=60 56 6 31 60 82 8 7 58 41 182 58 10 6 37 174 3 2 84 2 21 80 9 41 23 7 15 23 9 349 44
internal_value=-0.000529038 0.000146029 -0.00940254 0.00289487 -0.00584355 -0.000612703 -0.031392 0.00362252 -0.00858218 -0.0173649 0.000161755 -0.0362908 0.00201978 -0.00545522 -0.0139661 -0.00161935 0.00602401 -0.0140586 0.00530538 0.00380605 -0.0288667 0.0222028 0.00717349 -0.0094666 -0.0374177 0.00534917 0.00704419 0.00284388 0.00427546 0.00199678
internal_weight=0.815675 0.804749 0.179886 0.624864 0.165559 0.137423 0.0281364 0.126655 0.072547 0.0623848 0.0323899 0.029995 0.612131 0.186906 0.133607 0.0998057 0.0862946 0.0385022 0.425225 0.408709 0.0184326 0.0477925 0.0310578 0.0215909 0.0276638 0.390277 0.365307 0.301861 0.294038 0.277122
internal_count=1588 1532 537 995 506 417 89 357 299 291 99 192 989 440 380 206 169 93 549 543 82 76 67 64 91 461 446 423 402 393
is_linear=0
shrinkage=0.05


Tree=162
num_leaves=31
num_cat=0
split_feature=3 7 0 4 0 3 6 7 6 7 7 7 3 3 0 0 0 0 4 0 0 0 0 7 4 6 0 3 7 7
split_gain=0.00645559 0.012082 0.0113732 0.0202892 0.0105535 0.00845684 0.0102872 0.0127893 0.0197949 0.012372 0.014179 0.0103471 0.00784346 0.0186808 0.00741928 0.0126998 0.00704462 0.0056628 0.00555743 0.0069448 0.00521558 0.00891514 0.0110441 0.00509098 0.0128172 0.00941741 0.00669721 0.00869393 0.00483653 0.00911862
threshold=0.32960823178291326 0.30037905275821691 0.5440458655357362 0.0212542898952961 0.57647201418876659 0.38075001537799841 0.044124901294708259 0.29671797156333929 0.092119917273521437 0.43887381255626684 0.27743867039680487 0.27404244244098669 0.45958939194679266 0.47724372148513799 0.53008049726486217 0.51332741975784313 0.56198787689208995 0.55027809739112865 0.16781046986579898 0.66282746195793163 0.5675877332687379 0.60407859086990368 0.58169397711753856 0.30037905275821691 0.10190830007195474 0.075549699366092696 0.65153902769088756 0.95996761322021495 0.2997263371944428 0.29927712678909307
decision_type=2 2 2 2 2 2 2 2 2 2 2 2 2 2 2 2 2 2 2 2 2 2 2 2 2 2 2 2 2 2
left_child=1 4 14 -4 -1 17 9 8 -8 10 11 -7 -12 -14 15 -3 -15 -2 28 -20 -19 22 -22 -9 25 -25 -26 -28 29 -18
right_child=5 2 3 -5 -6 6 7 23 -10 -11 12 -13 13 16 -16 -17 18 20 19 -21 21 -23 -24 24 26 -27 27 -29 -30 -31
leaf_value=-0.050314123123081859 -0.012133123236666234 0.0090873316109596185 -0.050518530995291404 0.013025841874225109 -0.00071738163208491447 -0.0033733045965314138 0.015010195501664403 0.038227676543119482 -0.050415416590134945 0.022366176952485408 -0.050578357922595185 0.043899044423340118 0.033212630372962841 0.019652115124864353 0.022658768469590716 -0.050519735298999328 -0.050192883070990117 0.033771796060167163 -0.05023272705788219 4.434083553431977e-05 0.015179178999320761 0.023370299522493001 -0.0504457137592133 0.011755816178592449 -0.0017047214774528784 -0.035615322557391846 0.01077971647321796 0.042960092215925533 -0.044954289973950769 0.035011774979010056
leaf_weight=0.027756800166685025 0.01840874420304317 0.037571391060964743 0.026884667513513705 0.023579016966323252 0.017480710880590777 0.076524890225755371 0.024057074727352301 0.018115480937922257 0.022257162893765781 0.030124884709948674 0.02005111553489769 0.013638696751513635 0.016165031804121099 0.0083002176652371418 0.0471112112713854 0.011724551269708172 0.0066765481521997572 0.034879193325650704 0.0092332619565240748 0.026817699696039199 0.014869105540128658 0.046565348515287042 0.011270731257354782 0.01981142265140079 0.029083796494887793 0.022302515468254569 0.044003640944538347 0.040127493644831702 0.047569195984124235 0.0059282445581629872
leaf_count=198 18 52 117 58 47 156 28 11 98 12 105 12 16 9 57 40 49 27 73 35 19 33 35 13 38 31 36 11 169 2
internal_value=-0.000567351 -0.00855534 -0.00159632 -0.0208276 -0.0311489 0.00196166 -0.00106006 0.00691097 -0.0164313 -0.0077708 -0.0117026 0.0037774 -0.0216196 -0.0168085 0.00847016 -0.00508962 -0.0245443 0.0134925 -0.0283567 -0.0128325 0.0178773 0.0102522 -0.0131164 0.013144 0.0102186 -0.0133308 0.0189785 0.0261286 -0.0376574 -0.0101197
internal_weight=0.79889 0.192108 0.146871 0.0504637 0.0452375 0.606781 0.480788 0.219759 0.0463142 0.26103 0.230905 0.0901636 0.140741 0.12069 0.0964072 0.0492959 0.104525 0.125993 0.096225 0.036051 0.107584 0.0727052 0.0261398 0.173444 0.155329 0.0421139 0.113215 0.0841311 0.060174 0.0126048
internal_count=1605 569 324 175 245 1036 904 266 126 638 626 168 458 353 149 92 337 132 328 108 114 87 54 140 129 44 85 47 220 51
is_linear=0
shrinkage=0.05


Tree=163
num_leaves=31
num_cat=0
split_feature=0 3 3 0 0 3 0 0 3 7 0 4 3 0 7 7 7 3 7 3 3 4 0 0 7 3 0 0 4 3
split_gain=0.0157733 0.0107336 0.00947701 0.0103471 0.00677648 0.00789056 0.0118547 0.0153123 0.00806739 0.00676488 0.00589975 0.00869578 0.0116043 0.00758615 0.00511026 0.00709075 0.004601 0.0136617 0.0105842 0.00832696 0.0108339 0.00704195 0.00961407 0.02019 0.0079282 0.00585306 0.00437123 0.0111518 0.0142999 0.00851653
threshold=0.54031535983085643 0.14294264465570453 0.1211330220103264 0.48381222784519201 0.54181236028671276 0.32960823178291326 0.57647201418876659 0.54661411046981823 0.33219572901725775 0.40771275758743292 0.77539125084877025 0.66435369849205028 0.51364493370056163 0.555088371038437 0.29671797156333929 0.29629880189895635 0.2869544923305512 0.39376872777938848 0.27743867039680487 0.38075001537799841 0.43203487992286688 0.021412626840174202 0.64769184589385997 0.62514308094978344 0.30019125342369085 0.40576450526714331 0.60718190670013439 0.65153902769088756 0.058303298428654678 0.81364682316780101
decision_type=2 2 2 2 2 2 2 2 2 2 2 2 2 2 2 2 2 2 2 2 2 2 2 2 2 2 2 2 2 2
left_child=1 2 3 -1 -2 6 7 -6 -7 10 11 13 -13 -10 15 -5 17 -15 25 -18 -21 22 23 24 -22 -19 -23 28 -28 -29
right_child=4 -3 -4 14 5 8 -8 -9 9 -11 -12 12 -14 16 -16 -17 19 18 -20 20 21 26 -24 -25 -26 -27 27 29 -30 -31
leaf_value=0.019930312512528348 0.031526140938807345 -0.05043479757910594 0.034246763121298325 -0.050103654301483724 0.0036336937249135714 0.043946260248022215 0.0068798117165326904 -0.050411458268982336 -0.050637213339041698 0.014901753388441975 0.030986013526979446 0.017547185902216725 -0.050722501091690075 -0.050471936120078803 -0.050448999207353108 0.050575357555339734 0.019612698120839676 0.033771125222405891 -0.050436911113252027 -0.050200661611287112 0.0086055792530316672 0.020177703205905229 -0.050451900336436872 0.027368080961401833 -0.05050908489269551 -0.0010871217413632543 0.012914194594241091 -0.013719738632451108 -0.050601346848119337 0.020462059455701939
leaf_weight=0.010946953096208745 0.017472983787229168 0.024742277591940365 0.0097042147026513703 0.0035749531240298884 0.021946652926089882 0.011316606622131076 0.041292602847079252 0.032534854170080507 0.0073006640195671926 0.079354711167979985 0.014193751063430682 0.0092143201372891781 0.019183283217671487 0.015952742511217366 0.020136530816671439 0.0034237410873174667 0.067357588091908838 0.013790616612823214 0.0099932310833992233 0.010372176880537154 0.0080340728031842445 0.047596647134469094 0.012957806654867454 0.027848345619531756 0.019290239703877887 0.094993294217829316 0.016429357399829314 0.024711569396458799 0.019238413715811475 0.069397699840919813
leaf_count=19 13 96 11 58 37 6 111 183 27 33 6 14 91 50 67 1 57 10 56 69 16 43 49 45 84 192 15 55 71 38
internal_value=-0.00149061 -0.0237035 -0.00986295 -0.0211031 0.000772854 -1.09191e-06 -0.0133261 -0.0286406 0.00213113 0.00132528 -0.000796108 -0.00170991 -0.0285707 -7.04488e-05 -0.0376569 -0.000851771 0.000735665 -0.00702694 -0.00119192 0.00397126 -0.000146235 0.00196849 -0.011695 -0.00259257 -0.0331278 0.00333188 0.00721672 0.00246319 -0.0213447 0.0114865
internal_weight=0.784303 0.0725287 0.0477864 0.0380822 0.711774 0.694301 0.0957741 0.0544815 0.598527 0.587211 0.507856 0.493662 0.0283976 0.465264 0.0271352 0.00699869 0.457964 0.13473 0.118777 0.323234 0.255876 0.245504 0.0681305 0.0551727 0.0273243 0.108784 0.177374 0.129777 0.0356678 0.0941093
internal_count=1623 252 156 145 1371 1358 331 220 1027 1021 988 982 105 877 126 59 850 308 258 542 485 416 194 145 100 202 222 179 86 93
is_linear=0
shrinkage=0.05


Tree=164
num_leaves=31
num_cat=0
split_feature=7 7 12 12 12 0 0 7 0 4 12 4 0 4 4 0 12 7 4 0 0 6 4 6 6 12 0 0 12 7
split_gain=0.00633174 0.00924979 0.00991752 0.00491589 0.0125781 0.00860917 0.0085075 0.0085783 0.00405302 0.0132069 0.0087011 0.0121009 0.00698044 0.0175325 0.0145988 0.0131949 0.0131628 0.0116989 0.0064442 0.004891 0.00554077 0.00412586 0.0154227 0.00774343 0.00809113 0.00770119 0.00997482 0.00970236 0.0084524 0.0127385
threshold=0.24823594093322757 0.22601355612277987 17.500000000000004 80.500000000000014 73.500000000000014 0.72374483942985546 0.57410290837287914 0.35800749063491827 0.66973870992660534 0.10737730190157892 3.5000000000000004 0.37901748716831213 0.64769184589385997 0.053751876577734954 0.059828849509358413 0.58364054560661327 10.500000000000002 0.34635226428508764 0.107896875590086 0.62240064144134533 0.63661944866180431 0.062526607885956778 1.0000000180025095e-35 0.019979323260486129 0.0161728709936142 2.5000000000000004 0.61011797189712536 0.5675877332687379 3.5000000000000004 0.30019125342369085
decision_type=2 2 2 2 2 2 2 2 2 2 2 2 2 2 2 2 2 2 2 2 2 2 2 2 2 2 2 2 2 2
left_child=1 2 -1 4 8 6 -5 -8 12 -10 -11 -12 13 21 -14 16 -15 18 -18 -17 -21 22 23 24 25 -2 27 -27 -29 -30
right_child=3 -3 -4 5 -6 -7 7 -9 9 10 11 -13 14 15 -16 19 17 -19 -20 20 -22 -23 -24 -25 -26 26 -28 28 29 -31
leaf_value=-0.050758742049683642 -0.014325333130098074 -0.050328478045408624 0.0018290068738886231 0.02307083564494309 -0.050544219328395326 0.04562580627452878 -0.050461961581431285 0.041367388518700955 -0.05073223306320105 0.017196903890488582 0.0069147423443371089 -0.050546052778281628 -0.023816322404450259 -0.050470580593794681 0.031265647356995503 -0.050556257585529653 0.020317914988222815 0.028465704941895938 -0.050280603981495586 0.0047761639082669616 -0.05068170603414867 0.020424827511564467 -0.050622280983127259 -0.026295229600457094 0.046342411489816715 0.012158641533772843 0.027613883495828009 0.040297476790161303 0.0039275413083368791 -0.050515207170883182
leaf_weight=0.010275609960785914 0.035770663569110184 0.012998464480801886 0.070318475884732834 0.020617768763258937 0.011416784874199948 0.017824312963057309 0.010299998365212559 0.0033770104637369522 0.014673412574666145 0.040168970052036457 0.022827186812719447 0.015306291520573723 0.01550299692507906 0.010612275983476138 0.053685184190726432 0.026254189842006781 0.0049206927442355672 0.031333641845776583 0.0094206897374533582 0.011383220103425629 0.007452465067672164 0.050110130431676225 0.011996310378890485 0.016266749586975493 0.013925873623520602 0.11364343789784925 0.062580529430761089 0.0061728843138553193 0.022331959700295556 0.020706706049395507
leaf_count=38 50 74 107 29 47 4 75 4 46 18 29 40 36 32 58 104 13 24 66 41 29 38 47 38 8 251 97 7 65 91
internal_value=0.00100513 -0.0111885 -0.00487584 0.00268197 0.00145823 0.0174381 0.00278786 -0.0277882 0.0024204 -0.00720038 0.00095723 -0.0161493 0.00412723 0.00187671 0.0189234 -0.0164536 -0.000308654 0.0113461 -0.0260574 -0.036608 -0.0171661 0.00713343 0.00493816 0.00722547 0.00920733 0.00722752 0.0106474 0.00412765 -0.0144182 -0.0222659
internal_weight=0.774175 0.0935926 0.0805941 0.680582 0.628463 0.0521191 0.0342948 0.013677 0.617046 0.0929759 0.0783024 0.0381335 0.524071 0.454882 0.0691882 0.101377 0.0562873 0.045675 0.0143414 0.0450899 0.0188357 0.353505 0.303395 0.291399 0.275132 0.261206 0.225436 0.162855 0.0492116 0.0430387
internal_count=1606 219 145 1387 1275 112 108 79 1228 133 87 69 1095 1001 94 309 135 103 79 174 70 692 654 607 569 561 511 414 163 156
is_linear=0
shrinkage=0.05


Tree=165
num_leaves=31
num_cat=0
split_feature=12 3 7 3 3 12 4 4 4 7 7 7 7 12 12 4 3 6 6 12 7 3 12 4 7 4 12 12 7 12
split_gain=0.0059834 0.00739854 0.00765699 0.0053977 0.0109039 0.00503331 0.00671117 0.00447928 0.0183835 0.0108639 0.00667076 0.00441445 0.0115426 0.0104773 0.0106066 0.0103696 0.018267 0.00866357 0.010737 0.00779962 0.0152624 0.00934966 0.00987354 0.00720282 0.00677363 0.00576355 0.00428902 0.0114331 0.0042315 0.00759521
threshold=13.500000000000002 0.13309555500745776 0.24956940859556201 0.1386145502328873 0.3056220561265946 15.500000000000002 0.038504611700773246 0.39505125582218176 0.19111913442611697 0.35706225037574774 0.45487730205059057 0.35122287273406988 0.34050792455673223 17.500000000000004 101.50000000000001 0.22394458204507831 0.35708615183830267 0.068290233612060561 0.044124901294708259 92.500000000000014 0.20322809368371966 0.79179209470748912 64.500000000000014 0.3217997699975968 0.25286036729812628 0.30000026524066931 63.500000000000007 57.500000000000007 0.27819125354290014 2.5000000000000004
decision_type=2 2 2 2 2 2 2 2 2 2 2 2 2 2 2 2 2 2 2 2 2 2 2 2 2 2 2 2 2 2
left_child=1 -1 -3 -4 -5 6 -2 8 10 -9 28 12 13 -7 17 16 -13 18 19 20 -15 22 26 24 -19 -24 27 -22 -6 -30
right_child=5 2 3 4 7 11 -8 9 -10 -11 -12 15 -14 14 -16 -17 -18 23 -20 -21 21 -23 25 -25 -26 -27 -28 -29 29 -31
leaf_value=-0.050226838030393718 0.036717153427091698 -0.050362441367139257 0.033473437696343082 -0.050289503301970455 0.020213126925977275 -0.050864501073694127 -0.0040450360914165385 -0.01412183708933968 -0.050471443449573397 0.02891305771957255 -0.030080920779145166 0.010213062991975079 -0.050448710103377641 -0.050582487305005558 -0.050202138029140211 0.025822660712742314 -0.050416192107569473 0.026233874173735142 0.03766816013146055 0.033244361610860897 0.014208709432508588 -0.050306222534258982 -0.050281381197441466 -0.050378152165243585 -0.027262636737563347 0.014279982830112854 0.043713696921055097 -0.050491758071994991 -0.023761852389689073 0.0056622069308838487
leaf_weight=0.0087563320203116746 0.025575426006980706 0.0084855893805979576 0.010243412223644555 0.011903804206667701 0.029948443332614261 0.0093922050439232407 0.016685517670339323 0.025507851396014303 0.019960406011705345 0.034499858971685171 0.016546332190046087 0.060632069419625623 0.011378623143173172 0.013357644951611292 0.0090610100737649191 0.05814319529417844 0.015624975987066136 0.011108633036201354 0.027848824882767076 0.02063779997479287 0.10614225427582369 0.0072027273708954445 0.010591373046167973 0.01156040957357618 0.012661273710364185 0.0051318517944309852 0.010320581612177193 0.0072973812475538571 0.027893354538718995 0.10261667097756799
leaf_count=62 28 40 3 74 30 36 22 42 43 10 9 67 52 40 62 33 45 16 26 22 362 33 95 63 53 12 5 33 47 150
internal_value=0.00056666 -0.00495071 -0.00357225 -0.00214977 -0.00350691 0.00419745 0.0206234 -0.00133979 -0.00498346 0.0106199 0.000146108 0.00249642 -0.00114774 0.000990835 0.00291647 0.00991739 -0.0022098 0.00489018 0.00876932 0.00431509 0.000584631 0.00524405 0.00811259 -0.0180058 -0.00226157 -0.0292094 0.0128542 0.0100466 0.00326309 -0.000626473
internal_weight=0.746716 0.296362 0.287606 0.27912 0.268877 0.450354 0.0422609 0.256973 0.196965 0.0600077 0.177005 0.408093 0.273693 0.262314 0.252922 0.1344 0.076257 0.243861 0.20853 0.180682 0.160044 0.146686 0.139483 0.0353303 0.0237699 0.0157232 0.12376 0.11344 0.160458 0.13051
internal_count=1615 510 448 408 405 1105 50 331 279 52 236 1055 910 858 822 145 112 760 628 602 580 540 507 132 69 107 400 395 227 197
is_linear=0
shrinkage=0.05


Tree=166
num_leaves=31
num_cat=0
split_feature=12 12 6 3 3 12 0 12 3 3 3 0 0 4 4 0 0 4 4 8 0 6 6 0 0 0 4 0 12 0
split_gain=0.00411021 0.00906455 0.00633416 0.00865989 0.00746328 0.00467606 0.00506844 0.00819594 0.00440637 0.0132341 0.00923752 0.0101703 0.0102072 0.00631342 0.010064 0.0137378 0.00947866 0.00878184 0.00992052 0.00768666 0.00590456 0.00537084 0.00720074 0.0067268 0.00553363 0.0108627 0.00505283 0.00513713 0.0147179 0.0099275
threshold=63.500000000000007 59.500000000000007 0.086430422961711897 0.3439572155475617 0.24734965711832049 85.500000000000014 0.70214921236038219 102.50000000000001 0.1386145502328873 0.20353773981332782 0.11837169528007509 0.50153666734695446 0.54372221231460582 0.6568669080734254 0.053751876577734954 0.63756224513053905 0.67755174636840831 0.10737730190157892 0.11199992895126344 1.1000000238418581 0.64769184589385997 0.062526607885956778 0.016761357896029953 0.5929388999938966 0.6076960861682893 0.59540116786956798 0.59553310275077831 0.66160073876380932 23.500000000000004 0.67179191112518322
decision_type=2 2 2 2 2 2 2 2 2 2 2 2 2 2 2 2 2 2 2 2 2 2 2 2 2 2 2 2 2 2
left_child=1 8 3 4 -2 -5 7 -7 10 -10 11 -1 -13 14 15 21 20 -16 -19 26 -15 22 24 -24 25 -11 27 28 -20 -29
right_child=2 -3 -4 5 -6 6 -8 -9 9 13 -12 12 -14 16 17 -17 -18 18 19 -21 -22 -23 23 -25 -26 -27 -28 29 -30 -31
leaf_value=0.028319982947655489 0.0038408292980917111 -0.050677090089537281 -0.026057074680403875 0.032354169643033386 -0.050466116326193411 -0.050511281673985886 0.034470631419688168 0.017886327436138588 -0.050349561121723785 0.0050529941871630298 0.031568431523097261 -0.050398806036504033 0.018142893806337278 0.0033309437786524921 -0.050499303044761579 -0.021000105681831333 -0.016620766104405854 0.04262006586150744 -0.050493780058902295 0.027925564652987775 0.042507390667154171 0.022855164039046423 0.015655951865177372 -0.050672227229679769 0.019340290121959345 -0.050407891000435016 -0.050852651203531198 0.028408491006639194 0.00060405869582668662 -0.016888345405621317
leaf_weight=0.01384991273016567 0.031943268790655566 0.0093787332698411774 0.012248804323917284 0.043886685069878695 0.0078888303828534845 0.0072969603625097071 0.010256235920678591 0.010955765630569658 0.014171920418505124 0.10321745664725768 0.029988400823640404 0.015057325741850036 0.0084968387886874552 0.015653263283866181 0.014593649284506682 0.052091133373778575 0.017497059362085565 0.0084957706635577779 0.027493974632307072 0.010519639882659249 0.024944493605289608 0.045303384430553706 0.0058705178998934562 0.010957329066513921 0.05773271898033272 0.0096546614822727861 0.0099025947351947252 0.017437977744521049 0.028910676837995197 0.03948605416189821
leaf_count=28 74 38 42 65 37 28 7 33 81 219 28 87 23 46 57 123 34 4 112 12 21 35 15 32 96 49 23 15 85 54
internal_value=-0.000173498 -0.00191351 0.00808375 0.01181 -0.00691477 0.0221123 0.00634602 -0.00945724 -0.00112679 -0.00270314 0.0108944 -0.00568079 -0.0256733 -0.00135201 -0.00339019 0.00221056 0.0141433 -0.0135613 -0.00977172 -0.0130996 0.0274021 0.00740558 0.00367134 -0.0275332 0.00674924 0.000309076 -0.0166017 -0.0136089 -0.0243032 -0.00301222
internal_weight=0.715182 0.590705 0.124477 0.112228 0.0398321 0.0723956 0.028509 0.0182527 0.581327 0.513934 0.0673925 0.0374041 0.0235542 0.499762 0.441668 0.284827 0.0580948 0.15684 0.142247 0.133751 0.0405978 0.232736 0.187433 0.0168278 0.170605 0.112872 0.123231 0.113329 0.0564047 0.056924
internal_count=1603 1317 286 244 111 133 68 61 1279 1113 166 138 110 1032 931 569 101 362 305 301 67 446 411 47 364 268 289 266 197 69
is_linear=0
shrinkage=0.05


Tree=167
num_leaves=31
num_cat=0
split_feature=12 12 0 4 0 4 3 4 4 12 6 6 12 0 12 12 0 0 0 0 3 4 4 12 3 0 0 3 12 12
split_gain=0.00526501 0.00969215 0.00795724 0.00780589 0.00541131 0.00479274 0.00968407 0.00670302 0.0102046 0.00573346 0.00573928 0.0142748 0.00937281 0.0129434 0.00810731 0.00946349 0.00657811 0.0129044 0.00734389 0.0130822 0.00532704 0.00580251 0.0064943 0.00756238 0.0101645 0.00396916 0.00389373 0.0137256 0.00351843 0.00955606
threshold=42.500000000000007 35.500000000000007 0.69979330897331249 0.72560054063797008 0.50879192352294933 0.11199992895126344 0.9999937415122987 0.10330102965235712 0.053751876577734954 1.0000000180025095e-35 0.062526607885956778 0.019979323260486129 2.5000000000000004 0.54372221231460582 3.5000000000000004 5.5000000000000009 0.68672966957092296 0.63597232103347789 0.6076960861682893 0.5675877332687379 0.81674510240554821 0.18599092960357669 0.2547349631786347 1.5000000000000002 0.30808266997337347 0.57537281513214122 0.56477597355842601 0.1386145502328873 14.500000000000002 15.500000000000002
decision_type=2 2 2 2 2 2 2 2 2 2 2 2 2 2 2 2 2 2 2 2 2 2 2 2 2 2 2 2 2 2
left_child=1 2 3 4 -1 7 20 8 9 -6 11 12 25 -14 -15 -16 17 18 19 26 21 -7 -23 -24 -25 -11 27 -17 -21 -30
right_child=-2 -3 -4 -5 5 6 -8 -9 -10 10 -12 -13 13 14 15 16 -18 -19 -20 28 -22 22 23 24 -26 -27 -28 -29 29 -31
leaf_value=-0.050218680180869238 0.0061049930486396743 -0.050425913094666423 -0.022891945535408728 0.023598643888863909 0.024514019630673248 -0.050310569553766442 0.02152071720035224 0.04314159280417354 -0.050350341477606558 -0.0059195917430056796 0.017106552159231483 -0.050578785335510718 -0.050270761085619835 0.034432069253749274 -0.050580543858675824 0.035241547852624261 0.04993295832330396 -0.050341798299143592 0.02559957404679003 -0.050530301372465947 -0.050573119849916762 0.013667101242087363 0.026888992179936622 0.0097685493254750441 -0.050644629194998986 -0.050851189891710662 0.038061793110941433 -0.05054605608992549 0.04951578869808948 -0.050321440386877796
leaf_weight=0.0057275474267726159 0.22671158103003108 0.010609199336386155 0.041741686169189052 0.032339507218011931 0.02661442808675929 0.0091091008052899269 0.018988357114722021 0.0096229380042132107 0.0094548977255612954 0.0085488629688370565 0.040461000055984186 0.014921234167104558 0.0100782575092353 0.024683877298230072 0.0077191021482576607 0.012461546170015936 0.0081424817981314845 0.01013488909256921 0.039153042592261045 0.012154521038155508 0.010954558689263649 0.022700562878071651 0.0070079326007999035 0.010429854986796272 0.02094286624878805 0.011563543059310177 0.013327506297173386 0.0074500022516872369 0.0039882305136416107 0.0060066050102705049
leaf_count=51 509 109 58 56 26 50 9 10 38 18 33 50 82 16 33 21 3 44 66 44 23 39 8 19 79 25 10 52 3 51
internal_value=-0.00014684 -0.00318163 -0.00208349 1.10553e-05 -0.00198402 -0.00125048 -0.010623 0.00214392 0.000665568 0.00253943 5.40253e-06 -0.00362995 0.000363695 0.004523 0.00832564 0.00297954 0.00664413 0.00327682 0.00902476 -0.00269167 -0.0181449 -0.0130838 -0.00753214 -0.0200706 -0.0305603 -0.0317528 0.0171444 0.0031437 -0.0324593 -0.0104835
internal_weight=0.69375 0.467038 0.456429 0.414687 0.382348 0.37662 0.100133 0.276487 0.266864 0.257409 0.230795 0.190334 0.175412 0.1553 0.145222 0.120538 0.112819 0.104676 0.0945415 0.0553884 0.0811449 0.0701903 0.0610812 0.0383807 0.0313727 0.0201124 0.0332391 0.0199115 0.0221494 0.00999484
internal_count=1635 1126 1017 959 903 852 227 625 615 577 551 518 468 425 343 327 294 291 247 181 218 195 145 106 98 43 83 73 98 54
is_linear=0
shrinkage=0.05


Tree=168
num_leaves=31
num_cat=0
split_feature=3 3 12 0 7 12 12 3 3 0 0 4 7 0 8 4 7 12 7 12 0 7 0 4 12 12 12 0 4 7
split_gain=0.00630761 0.00612671 0.00564578 0.00844875 0.00535915 0.00493045 0.0147509 0.00553323 0.0183695 0.00428391 0.00523088 0.00412679 0.0114535 0.00809242 0.00483894 0.00646328 0.00406201 0.00678982 0.00689621 0.00863323 0.00642861 0.0035926 0.0166743 0.00804024 0.00315396 0.00383165 0.0108836 0.0090098 0.00800451 0.0124169
threshold=0.11837169528007509 0.1211330220103264 72.500000000000014 0.54372221231460582 0.16157821565866473 46.500000000000007 35.500000000000007 0.1386145502328873 0.27557374536991125 0.54031535983085643 0.54372221231460582 0.72560054063797008 0.47617350518703466 0.67755174636840831 1.1000000238418581 0.54029431939125072 0.31380061805248266 101.50000000000001 0.25286036729812628 47.500000000000007 0.55075579881668102 0.32374675571918493 0.60060697793960582 0.30000026524066931 32.500000000000007 3.5000000000000004 4.5000000000000009 0.59654414653778087 0.028651445172727111 0.36645796895027166
decision_type=2 2 2 2 2 2 2 2 2 2 2 2 2 2 2 2 2 2 2 2 2 2 2 2 2 2 2 2 2 2
left_child=2 -2 3 -1 -3 6 7 -6 -9 -7 -11 12 14 -13 15 24 17 18 -12 -20 -21 -18 23 -23 25 28 -27 -28 -10 -30
right_child=1 4 -4 -5 5 9 -8 8 11 10 16 13 -14 -15 -16 -17 21 -19 19 20 -22 22 -24 -25 -26 26 27 -29 29 -31
leaf_value=-0.050343982126363776 0.040678696845606543 -0.05025797669367299 0.0047862760885754706 0.007889075548500421 0.029019179174017834 -0.015143605593502266 -0.050379907691262861 -0.05029572100358453 0.019398484326898349 0.03560629418482044 0.015346864964768473 0.031588814368840881 -0.050871887901865004 -0.013002947419008407 0.028163088628218449 -0.03529648776042086 0.032436947648961718 -0.050213584636081769 0.046323583389833625 0.011933935604263059 -0.050264620473764392 0.0013044325626451517 -0.034195703848592489 0.050012307532002434 0.023547989342839977 -0.050589584671546055 -0.020805454548676546 0.0048405923149991287 -0.050389245718115587 0.022561047001392463
leaf_weight=0.019475353969596654 0.0096150059343926841 0.0051654988437803686 0.016808059883260285 0.0091573720501401112 0.0155274789667601 0.018386805299996922 0.015220866734694027 0.018331415657485195 0.055726326325839182 0.018171583695220761 0.044275653651766333 0.027949300322461568 0.011103560798801482 0.015998269965166401 0.015358197687419306 0.012857967897389244 0.022084393363911659 0.0064056419055305005 0.0043069871535408302 0.0059136912022950119 0.013963379241886287 0.015531033752267831 0.015832032876460289 0.0186421284233802 0.014628963770519476 0.01174438820908108 0.044396166993465158 0.14979676920779639 0.012183012049717945 0.011191382480319589
leaf_count=131 7 27 30 33 15 36 137 142 55 8 49 38 10 23 27 34 24 46 4 7 136 40 43 7 22 31 133 280 43 5
internal_value=-0.000225255 0.00107179 -0.0182166 -0.0317198 0.000458252 0.000883862 -0.00203272 -0.00026713 -0.0014004 0.00774987 0.0102991 0.000940263 -0.000928654 0.015356 0.000762642 -0.000583879 0.00716971 -0.000987547 0.00361844 -0.0178537 -0.0317597 0.0156411 0.0082233 0.0278755 0.000905553 -0.000256521 -0.00384933 -0.00102258 0.0090973 -0.0154615
internal_weight=0.675749 0.630308 0.0454408 0.0286327 0.620693 0.615527 0.432014 0.416793 0.401266 0.183513 0.165127 0.382934 0.338987 0.0439476 0.327883 0.312525 0.146955 0.0748654 0.0684597 0.0241841 0.0198771 0.0720896 0.0500052 0.0341732 0.299667 0.285038 0.205937 0.194193 0.0791007 0.0233744
internal_count=1623 1429 194 164 1422 1395 995 858 843 400 364 701 640 61 630 603 356 242 196 147 143 114 90 47 569 547 444 413 103 48
is_linear=0
shrinkage=0.05


Tree=169
num_leaves=31
num_cat=0
split_feature=4 3 4 4 4 8 0 3 3 4 3 3 3 0 0 12 0 0 0 0 12 4 0 3 12 12 0 3 12 0
split_gain=0.00456338 0.00618091 0.00330816 0.0132032 0.0101326 0.00923293 0.00645564 0.00755435 0.0103019 0.00638349 0.00621048 0.00513762 0.00495168 0.00605859 0.0065983 0.00597204 0.00651532 0.00473507 0.00653736 0.00567979 0.00531373 0.00928739 0.00468875 0.00586747 0.00510935 0.0114203 0.00554328 0.00759171 0.00401501 0.0036699
threshold=0.90604233741760265 0.46044802665710455 0.10190830007195474 0.032553743571043021 0.11199992895126344 1.1000000238418581 0.63756224513053905 0.86529290676116954 0.66147875785827648 0.16781046986579898 0.74061912298202526 0.91776576638221752 0.57091325521469127 0.53239566087722789 0.54092115163803112 1.0000000180025095e-35 0.54181236028671276 0.7046715021133424 0.69796133041381847 0.74799716472625744 4.5000000000000009 0.60507392883300792 0.67607370018959057 0.95996761322021495 47.500000000000007 51.500000000000007 0.66160073876380932 0.52176234126091015 51.500000000000007 0.52811041474342357
decision_type=2 2 2 2 2 2 2 2 2 2 2 2 2 2 2 2 2 2 2 2 2 2 2 2 2 2 2 2 2 2
left_child=2 -2 3 5 -4 6 7 8 12 -6 -8 -12 13 28 -15 -16 -17 18 20 -19 21 -11 23 24 26 -26 27 -22 29 -1
right_child=1 -3 4 -5 9 -7 10 -9 -10 17 11 -13 -14 14 15 16 -18 19 -20 -21 22 -23 -24 -25 25 -27 -28 -29 -30 -31
leaf_value=0.0081516070590507313 0.026971009712104088 -0.050678706924883681 0.036927805991231306 -0.034461636994145901 -0.050160894076530772 -0.050430981436472427 -0.050223730463615536 0.037998803149363262 -0.050504867568725881 -0.050471528505635438 0.011481441788521845 -0.027890172611173665 0.024160070070139355 -0.05027132160041653 0.030239705680079495 0.044438022370013902 -0.0075206777320491738 -0.034064378914703292 0.044518529031807828 0.0047838483294141317 -0.0025179083721001867 0.012136039086012476 -0.023290894029559278 0.035697565251407624 0.048379006135513214 -0.0011084802780129694 0.022962287430828274 -0.050363355494381014 -0.0053876021583033045 0.036470140687998941
leaf_weight=0.024415010894017541 0.0034391280460113203 0.010057445444772384 0.020201788340727944 0.033413659208974877 0.0061786596957063003 0.0093735233904226334 0.011095765111349465 0.014375122846104205 0.0094423292077863152 0.011976505092889056 0.017627044595428742 0.015635505333193578 0.024279663054585399 0.0075546077953276827 0.012848213475081138 0.0063025027411640613 0.14128209677321024 0.018929220104837441 0.0097705589032557327 0.018706925126025453 0.041362446576840739 0.011720344366040081 0.012492416117311222 0.017541441622597631 0.018169978837249801 0.032529316335967451 0.014404796293092659 0.010369299204967319 0.020064914972181214 0.021529049097807729
leaf_count=103 7 62 20 126 49 51 83 6 44 34 27 17 34 38 11 4 457 34 9 13 120 12 23 8 10 90 13 61 33 15
internal_value=-0.00213318 -0.0308924 -0.00150059 -0.0044872 0.00301243 -0.00150483 -9.99981e-05 0.00268818 0.000792182 -4.42068e-05 -0.0178312 -0.00702571 0.00266755 0.000437472 -0.00460582 -0.00245548 -0.00530182 0.0013764 0.004743 -0.014755 0.00246454 -0.0195061 0.00600942 0.00873333 0.00468499 0.0166272 -0.00446973 -0.0121082 0.0132722 0.0214215
internal_weight=0.627089 0.0134966 0.613593 0.369239 0.244354 0.335825 0.326452 0.282094 0.267718 0.224152 0.0443583 0.0332625 0.258276 0.233996 0.167987 0.160433 0.147585 0.217973 0.180337 0.0376361 0.170567 0.0236968 0.14687 0.134377 0.116836 0.0506993 0.0661365 0.0517317 0.066009 0.0459441
internal_count=1614 69 1545 1049 496 923 872 745 739 476 127 44 695 661 510 472 461 427 380 47 371 46 325 302 294 100 194 181 151 118
is_linear=0
shrinkage=0.05


Tree=170
num_leaves=31
num_cat=0
split_feature=3 3 0 3 0 0 4 7 7 0 3 0 0 7 7 3 7 7 8 0 0 0 7 0 3 0 0 7 0 0
split_gain=0.00486299 0.0105393 0.00875478 0.00818083 0.00624147 0.0100831 0.00785104 0.00552482 0.00728403 0.00589924 0.00509372 0.0140413 0.0050546 0.00617715 0.00651239 0.00373316 0.00603073 0.00751585 0.00432139 0.0043611 0.00636167 0.00583405 0.00420527 0.0033336 0.0060231 0.00564861 0.00558179 0.0144269 0.00532324 0.00751727
threshold=0.11837169528007509 0.1386145502328873 0.54031535983085643 0.41118083894252783 0.54250743985176098 0.55893534421920787 0.30000026524066931 0.47617350518703466 0.41552206873893743 0.5675877332687379 0.34672090411186224 0.56718024611473095 0.48381222784519201 0.3215776532888413 0.32112815976142889 0.33455349504947668 0.35464857518672949 0.25795775651931768 1.1000000238418581 0.77539125084877025 0.7311936914920808 0.72374483942985546 0.33568607270717626 0.7046715021133424 0.34972424805164343 0.69796133041381847 0.66973870992660534 0.21357035636901858 0.66282746195793163 0.65442833304405224
decision_type=2 2 2 2 2 2 2 2 2 2 2 2 2 2 2 2 2 2 2 2 2 2 2 2 2 2 2 2 2 2
left_child=12 -2 3 -3 -4 6 -6 8 9 10 11 -7 -1 14 -14 16 17 -11 19 20 21 23 -19 24 -17 26 28 -28 29 -26
right_child=1 2 4 -5 5 7 -8 -9 -10 15 -12 -13 13 -15 -16 18 -18 22 -20 -21 -22 -23 -24 -25 25 -27 27 -29 -30 -31
leaf_value=0.014247361908050893 0.031163302445643096 -0.050276346759503002 0.032539310982607872 0.024671898008459592 -0.050387436259231859 -0.050215640394449312 0.0060875682493607393 -0.029363547505495836 0.022809548932840054 0.022519058826339498 0.03781816034211187 0.04904906315341237 -0.027866945317788383 -0.050353274786702019 0.036724050974954542 -0.050296822299593341 0.037209739584404454 -0.050182951275519722 0.022154184818348938 0.029803700820825618 -0.034339350031833853 0.031887303109745614 0.0044361047113341372 -0.027407715793712678 -0.0019779368799984843 0.033299476424725798 0.012097077904401215 -0.050470737600152873 0.022667045720593221 -0.050284679829724711
leaf_weight=0.0096903989651764277 0.025942263781871588 0.016064481557577892 0.014168444059578178 0.0047079929227038511 0.017709729067973967 0.0073535327935587702 0.0094312224864552263 0.014967261900892481 0.036944054474588484 0.015765884998472757 0.018121030623660772 0.006910289661391289 0.012006696898254177 0.015105351906640863 0.0057815809850580982 0.006894606695368565 0.015226873872961733 0.008436374451548545 0.015515492499162065 0.0088598338625160977 0.018374478553596418 0.010888202232308686 0.0060522467210830664 0.016231878501912433 0.20627633398044054 0.010327321368094999 0.01672913149377564 0.020506956957888178 0.020732484510517679 0.0083807038895429287
leaf_count=18 31 86 12 7 89 53 21 12 18 23 19 3 97 64 3 23 16 92 48 5 26 6 11 41 571 17 13 82 30 50
internal_value=-0.00118423 1.81153e-05 -0.00144673 -0.0332896 -0.000200594 -0.00109847 -0.0307629 0.000546332 0.00148973 -0.000310246 0.020225 -0.0021256 -0.0174903 -0.0268402 -0.00687345 -0.00195149 0.0115455 -0.00137106 -0.00365801 -0.00482154 -0.00573635 -0.00407825 -0.0273673 -0.00535765 -0.00412282 -0.00299771 -0.00437269 -0.0223608 -0.00152716 -0.00386394
internal_weight=0.620103 0.577519 0.551577 0.0207725 0.530804 0.516636 0.027141 0.489495 0.474528 0.437584 0.0323849 0.0142638 0.042584 0.0328936 0.0177883 0.405199 0.0454814 0.0302545 0.359717 0.344202 0.335342 0.316968 0.0144886 0.306079 0.289848 0.282953 0.272626 0.0372361 0.23539 0.214657
internal_count=1587 1405 1374 93 1281 1269 110 1159 1147 1129 75 56 182 164 100 1054 142 126 912 864 859 833 103 827 786 763 746 95 651 621
is_linear=0
shrinkage=0.05


Tree=171
num_leaves=31
num_cat=0
split_feature=4 4 7 4 4 0 0 0 12 0 7 7 7 12 6 4 6 6 7 7 7 7 7 7 4 12 12 7 0 0
split_gain=0.00321645 0.00690121 0.0112686 0.00594195 0.00683408 0.00582137 0.00496915 0.00470828 0.00396233 0.00376921 0.00342998 0.00697651 0.0040586 0.00952245 0.00308355 0.0100436 0.00808287 0.00789216 0.00760001 0.00904736 0.00513744 0.0067237 0.00434514 0.0083959 0.0124734 0.00390543 0.0044057 0.00358201 0.00642081 0.00446585
threshold=0.91189938783645641 0.6568669080734254 0.47617350518703466 0.60585561394691478 0.57699853181839 0.64769184589385997 0.60018378496170055 0.53239566087722789 51.500000000000007 0.49692556262016302 0.37243685126304632 0.32970482110977178 0.32934233546257025 2.5000000000000004 0.071223910897970213 0.039763800799846656 0.059317039325833328 0.047810344025492675 0.43887381255626684 0.40936672687530523 0.25286036729812628 0.29787173867225653 0.37039300799369818 0.35706225037574774 0.058303298428654678 2.5000000000000004 1.0000000180025095e-35 0.16157821565866473 0.54031535983085643 0.54181236028671276
decision_type=2 2 2 2 2 2 2 2 2 2 2 2 2 2 2 2 2 2 2 2 2 2 2 2 2 2 2 2 2 2
left_child=1 2 3 4 7 -3 -2 8 10 -10 11 12 13 -1 16 -16 17 18 19 25 -17 -22 23 24 -23 26 -9 -27 -29 -30
right_child=6 5 -4 -5 -6 -7 -8 14 9 -11 -12 -13 -14 -15 15 20 -18 -19 -20 -21 21 22 -24 -25 -26 27 -28 28 29 -31
leaf_value=0.040187909065074148 0.022727258881290752 -0.0056494144083614256 -0.050716079677628839 -0.031353574824351492 0.037728742939350884 0.032099764110494637 -0.050703841271021025 -0.0040935949015152391 0.018866834490500604 -0.025247066489597337 0.04104318637225509 -0.027534513176997455 0.048312626225111975 -0.050096348297789972 -0.050691187473489441 0.020709713603971412 0.023837734996728976 -0.050511842341309246 0.041194207837770974 -0.05057203959948825 -0.05029720571478008 0.028668983571355562 -0.028900313530203933 0.031877710394888951 -0.050301795051971632 -0.050281919616269558 -0.050254010349554436 -0.050268859348338801 0.031133052978397632 0.0016626404006465903
leaf_weight=0.0078143192004063167 0.003423240944130157 0.015163874104473507 0.010862129274755716 0.014067527042698202 0.012753425420669373 0.031280434716791206 0.0070458414484164678 0.014882654607390577 0.0087028813005645134 0.010915283822214406 0.014744853557203896 0.008296101823589197 0.01079694768122863 0.0046635018709366713 0.012686600949109561 0.017990444197494071 0.034710682907643786 0.0080248877670783259 0.010662525790394284 0.0092031515960115939 0.0087372654647879244 0.0088653135462664068 0.011964518067543395 0.016820757708046585 0.01146909764247539 0.0033118545225079279 0.0079198569064828916 0.0057445699167146804 0.013542222258365655 0.25331685377972235
leaf_count=7 12 40 12 31 15 21 54 29 12 30 10 35 2 79 38 35 26 27 5 12 47 4 11 12 57 15 52 45 11 815
internal_value=0.000782685 0.00126216 -0.000291324 0.000718097 0.00157171 0.0197748 -0.0266929 0.000677686 0.0131557 -0.00567755 0.021133 0.0118342 0.0258669 0.00644477 -0.00115119 -0.00951397 0.000897938 -0.00154001 -0.000306449 -0.00174351 -0.00262647 -0.00988278 -0.00269399 0.00574484 -0.0158724 -0.000239162 -0.0201262 0.00140437 0.0020323 0.00315817
internal_weight=0.610384 0.599915 0.55347 0.542608 0.528541 0.0464443 0.0104691 0.515787 0.0659339 0.0196182 0.0463157 0.0315709 0.0232748 0.0124778 0.449853 0.088534 0.361319 0.326609 0.318584 0.307921 0.0758474 0.057857 0.0491197 0.0371552 0.0203344 0.298718 0.0228025 0.275916 0.272604 0.266859
internal_count=1601 1535 1474 1462 1431 61 66 1416 175 42 133 123 88 86 1241 204 1037 1011 984 979 166 131 84 73 61 967 81 886 871 826
is_linear=0
shrinkage=0.05


Tree=172
num_leaves=31
num_cat=0
split_feature=4 3 3 0 8 0 3 7 7 7 0 7 4 7 4 4 7 0 3 0 3 0 3 0 0 7 7 3 3 0
split_gain=0.00402713 0.00512097 0.00238962 0.0116009 0.00940769 0.00505398 0.00537084 0.00392089 0.00703597 0.00456485 0.00385998 0.00756448 0.00366836 0.00397643 0.00377207 0.00397507 0.0058615 0.00585539 0.00816545 0.00389124 0.00338091 0.00323011 0.00715861 0.0144807 0.00670043 0.00364468 0.00319926 0.0062171 0.00698972 0.00635117
threshold=0.90906891226768505 0.46044802665710455 0.7825666368007661 0.68847504258155834 1.1000000238418581 0.68325442075729381 0.65760493278503429 0.24956940859556201 0.21744287759065631 0.40936672687530523 0.54250743985176098 0.20585947483778003 0.061181470751762397 0.25203402340412145 0.10330102965235712 0.10737730190157892 0.34635226428508764 0.64837586879730236 0.15279133617877963 0.60341086983680736 0.74863961338996898 0.66973870992660534 0.82271087169647228 0.72374483942985546 0.64769184589385997 0.41764701902866369 0.29026083648204809 0.42185549437999731 0.39376872777938848 0.55075579881668102
decision_type=2 2 2 2 2 2 2 2 2 2 2 2 2 2 2 2 2 2 2 2 2 2 2 2 2 2 2 2 2 2
left_child=2 -2 3 4 5 6 7 8 10 12 -1 -12 13 -9 -14 -16 17 18 -17 -18 -8 24 -23 -24 25 -4 27 28 29 -15
right_child=1 -3 21 -5 -6 -7 20 9 -10 -11 11 -13 14 26 15 16 19 -19 -20 -21 -22 22 23 -25 -26 -27 -28 -29 -30 -31
leaf_value=0.03325967918119703 0.024483504932042384 -0.050590519890691112 -0.012496369785854304 -0.050400631649377796 -0.050354254468994886 0.040920424624786469 -0.050222868166033642 0.048141882905080528 -0.05031223129156346 -0.018858061062374823 -0.033568888284500983 0.017244523123744162 -0.050155822310406009 0.0069179633497650633 0.041171097054913265 0.036872710738691312 0.017064332835382296 0.017054121465679025 -0.05021526555230043 -0.012463428350488021 -0.0084003464761912405 0.024513717298108771 -0.036723661912969378 0.011802752391875362 0.03757357081148148 0.020176898578926409 0.0099458442586102206 -0.050253826319773792 0.036733353558176224 -0.050298949386176711
leaf_weight=0.0065389381139766547 0.0031834927067393446 0.0079291525912594807 0.018754171416730969 0.011349999871981709 0.0088107565283621625 0.0081156116484635277 0.0076068822174875086 0.0061727210486424147 0.0092852117563779757 0.02039909060113132 0.015285292895441671 0.014062582726182882 0.0041243051418859969 0.013864272688010715 0.0051955208018625845 0.0032014182152124695 0.030833193764919997 0.0068941805893700794 0.016900334565889352 0.017484620037066634 0.013248373368696775 0.023422378420946188 0.025795627308980329 0.038050668455980485 0.022265048221015604 0.015664113394450396 0.20936768416623863 0.0065176341076949021 0.01050345972271316 0.0074595515800410786
leaf_count=17 7 62 42 43 69 11 74 6 65 25 55 20 28 56 14 10 33 25 158 29 31 21 44 28 24 5 495 54 10 56
internal_value=0.000739561 -0.0290837 0.00129453 -0.000487999 0.000794066 0.00183469 0.00108823 0.00236524 -0.0115178 0.00411251 -0.00148034 -0.00922069 0.00549672 0.00850187 -0.00351821 -0.00112907 -0.00404715 -0.0227084 -0.0363456 0.00637921 -0.023655 0.0069067 0.000870442 -0.00780323 0.0162 0.00237357 0.00751409 -0.00576358 0.0033472 -0.0130978
internal_weight=0.608286 0.0111126 0.597174 0.453222 0.441872 0.433061 0.424945 0.40409 0.045172 0.358918 0.0358868 0.0293479 0.338519 0.253885 0.0846336 0.0805093 0.0753137 0.0269959 0.0201018 0.0483178 0.0208553 0.143952 0.0872687 0.0638463 0.0566833 0.0344183 0.247713 0.0383449 0.0318273 0.0213238
internal_count=1617 69 1548 1384 1341 1272 1261 1156 157 999 92 75 974 677 297 269 255 193 168 62 105 164 93 72 71 47 671 176 122 112
is_linear=0
shrinkage=0.05


Tree=173
num_leaves=31
num_cat=0
split_feature=0 0 3 7 7 3 3 0 3 3 0 0 3 7 0 6 4 3 7 6 0 3 3 6 0 3 6 7 4 0
split_gain=0.00692311 0.00589889 0.00363933 0.00720335 0.00572867 0.00555123 0.00913098 0.00768825 0.00556373 0.00827914 0.00461156 0.0043721 0.00413013 0.0090346 0.00979095 0.00553201 0.0131802 0.0119251 0.0107835 0.00879378 0.0101565 0.0120193 0.00788987 0.00653096 0.00572281 0.00615469 0.0101632 0.00501439 0.00808711 0.00627479
threshold=0.49897456169128424 0.50153666734695446 0.11837169528007509 0.3215776532888413 0.32112815976142889 0.14949969947338107 0.23826970905065539 0.59132018685340892 0.25693033635616308 0.27557374536991125 0.54746359586715709 0.52949193120002758 0.38075001537799841 0.28039941191673284 0.63454240560531627 0.044124901294708259 0.021412626840174202 0.91124361753463756 0.40085881948471075 0.062248717993497855 0.60718190670013439 0.44735717773437506 0.55229496955871593 0.016761357896029953 0.63949391245841991 0.9999937415122987 0.112552747130394 0.43887381255626684 0.43138721585273748 0.6194719970226289
decision_type=2 2 2 2 2 2 2 2 2 2 2 2 2 2 2 2 2 2 2 2 2 2 2 2 2 2 2 2 2 2
left_child=-1 -2 3 4 -3 -4 7 -7 -8 -10 11 -11 13 14 -12 17 -17 23 19 -18 22 -22 -21 27 -23 26 -26 28 29 -14
right_child=1 2 5 -5 -6 6 8 -9 9 10 12 -13 15 -15 -16 16 18 -19 -20 20 21 24 -24 -25 25 -27 -28 -29 -30 -31
leaf_value=-0.050254955960346875 0.033949006070450864 -0.019387776910474837 0.020981886196883445 -0.050362614814246087 0.050542280465935979 -0.050303185422534868 0.033199380636697272 0.026556209408563392 -0.050383906185312924 0.0072762545261563435 -0.050328178227024636 -0.050397046448609109 -0.016344855151804085 0.016210296255396963 0.033245940493731196 -0.050956513013740948 0.033804021849329319 -0.050566594916665 0.040942922207028026 -0.0034367277209451327 0.043729137449704129 -0.050444419244852393 0.043884684973680463 -0.05033158092717066 0.0012499867528582653 0.011090689111583256 -0.05045415248969394 0.027422880795304052 -0.050477942968876033 0.0064600709440407458
leaf_weight=0.0073892311297640836 0.011468839846202172 0.0087377922497466898 0.026301738245365414 0.01132173797213909 0.0044050929136574277 0.016540834505661905 0.011491184654914832 0.0040504073608644822 0.0086829026204213733 0.0051973602849102471 0.011376899523838802 0.0089359989160584519 0.048257022861434962 0.077760121683127181 0.0050644897419260806 0.010260479035878234 0.01891518269030712 0.015663264854993031 0.020905130135361105 0.0184660905824785 0.0082528015118441544 0.012694241198460077 0.016841989088788978 0.0075120315094636672 0.019018033184693195 0.017720012601785129 0.018999108642219653 0.01276142630376853 0.0092560880796099809 0.080448792575680272
leaf_count=52 6 84 44 56 2 127 31 14 44 13 61 39 216 128 4 20 13 35 8 33 8 45 13 59 34 19 84 9 68 220
internal_value=-0.0021811 -0.00153205 -0.00229148 -0.0211307 0.00405064 -0.00139019 -0.00260325 -0.0351845 -0.00115887 -0.00203045 -0.0010855 -0.0291884 -0.000162173 0.00909019 -0.0245846 -0.0027564 0.00388948 -0.00895035 0.00759633 0.00227108 -0.00305474 -0.013272 0.0191356 -0.00483087 -0.0201463 -0.0132458 -0.0245892 -0.00256312 -0.00533682 -0.00209042
internal_weight=0.554696 0.547307 0.535838 0.0244646 0.0131429 0.511374 0.485072 0.0205912 0.464481 0.452989 0.444307 0.0141334 0.430173 0.0942015 0.0164414 0.335972 0.162073 0.173899 0.151813 0.130907 0.111992 0.0766842 0.0353081 0.158235 0.0684314 0.0557372 0.0380171 0.150723 0.137962 0.128706
internal_count=1589 1537 1531 142 86 1389 1345 141 1204 1173 1129 52 1077 193 65 884 277 607 257 249 236 190 46 572 182 137 118 513 504 436
is_linear=0
shrinkage=0.05


Tree=174
num_leaves=31
num_cat=0
split_feature=0 6 7 4 6 12 12 6 0 0 12 7 7 12 7 7 4 12 7 0 0 0 0 7 7 7 12 0 12 0
split_gain=0.012436 0.00723482 0.00376897 0.0086135 0.00510029 0.00321406 0.00819867 0.00900465 0.00511555 0.00687772 0.00512966 0.00486069 0.00410588 0.00473716 0.0139077 0.00546908 0.0102846 0.00396808 0.00430976 0.00718285 0.00550836 0.00548872 0.00714288 0.00652424 0.00409298 0.0105489 0.0073003 0.00760526 0.00623207 0.0036668
threshold=0.50879192352294933 0.42279385030269628 0.39318042993545538 0.88490688800811779 0.068290233612060561 13.500000000000002 7.5000000000000009 0.10244264081120492 0.53008049726486217 0.53239566087722789 78.500000000000014 0.36907215416431433 0.36143228411674505 2.5000000000000004 0.29099465906620031 0.32112815976142889 0.039763800799846656 15.500000000000002 0.36968341469764715 0.7311936914920808 0.72374483942985546 0.65442833304405224 0.65153902769088756 0.20900084078311923 0.35668857395648962 0.31446340680122381 122.50000000000001 0.63661944866180431 20.500000000000004 0.55075579881668102
decision_type=2 2 2 2 2 2 2 2 2 2 2 2 2 2 2 2 2 2 2 2 2 2 2 2 2 2 2 2 2 2
left_child=-1 2 3 5 -4 6 11 -8 10 -10 -7 12 13 14 -2 16 -15 -11 19 20 21 22 24 -23 25 28 27 -27 -19 -30
right_child=1 -3 4 -5 -6 8 7 -9 9 17 -12 -13 -14 15 -16 -17 -18 18 -20 -21 -22 23 -24 -25 -26 26 -28 -29 29 -31
leaf_value=-0.050322776948466368 0.019747249994558461 -0.05059072997681429 0.00068229181227200434 -0.050464727752894949 0.027327469392923277 -0.050319708574117251 -0.050413565080494584 0.0072784291576450102 0.038108043313799439 0.018385036178420633 0.018387591523546465 -0.028413645742468414 0.034356811024570937 -0.036493217326625825 -0.050379733005976805 0.021924169920706671 0.017945743676689985 -0.050215153070437717 -0.028838243390772275 -0.050421145316768293 0.041992243284914174 0.0030960677680553113 0.04829248241228512 -0.040777260178093161 0.022511740818705231 -0.050282165480097667 0.027457687505477092 0.037238891585628785 0.024104604484588652 0.0027822454188389501
leaf_weight=0.013349792331780463 0.013163435353362729 0.0073901117830246213 0.057985964973340742 0.0092107287571252527 0.026018086275144015 0.0089037459160294929 0.019927247145233196 0.010238718981327111 0.01324862823435069 0.029623315213257229 0.0039093489108381627 0.014803144538745983 0.0090678066844702698 0.016018487618794097 0.015273585296654346 0.030667261861935913 0.018926589570583019 0.0047322894112369332 0.013163552664991585 0.0066751883077813537 0.0083765607714667567 0.017876048219477525 0.0087613750274613267 0.01611016698984713 0.020895569135973346 0.020777542234839075 0.0048620426969137034 0.0028189122804178615 0.027489560801313928 0.075653357777241581
leaf_count=83 28 19 52 75 14 58 137 26 10 44 11 23 7 60 58 56 30 41 26 14 4 19 6 101 33 183 3 13 43 344
internal_value=-0.00265811 -0.00146331 -0.000772006 -0.00262031 0.00893495 -0.00160012 -0.0075716 -0.0308322 0.00151493 0.00297422 -0.0293567 -0.00162116 0.00222507 -0.000872921 -0.0179181 0.00651463 -0.00700855 0.00116876 -0.00106621 0.000633932 0.00226962 0.000605738 0.00435396 -0.0177008 0.00190555 -0.00125272 -0.0283313 -0.0398266 0.00589087 0.00846506
internal_weight=0.545918 0.532568 0.525178 0.441174 0.0840041 0.431963 0.148086 0.030166 0.283877 0.271064 0.0128131 0.11792 0.103117 0.0940494 0.028437 0.0656123 0.0349451 0.257815 0.228192 0.215029 0.208353 0.199977 0.165991 0.0339862 0.157229 0.136334 0.0284585 0.0235965 0.107875 0.103143
internal_count=1621 1538 1519 1453 66 1378 425 163 953 884 69 262 239 232 86 146 90 874 830 804 790 786 666 120 660 627 199 196 428 387
is_linear=0
shrinkage=0.05


Tree=175
num_leaves=31
num_cat=0
split_feature=12 6 12 12 6 3 3 3 3 7 0 0 7 0 3 12 3 3 3 0 3 6 3 3 7 7 12 12 6 7
split_gain=0.0034189 0.00409663 0.00641901 0.00939346 0.00837751 0.00996467 0.00614207 0.00589788 0.00579879 0.00774932 0.00734052 0.00649533 0.00463608 0.00453675 0.00572046 0.00798597 0.00712501 0.00413156 0.00367504 0.00790114 0.00331363 0.00707483 0.00678568 0.006707 0.00499568 0.00271355 0.0038919 0.00718527 0.00290203 0.00250307
threshold=1.0000000180025095e-35 0.059317039325833328 13.500000000000002 7.5000000000000009 1.0000000180025095e-35 0.33219572901725775 0.95116287469863903 0.14294264465570453 0.37857168912887579 0.29671797156333929 0.65442833304405224 0.61477884650230419 0.43887381255626684 0.56718024611473095 0.9999937415122987 4.5000000000000009 0.46486897766590124 0.93225258588790905 0.57239133119583141 0.68672966957092296 0.54906725883483898 0.019979323260486129 0.49298204481601721 0.49115876853466039 0.19280478358268741 0.32395556569099432 3.5000000000000004 25.500000000000004 0.092119917273521437 0.18425646424293521
decision_type=2 2 2 2 2 2 2 2 2 2 2 2 2 2 2 2 2 2 2 2 2 2 2 2 2 2 2 2 2 2
left_child=-1 2 3 4 5 -2 12 -5 11 10 29 -3 17 -7 15 16 -15 18 20 -20 21 22 23 24 -4 28 -27 -28 -11 -10
right_child=1 8 6 7 -6 13 -8 -9 9 25 -12 -13 -14 14 -16 -17 -18 -19 19 -21 -22 -23 -24 -25 -26 26 27 -29 -30 -31
leaf_value=-0.021682573298822855 -0.050358559148983698 -0.050398576564824472 -0.050238047615755559 0.016266612221678901 -0.050546983379645333 0.035084400552143728 -0.050447664762818471 -0.050431453448143704 0.027025809325186174 0.042875595176615204 -0.050304138614710718 0.019336513757997789 0.040724535579583714 0.018613370405675577 0.026942456605667645 0.011225190090075624 -0.050424293286475991 0.039372239393689328 -0.05021082511180263 0.0016192270718562896 0.03673731431988779 -0.050192765780552845 -0.050307376473588274 0.050500388748331571 0.0047902707668781245 0.025642453836928949 -0.018339159031342013 0.020795387222422006 0.0138001265486365 -0.0094011383849621974
leaf_weight=0.018604856001729786 0.0086365863936634923 0.0086753978443994129 0.0042348093039095138 0.0039396899003349964 0.0090412351985378336 0.011629733209701953 0.0055087370446926789 0.020883995977328595 0.0074350311097077784 0.016605508899374399 0.0090060058651033614 0.0054286708764266231 0.0078568785029347055 0.0050642275491554747 0.015417950096889399 0.023095744973943511 0.014262814652965972 0.0070436227251775554 0.010704144852923037 0.023487103234401729 0.0070911225948293568 0.0062929242474751837 0.0056174261878823009 0.0079114375475910492 0.15820761393203497 0.027993562307528919 0.022464522646259866 0.024543608466046862 0.017761306873580907 0.012895078527890291
leaf_count=42 68 46 31 29 27 15 15 120 8 8 61 7 6 12 6 39 53 4 140 39 22 54 49 4 520 15 37 23 44 50
internal_value=-0.000630217 0.000139683 -0.0028002 -0.0127113 -0.00498219 0.000292134 0.00174887 -0.039846 0.00698737 0.0100933 -0.012726 -0.0235575 0.00295474 0.00658904 0.000859629 -0.0086198 -0.0323345 0.00166781 0.000479802 -0.014607 0.00320398 0.00189934 0.00376221 0.00554516 0.0033557 0.0162141 0.0108829 0.00209354 0.0278489 0.00392075
internal_weight=0.527341 0.508736 0.355928 0.111972 0.0871483 0.0781071 0.243956 0.0248237 0.152809 0.138705 0.0293361 0.0141041 0.238447 0.0694705 0.0578407 0.0424228 0.019327 0.23059 0.223547 0.0341912 0.189355 0.182264 0.175971 0.170354 0.162442 0.109369 0.0750017 0.0470081 0.0343668 0.0203301
internal_count=1594 1552 1253 369 220 193 884 149 299 246 119 53 869 125 110 104 65 863 859 179 680 658 604 555 551 127 75 60 52 58
is_linear=0
shrinkage=0.05


Tree=176
num_leaves=31
num_cat=0
split_feature=7 7 0 4 12 7 7 4 12 0 0 12 12 12 0 0 4 7 6 7 6 0 12 12 4 7 4 12 0 12
split_gain=0.00402981 0.0132434 0.00610283 0.00741418 0.00725817 0.00646734 0.0054934 0.00511129 0.00469102 0.0064567 0.00839099 0.00381884 0.00712006 0.00375619 0.00474748 0.00632495 0.00341561 0.00631008 0.00460373 0.00390741 0.00399671 0.00464993 0.00775388 0.00532091 0.0100706 0.00665695 0.00942422 0.00571941 0.0122907 0.00477051
threshold=0.31380061805248266 0.30397830903530126 0.60830920934677135 0.10575854033231737 1.0000000180025095e-35 0.29927712678909307 0.29671797156333929 0.11911555379629137 48.500000000000007 0.67179191112518322 0.64837586879730236 33.500000000000007 56.500000000000007 23.500000000000004 0.53157025575637828 0.58448961377143871 0.39505125582218176 0.45487730205059057 0.13026276230812076 0.31446340680122381 0.059317039325833328 0.53239566087722789 22.500000000000004 10.500000000000002 0.019220188260078434 0.36907215416431433 0.20103058964014056 3.5000000000000004 0.56681209802627575 122.50000000000001
decision_type=2 2 2 2 2 2 2 2 2 2 2 2 2 2 2 2 2 2 2 2 2 2 2 2 2 2 2 2 2 2
left_child=1 2 5 4 -4 6 11 -5 9 10 -9 13 -13 14 -1 -16 17 18 19 -2 21 -21 23 24 27 26 -25 -23 -29 -24
right_child=16 -3 3 7 -6 -7 -8 8 -10 -11 -12 12 -14 -15 15 -17 -18 -19 -20 20 -22 22 29 25 -26 -27 -28 28 -30 -31
leaf_value=0.036575576729599615 0.041922421844646132 -0.050268636595563659 0.037267185730798409 0.049648475999694859 -0.041047049619349366 0.03026096976287302 -0.050321067882405424 -0.050242428073276724 0.0092188903611980771 -0.050554907271340405 0.032864158252956417 -0.050211534360600343 0.0035966391035095421 0.028113523477696047 -0.050166910942581293 0.0088104513851927583 0.01523612768492044 -0.033238149422407652 -0.029920244871206293 0.016603444783532945 0.019164898135087434 0.014991125391794894 -0.028060333037945806 -0.050247067712570738 -0.050481767950069062 0.034217136114848792 0.02455257816397613 0.026562840419103548 -0.050518523982649145 0.026305773667362066
leaf_weight=0.0066650210850127669 0.0070308958984242045 0.01460339457179316 0.0033539468131493768 0.0046711289141967418 0.025099284894054108 0.023235548845150333 0.004997840636633554 0.0048175598426496444 0.026950939849939459 0.010482357492037409 0.0082189736249347334 0.0080608479654529219 0.025906256042731002 0.021744483269685588 0.0070626259630159885 0.012757603471527545 0.060950428897967868 0.012060842593200505 0.0097115750149896485 0.038780730861617485 0.036768881411262555 0.03767500098911114 0.035066564361613928 0.0071105166076677042 0.010209956146354671 0.0252576044149464 0.010326745333713916 0.0090442171076574596 0.012077398096607794 0.0045597275311592958
leaf_count=30 5 127 4 4 164 34 32 39 62 51 20 74 103 56 64 42 84 10 38 75 40 52 180 73 35 17 10 21 50 3
internal_value=0.00104494 -0.00435037 -0.000894297 -0.0110864 -0.0318157 0.00682098 0.000574718 -0.000389886 -0.00502108 -0.0213391 0.0021527 0.00366935 -0.00917276 0.0127138 7.04961e-05 -0.0122052 0.0045999 0.00206438 0.0038121 0.00521262 0.00407499 0.00115645 -0.00280214 0.00393899 -0.00464475 0.0178126 -0.00594901 0.00331479 -0.0175125 -0.0218045
internal_weight=0.525259 0.208628 0.194024 0.0835942 0.0284532 0.11043 0.0871947 0.055141 0.0504698 0.0235189 0.0130365 0.0821968 0.0339671 0.0482297 0.0264853 0.0198202 0.316631 0.255681 0.24362 0.233908 0.226877 0.190108 0.151328 0.111701 0.0690066 0.0426949 0.0174373 0.0587966 0.0211216 0.0396263
internal_count=1599 906 779 344 168 435 401 176 172 110 59 369 177 192 136 106 693 609 599 561 556 516 441 258 158 100 83 123 71 183
is_linear=0
shrinkage=0.05


Tree=177
num_leaves=31
num_cat=0
split_feature=7 3 7 7 7 7 7 12 3 12 3 3 12 3 4 7 7 3 3 12 4 6 6 3 3 3 6 12 12 12
split_gain=0.00614849 0.00841579 0.00831407 0.0053981 0.00255165 0.00474962 0.00532997 0.0046904 0.00467767 0.0038767 0.00343992 0.00318616 0.00558267 0.00954912 0.00758102 0.00679332 0.00810151 0.00524389 0.00471029 0.00312428 0.00284517 0.00671529 0.00262706 0.00604988 0.00353827 0.00485322 0.00338951 0.00410676 0.00238703 0.00610669
threshold=0.24823594093322757 0.39376872777938848 0.21744287759065631 0.25286036729812628 0.27404244244098669 0.27743867039680487 0.2869544923305512 56.500000000000007 0.1386145502328873 1.5000000000000002 0.39707186818122869 0.9999937415122987 5.5000000000000009 0.69944077730178844 0.2547349631786347 0.29099465906620031 0.34216937422752386 0.47482645511627203 0.62963494658470165 1.5000000000000002 0.37901748716831213 0.21670634299516681 0.062526607885956778 0.49298204481601721 0.53623488545417797 0.57629442214965831 1.0000000180025095e-35 47.500000000000007 14.500000000000002 25.500000000000004
decision_type=2 2 2 2 2 2 2 2 2 2 2 2 2 2 2 2 2 2 2 2 2 2 2 2 2 2 2 2 2 2
left_child=1 -1 -3 -2 8 -6 7 -7 -5 -10 -11 12 15 18 -15 -8 -17 -18 22 -19 -16 -22 23 26 -25 -26 -14 -28 -24 -30
right_child=3 2 -4 4 5 6 11 -9 9 10 -12 -13 13 14 20 16 17 19 -20 -21 21 -23 28 24 25 -27 27 -29 29 -31
leaf_value=-0.050344730755749405 0.034798446605162278 0.0044486658934524267 -0.050263898030734444 0.034458022886612531 0.039749064921193275 -0.050223890398953044 0.037226319853944201 0.0095606078757279229 0.026470402018167017 -0.010128993310690455 -0.05027599967865222 0.015027759953219031 0.0080449926338966599 -0.050535646722658811 0.024339124822666876 -0.050328089369377466 -0.03099601635622079 0.015643270844300144 0.033927186054184412 -0.013404682225577336 -0.050246317617659277 0.020006646299621587 0.02882906325480495 -0.050435352119000326 0.020989362103433065 -0.050309003308023306 -0.050395674721637154 0.012814214789766463 -0.029230397396990206 0.022079146705860666
leaf_weight=0.013174566938772614 0.012172169253517495 0.039342586354223386 0.0084315974374931102 0.0043794077786287735 0.0081930952287621039 0.009128969870033643 0.006556919843205832 0.0051211798128179007 0.0035947508549725163 0.010971401984647855 0.010386920596374694 0.044236877263756469 0.14421689001568438 0.013102914799674181 0.0068893445168214376 0.013755041686295044 0.016334653325884574 0.021153749723453075 0.01591292494344998 0.016459253646644356 0.0067987023132900504 0.0068074566324867192 0.02084303324272696 0.0076328538032726092 0.0064361257332166133 0.0037935789705443312 0.0056339978732466989 0.0047243713124771602 0.008361012982277316 0.018924285149296338
leaf_count=98 31 70 59 22 24 93 6 31 6 51 82 32 429 70 14 86 35 19 41 30 37 5 19 39 26 36 35 12 29 42
internal_value=-5.57676e-05 -0.0149643 -0.00520748 0.00195221 0.00104427 0.00206105 0.00129451 -0.0287387 -0.0132032 -0.021568 -0.0296532 0.00239591 0.000773106 0.00411145 -0.0208313 -0.0113682 -0.0160746 -0.00734094 0.00765526 0.00293204 -0.00184112 -0.0150972 0.00575985 0.00287702 -0.0246732 -0.00545089 0.0060607 -0.0215661 0.0160887 0.0063564
internal_weight=0.513471 0.0609488 0.0477742 0.452522 0.44035 0.411017 0.402824 0.0142501 0.0293325 0.0249531 0.0213583 0.388574 0.344337 0.270077 0.0335984 0.0742596 0.0677027 0.0539477 0.236479 0.037613 0.0204955 0.0136062 0.220566 0.172438 0.0178626 0.0102297 0.154575 0.0103584 0.0481283 0.0272853
internal_count=1609 227 129 1382 1351 1190 1166 124 161 139 133 1042 1010 834 126 176 170 84 708 49 56 42 667 577 101 62 476 47 90 71
is_linear=0
shrinkage=0.05


Tree=178
num_leaves=31
num_cat=0
split_feature=7 7 7 7 8 4 7 7 7 0 6 7 7 7 7 7 7 0 3 3 0 0 0 0 4 0 4 6 0 7
split_gain=0.00425135 0.00316039 0.00376736 0.00634421 0.00515215 0.00376962 0.00374701 0.0120082 0.0038769 0.00323499 0.00675284 0.00719237 0.00513258 0.00364633 0.00961691 0.00566685 0.00475319 0.00457005 0.0057248 0.00621087 0.00779648 0.00569776 0.00450742 0.00616021 0.00435623 0.00431605 0.00370164 0.00362132 0.0044475 0.00575338
threshold=0.16157821565866473 0.17903671413660052 0.35668857395648962 0.35238148272037512 1.1000000238418581 0.39505125582218176 0.3600581586360932 0.37243685126304632 0.42508374154567724 0.77539125084877025 0.112552747130394 0.35207463800907141 0.3444990366697312 0.31380061805248266 0.30397830903530126 0.29927712678909307 0.29713262617588049 0.55075579881668102 0.32960823178291326 0.33964461088180548 0.63501799106597911 0.69246587157249462 0.59132018685340892 0.58448961377143871 0.10575854033231737 0.66786432266235363 0.10190830007195474 0.10244264081120492 0.50153666734695446 0.34216937422752386
decision_type=2 2 2 2 2 2 2 2 2 2 2 2 2 2 2 2 2 2 2 2 2 2 2 2 2 2 2 2 2 2
left_child=-1 -2 3 4 9 6 -4 -8 -9 10 12 -12 13 14 15 16 17 -3 -19 -20 22 -22 23 -21 26 -26 27 28 -15 -30
right_child=1 2 5 -5 -6 -7 7 8 -10 -11 11 -13 -14 24 -16 -17 -18 18 19 20 21 -23 -24 -25 25 -27 -28 -29 29 -31
leaf_value=-0.050205665277248158 0.027820511762434809 0.015501961361406731 0.021463090545285807 -0.05034287222692102 -0.050343233149084912 0.019470260117285008 -0.035526784427063175 0.012078974809959064 -0.0094693463985997262 0.026090562581388095 -0.040993709723282125 0.021163251727942905 -0.031219295189297343 0.038069197623006888 -0.050251637829289958 0.023101266320489661 -0.050297106560240071 -0.050179690188292658 0.03004606422539793 -0.050169945841422252 0.01422648598553144 -0.027244631733562303 -0.050250403019923721 0.021992205037835812 -0.050138288994917485 0.0096942624912770507 0.0501758236031579 0.050539130869147346 -0.0061863708583901854 0.043539112901864671
leaf_weight=0.004143885922530898 0.010475569510163041 0.029223242863508858 0.021024852075242961 0.0070281761882142737 0.0054685302803534333 0.039144761445641052 0.021277536367961147 0.071630343734796043 0.029457862925482914 0.010352237892220728 0.020056155798897635 0.0060603870078921309 0.012390361126790594 0.009918555603690038 0.0099392477246738054 0.023445613130661513 0.0052438322932175643 0.007154812129670062 0.011780764310060476 0.0051279216268085293 0.032621679219346333 0.011100705269200262 0.013934651837416823 0.0069872049705281825 0.0054585514390055323 0.0067303891701158136 0.0068626822903752318 0.005406751297414302 0.039341450320307558 0.0068264435267337822
leaf_count=33 18 120 26 46 64 29 64 81 24 7 156 2 67 11 103 49 33 89 11 44 96 28 119 17 60 8 1 2 203 10
internal_value=0.000226342 0.000651564 5.9854e-05 -0.00340072 -0.00226866 0.00571817 0.00196394 -0.0013864 0.00579963 -0.00134932 -0.00237999 -0.0265701 0.00015217 0.00179155 -0.00265586 0.000570606 -0.00371797 -0.00164682 -0.00729619 -0.00353393 -0.00920379 0.00369736 -0.0308573 -0.00855158 0.0104362 -0.0171004 0.0153465 0.0114595 0.0076922 0.0011661
internal_weight=0.495615 0.491471 0.480996 0.29846 0.291432 0.182535 0.143391 0.122366 0.101088 0.285964 0.275611 0.0261165 0.249495 0.237104 0.15656 0.14662 0.123175 0.117931 0.0887077 0.0815529 0.0697722 0.0437224 0.0260498 0.0121151 0.0805448 0.0121889 0.0683559 0.0614932 0.0560864 0.0461679
internal_count=1621 1588 1570 1346 1300 224 195 169 105 1236 1229 158 1071 1004 709 606 557 524 404 315 304 124 180 61 295 68 227 226 224 213
is_linear=0
shrinkage=0.05


Tree=179
num_leaves=31
num_cat=0
split_feature=0 7 7 4 7 7 6 4 0 3 0 3 6 3 0 3 0 3 4 7 0 0 0 0 6 7 4 0 7 7
split_gain=0.00460868 0.00490111 0.00298909 0.00495296 0.00472562 0.00448653 0.00405825 0.00348685 0.0034061 0.00436195 0.0117586 0.00486801 0.00473088 0.00365155 0.00363283 0.00350373 0.00330086 0.00323194 0.004631 0.00687964 0.00447632 0.00476968 0.00758732 0.0045963 0.00462609 0.00437744 0.00815112 0.00548509 0.00384356 0.00782072
threshold=0.7311936914920808 0.47617350518703466 0.38767705857753759 0.77321669459342968 0.3792655616998673 0.37388662993907934 0.21670634299516681 0.57699853181839 0.72374483942985546 0.59842529892921459 0.64657899737358104 0.74061912298202526 0.07689939066767694 0.82271087169647228 0.67607370018959057 0.57091325521469127 0.62397128343582164 0.41332446038722997 0.039763800799846656 0.32923476397991186 0.60407859086990368 0.55075579881668102 0.56681209802627575 0.58536961674690258 0.025456773117184642 0.21744287759065631 0.058303298428654678 0.56425142288208019 0.32970482110977178 0.35800749063491827
decision_type=2 2 2 2 2 2 2 2 2 2 2 2 2 2 2 2 2 2 2 2 2 2 2 2 2 2 2 2 2 2
left_child=1 2 3 5 -5 6 8 -8 9 15 -11 12 -12 -13 -15 17 -4 20 19 -19 21 28 -23 -24 -25 -20 -27 -28 -1 -30
right_child=-2 -3 16 4 -6 -7 7 -9 -10 10 11 13 -14 14 -16 -17 -18 18 25 -21 -22 22 23 24 -26 26 27 -29 29 -31
leaf_value=0.014920018212940075 -0.024720058758108093 -0.031402731282845923 0.020793440493905951 -0.050221261394120614 0.024960472385228541 -0.027451495234425635 0.0015982947326950662 0.04530672085692905 0.032747070321740041 -0.050230651427592747 -0.050367338814457908 0.020678261405891001 0.01500522720741774 0.013719831281360922 -0.025957370889462324 0.027975403701905273 -0.0021086996734832326 -0.0501539826142035 0.0356385169609739 0.0051370908940434864 0.018849023212387333 -0.05019222040682967 0.0075869696214505627 -0.050357847537542633 0.013520348622394067 0.028546817167406126 0.023551977305494926 -0.050447847295946514 -0.036877063212424226 0.016794562792570231
leaf_weight=0.056621524497785458 0.019635375477264461 0.012067365896655247 0.036322424286481692 0.0090133467667783407 0.0027211477863602349 0.014072030387978884 0.0087934753987610748 0.0094842966936994344 0.0077845189171057419 0.015413562951607673 0.0083793703513492801 0.022673130571547517 0.0041323371265207251 0.010767351916001644 0.012427606083292631 0.01277056360493134 0.027755434566643089 0.013227388510131277 0.0077099830123188431 0.0097897956393353525 0.040807036643855099 0.010282825829335707 0.03178450856978543 0.0081681155166961616 0.0043404447351349526 0.0091496525274123996 0.003307501325252816 0.010310100498259089 0.012577768190340066 0.014743070296390215
leaf_count=209 32 13 38 96 2 34 38 3 5 148 52 38 11 17 29 34 20 126 9 38 81 116 107 71 13 12 8 85 74 16
internal_value=-0.00101114 2.93913e-05 0.00090069 -0.00082058 -0.0327871 0.000222793 0.00135013 0.0242785 6.9198e-05 -0.000727278 -0.0113871 -0.00113157 -0.0287762 0.00640923 -0.00753878 0.00247572 0.0108733 0.00107702 -0.00970893 -0.0266373 0.00429457 6.87487e-06 -0.0114998 -0.00251724 -0.0281922 0.00307579 -0.00795136 -0.0324745 0.00748807 -0.00791439
internal_weight=0.467033 0.447398 0.43533 0.371252 0.0117345 0.359518 0.345446 0.0182778 0.327168 0.319384 0.0737934 0.0583798 0.0125117 0.0458681 0.023195 0.24559 0.0640779 0.23282 0.0534944 0.0230172 0.179325 0.138518 0.0545759 0.0442931 0.0125086 0.0304772 0.0227673 0.0136176 0.0839424 0.0273208
internal_count=1575 1543 1530 1472 98 1374 1340 41 1299 1294 295 147 63 84 46 999 58 965 278 164 687 606 307 191 84 114 105 93 299 90
is_linear=0
shrinkage=0.05


Tree=180
num_leaves=31
num_cat=0
split_feature=7 0 7 0 0 7 12 12 12 12 12 0 7 0 12 0 0 4 4 0 7 7 7 12 12 7 4 7 0 7
split_gain=0.00557989 0.00758286 0.00676703 0.00433402 0.00425339 0.00418726 0.00404984 0.00399973 0.0053982 0.00418966 0.00393514 0.0039275 0.00391613 0.00536934 0.0103577 0.00595297 0.00483363 0.00631831 0.00400713 0.00375931 0.0112389 0.00610262 0.00564883 0.0092466 0.00779549 0.00664715 0.00839801 0.00458626 0.00448732 0.00312109
threshold=0.32349976897239691 0.77539125084877025 0.30340439081192022 0.50153666734695446 0.71654811501503002 0.31446340680122381 16.500000000000004 101.50000000000001 96.500000000000014 67.500000000000014 66.500000000000014 0.68325442075729381 0.29927712678909307 0.63501799106597911 31.500000000000004 0.60830920934677135 0.66973870992660534 0.15009842067956927 0.050559889525175102 0.6076960861682893 0.34216937422752386 0.40936672687530523 0.32533910870552069 28.500000000000004 25.500000000000004 0.35800749063491827 0.39505125582218176 0.3952689021825791 0.62397128343582164 0.27743867039680487
decision_type=2 2 2 2 2 2 2 2 2 2 2 2 2 2 2 2 2 2 2 2 2 2 2 2 2 2 2 2 2 2
left_child=1 2 4 -2 7 -4 -7 8 9 10 12 -11 13 14 15 29 18 -18 -15 20 -5 27 -21 24 25 26 -24 -22 -25 -1
right_child=3 -3 5 19 -6 6 -8 -9 -10 11 -12 -13 -14 16 -16 -17 17 -19 -20 22 21 -23 23 28 -26 -27 -28 -29 -30 -31
leaf_value=0.01046905511541352 0.028357949104478575 0.039159367276786303 -0.050214026329783779 -0.050248365587450765 -0.050245510447952307 -0.0025380347181824352 -0.050227474054940782 -0.050152247673209742 0.033118265701740757 -0.050230200096694849 0.040867940556007197 0.011519342759873914 0.019176240505751861 -0.013615082345704613 -0.050286949577091268 -0.050234166322413357 0.01666128407136077 -0.050589692593002049 0.031266586870257553 0.048031754624699191 0.00077459694924218649 -0.033701661925730091 -0.050288416209910092 0.014399532601270519 0.047315911139725435 0.011120852364861589 0.026771418472185827 0.034095654320938806 -0.050431953289341483 -0.021870224293910608
leaf_weight=0.030869023029453047 0.016806493538524592 0.0084109790623188019 0.013978257047767784 0.012088039297623254 0.0049903030453606325 0.016506540264003888 0.0060958003579969491 0.0044288129317919802 0.010226184304428898 0.0088155790728023931 0.0051842888024111735 0.0036376367133925678 0.016270091879050597 0.0066808824394684043 0.016540102620126618 0.0061208004477748537 0.0070537957590204314 0.0069177728616978129 0.0194562881206366 0.0081840414914040593 0.072067101101083608 0.01122406236390816 0.010512693414966634 0.0036182008393552687 0.01241971393028507 0.078896438972151373 0.0053271903161657965 0.012053932819981128 0.010174373582685803 0.0098387599867493236
leaf_count=125 17 5 146 129 27 41 57 44 12 88 5 5 41 29 157 45 19 43 41 6 172 20 78 16 7 71 15 11 51 80
internal_value=-0.00111841 -0.00731666 -0.00933571 0.00382366 -0.00482403 -0.0287031 -0.0153998 -0.00333319 -0.00192847 -0.00453716 -0.00178043 -0.0321929 -0.00362683 -0.00721223 -0.0162735 -0.00425978 0.00710389 -0.0166368 0.0197945 0.00208066 -0.00482965 0.000928628 0.00782975 0.00510946 0.0100694 0.00518645 -0.024372 0.00554926 -0.0334247 0.0026529
internal_weight=0.455394 0.202022 0.193611 0.253372 0.15703 0.0365806 0.0226023 0.15204 0.147611 0.137385 0.124932 0.0124532 0.119748 0.103477 0.0633687 0.0468286 0.0401087 0.0139716 0.0261372 0.236566 0.107433 0.0953451 0.129133 0.120949 0.107156 0.0947363 0.0158399 0.084121 0.0137926 0.0407078
internal_count=1603 1010 1005 593 761 244 98 734 690 678 585 93 580 539 407 250 132 62 70 576 332 203 244 238 171 164 93 183 67 205
is_linear=0
shrinkage=0.05


Tree=181
num_leaves=31
num_cat=0
split_feature=6 6 7 12 7 12 7 4 7 0 7 6 6 0 0 12 7 12 6 6 6 3 0 3 12 12 6 7 3 7
split_gain=0.00284252 0.00423741 0.00566532 0.0040205 0.00578526 0.00400119 0.00680146 0.00326104 0.00252795 0.00319237 0.00239983 0.00292606 0.00518888 0.00413795 0.00732315 0.00461177 0.0102074 0.00508544 0.00567563 0.00826224 0.00636321 0.00741265 0.00527837 0.00503199 0.004085 0.00716134 0.00352937 0.00453309 0.00554515 0.00325029
threshold=0.35133899748325353 0.19356048852205279 0.19280478358268741 80.500000000000014 0.19280478358268741 103.50000000000001 0.35122287273406988 0.10190830007195474 0.20731281489133838 0.53884640336036693 0.20900084078311923 0.083485122770071044 0.071223910897970213 0.66973870992660534 0.71406409144401561 51.500000000000007 0.35800749063491827 42.500000000000007 0.061920523643493659 0.019979323260486129 0.019561945460736755 0.27557374536991125 0.53157025575637828 0.44331572949886328 11.500000000000002 5.5000000000000009 0.094888828694820418 0.41552206873893743 0.58984857797622692 0.39318042993545538
decision_type=2 2 2 2 2 2 2 2 2 2 2 2 2 2 2 2 2 2 2 2 2 2 2 2 2 2 2 2 2 2
left_child=1 3 -3 4 -1 7 -7 8 -5 -10 -6 12 13 15 -15 17 -17 18 19 20 21 24 -19 -24 25 -12 -13 28 -28 -23
right_child=-2 2 -4 5 10 6 -8 -9 9 -11 11 26 -14 14 -16 16 -18 22 -20 -21 -22 29 23 -25 -26 -27 27 -29 -30 -31
leaf_value=-0.050503065915667361 0.017889103099996768 0.022196776566931663 -0.050479003603134877 0.028955265825301869 0.017523183613488397 -0.050181994797349708 0.039352863478338038 0.030862254850482704 0.018609462407724663 -0.050208494901969318 -0.050329008063989059 0.025166435811956045 -0.050797269716554828 -0.050406373270090711 0.0025871068304384988 -0.038328490057077114 0.017010254931195994 0.039883045013763781 0.029677787536660328 -0.050356772252194808 0.046242817450350103 -0.0045534893118831824 -0.024479840456981882 0.023990557178907503 -0.050204365038494347 0.0187747728936212 0.0092171520464270542 0.034544242659267067 -0.032559046677755339 0.014211691292795462
leaf_weight=0.006421956220322044 0.017559118905410287 0.0037102949281688788 0.0096712988495255559 0.0040968910616356879 0.014196616579567944 0.0057095561187452404 0.0033748171699699014 0.023554216576485487 0.0029533830443142506 0.0039245092433475293 0.0066349948233437326 0.018005098470894154 0.0062009451121411976 0.012833302224862564 0.013250092071075414 0.023773851644023125 0.01282977539813146 0.015108844732367288 0.012163934734417126 0.0097497751255559706 0.0063192673333105622 0.087472021903579389 0.010058760839228853 0.011449537256396525 0.012078424839401691 0.0086197644566254894 0.017655680323059642 0.0071111754223238668 0.014439421784118167 0.031344727467512712
leaf_count=50 26 4 70 3 28 54 3 32 5 40 47 17 18 58 26 169 17 12 14 65 4 431 42 26 165 47 57 4 51 24
internal_value=-0.00181541 -0.00264971 -0.0303283 -0.00172682 -0.00347424 0.0126056 -0.0169201 0.0203736 -0.00213729 -0.0206579 -0.00261452 -0.0034626 -0.00556872 -0.00454397 -0.0234862 -0.00254853 -0.018932 0.000293617 -0.00326338 -0.00573346 -0.00287998 -0.00500397 0.0172332 0.00132246 -0.0284814 -0.0112816 0.00684087 -0.00157497 -0.00957775 0.000396903
internal_weight=0.432272 0.414713 0.0133816 0.401331 0.357718 0.0436134 0.00908437 0.034529 0.0109748 0.00687789 0.351296 0.337099 0.279888 0.273687 0.0260834 0.247604 0.0366036 0.211 0.174383 0.162219 0.152469 0.14615 0.0366171 0.0215083 0.0273332 0.0152548 0.0572114 0.0392063 0.0320951 0.118817
internal_count=1609 1583 74 1509 1372 137 57 80 48 45 1322 1294 1165 1147 84 1063 186 877 797 783 718 714 80 68 259 94 129 112 108 455
is_linear=0
shrinkage=0.05


Tree=182
num_leaves=31
num_cat=0
split_feature=7 7 7 7 7 4 0 0 4 7 7 4 7 0 7 0 0 12 0 4 4 7 4 0 0 12 12 0 7 7
split_gain=0.00263214 0.00561027 0.00415046 0.0029152 0.00538075 0.00265888 0.0086072 0.00597306 0.005157 0.0105487 0.00955508 0.00689087 0.00626828 0.00528914 0.00511922 0.0048311 0.00505219 0.00476428 0.0039583 0.00314944 0.00618816 0.00338209 0.00656112 0.00486701 0.00240283 0.00624917 0.00517492 0.00371164 0.00508969 0.00358088
threshold=0.38034547865390783 0.37388662993907934 0.17414723336696628 0.37243685126304632 0.36907215416431433 0.60585561394691478 0.77539125084877025 0.74799716472625744 0.39505125582218176 0.35207463800907141 0.35876084864139562 0.35555425286293035 0.35800749063491827 0.71406409144401561 0.29728055000305181 0.49897456169128424 0.50153666734695446 35.500000000000007 0.66160073876380932 0.061181470751762397 0.18599092960357669 0.21744287759065631 0.2052375674247742 0.5440458655357362 0.54031535983085643 2.5000000000000004 97.500000000000014 0.54181236028671276 0.20322809368371966 0.20900084078311923
decision_type=2 2 2 2 2 2 2 2 2 2 2 2 2 2 2 2 2 2 2 2 2 2 2 2 2 2 2 2 2 2
left_child=1 2 -1 4 5 7 14 8 10 18 11 12 13 15 17 -4 -17 -7 -10 24 -21 -22 -23 -24 25 -18 -27 -26 -29 -30
right_child=-2 -3 3 -5 -6 6 -8 -9 9 -11 -12 -13 -14 -15 -16 16 19 -19 -20 20 21 22 23 -25 27 26 -28 28 29 -31
leaf_value=-0.050161034133929798 0.0076149057405604063 -0.05026977028820219 -0.050373125415859137 0.031038091880894566 -0.050383830935293784 0.018271908588920922 0.050518123187853328 -0.050382186335702885 -0.050273804654552105 0.049931876123812828 -0.050281768376027686 -0.050567984107838006 0.044340807529067605 0.033705473156582469 -0.050468393892247568 0.040470064135854855 0.027763477399487976 -0.050198437663484786 0.0083236534327936484 -0.050179216011082522 0.025131332534054487 0.032991862797486227 0.028580634425916265 -0.050177354821953492 0.033420325704357073 -0.050230257093786403 0.030714140930758034 -0.050372616341272873 0.033451747138873847 0.0016681096283191719
leaf_weight=0.0042319075794239316 0.094651739145774627 0.0058718701366160522 0.0046955526369174541 0.0072449012004653915 0.0054300190504363846 0.0079570691254957637 0.0042385323904454699 0.0054935634398134417 0.0042819981699722129 0.015706971607869491 0.0091179339119662473 0.0061096410754544186 0.0089154985325876623 0.012142454140303016 0.011605457520317941 0.007770935608277795 0.0058921846994053331 0.0037322178594649822 0.0088146445050369948 0.0089445160398327062 0.0079826014007267077 0.0051683847941603736 0.0024586231920693544 0.0097037410412212921 0.01020184292246995 0.010208175375566952 0.0024480900174239659 0.0044602805501199319 0.0095357973259524442 0.1253804201508899
leaf_count=46 92 21 41 6 17 38 1 13 42 8 49 22 5 18 63 4 9 40 17 132 10 11 15 108 9 124 3 18 13 616
internal_value=0.000250615 -0.00182549 -0.000963163 -0.000323809 -0.00103743 -0.00018126 -0.0150199 0.00125009 0.00226333 0.0223019 -3.49618e-05 0.00185806 0.00321581 0.00160056 -0.0269447 -0.000213867 0.000906852 -0.00358967 -0.010835 -0.000612251 -0.01443 -0.0017979 -0.0142016 -0.0342564 0.00220327 -0.0147711 -0.0345733 0.00430818 0.00217728 0.00391456
internal_weight=0.430398 0.335746 0.329874 0.325642 0.318397 0.312967 0.0275333 0.285434 0.27994 0.0288036 0.251137 0.242019 0.235909 0.226994 0.0232947 0.214851 0.210156 0.0116893 0.0130966 0.202385 0.0342579 0.0253134 0.0173307 0.0121624 0.168127 0.0185485 0.0126563 0.149578 0.139376 0.134916
internal_count=1611 1519 1498 1452 1446 1429 142 1287 1274 67 1207 1158 1136 1131 141 1113 1072 78 59 1068 276 144 134 123 792 136 127 656 647 629
is_linear=0
shrinkage=0.05


Tree=183
num_leaves=31
num_cat=0
split_feature=3 3 3 4 6 12 0 0 6 4 4 0 6 4 0 12 12 6 4 4 0 4 12 3 12 12 12 0 0 6
split_gain=0.00528666 0.00580229 0.00508447 0.00524115 0.00437618 0.00425462 0.00356963 0.00431298 0.0034576 0.00319426 0.00287468 0.00278635 0.00557238 0.00590343 0.00369697 0.00408976 0.00617537 0.00369471 0.00605409 0.00512065 0.00351882 0.00321546 0.00433809 0.00685495 0.00307203 0.00463113 0.00619794 0.00419356 0.00412589 0.00546155
threshold=0.32960823178291326 0.33219572901725775 0.24546115100383761 0.30000026524066931 0.019561945460736755 72.500000000000014 0.54092115163803112 0.5440458655357362 0.019979323260486129 0.20103058964014056 0.46106496453285223 0.5675877332687379 0.059317039325833328 0.59553310275077831 0.56139713525772106 66.500000000000014 2.5000000000000004 0.071223910897970213 0.47690545022487646 0.039763800799846656 0.69979330897331249 0.045974882319569595 23.500000000000004 0.9999937415122987 22.500000000000004 63.500000000000007 64.500000000000014 0.68325442075729381 0.71406409144401561 0.016761357896029953
decision_type=2 2 2 2 2 2 2 2 2 2 2 2 2 2 2 2 2 2 2 2 2 2 2 2 2 2 2 2 2 2
left_child=2 -2 4 -4 5 6 10 -8 -6 -9 -1 14 13 24 15 16 -3 -14 19 -19 -20 -21 23 -23 28 -26 -27 -28 29 -13
right_child=1 11 3 -5 8 -7 7 9 -10 -11 -12 12 17 -15 -16 -17 -18 18 20 21 -22 22 -24 -25 25 26 27 -29 -30 -31
leaf_value=-0.050166939210727138 0.046877882162508391 0.015368232436632587 -0.050236429979793266 0.0049296369842083592 0.050173248353446123 0.0074902798672140686 0.011030519741277063 -0.050268072966677159 -0.0053734430993534824 0.0067606015605125476 0.0085216643294340252 -0.00011624004664491371 0.025010523427057282 -0.050400894164072375 0.030842308614519132 0.029795825441145864 -0.050286645929274822 -0.050564294799560629 0.026468719709099333 0.026143034789881989 -0.0088259764661885592 -0.05024395277928409 0.0098195869319349822 0.005576378086815513 -0.032158861685050874 0.041935555880066921 -0.050198163414746491 0.0049022392744385154 0.033577941720609676 -0.037779718480834945
leaf_weight=0.012670139120558588 0.0066263855624129056 0.0073865425438270904 0.015169064186409287 0.0060118494652670043 0.0055282516404986382 0.018638560839690399 0.012317154965785448 0.0075913080593892346 0.0056800094964728487 0.0036293005186962546 0.0024978655574159356 0.08976857325524179 0.021512454687126592 0.0078594990236524609 0.015731618823338067 0.0071643208648310966 0.0069527237651527685 0.0064495740198253762 0.027708756716720018 0.007854315685108304 0.0094771953258714348 0.011526872938702581 0.01733631207525832 0.010519038245547563 0.023647958050162288 0.0062268063193187109 0.0058851409080489256 0.0083561471838038415 0.0078072911683193516 0.01078133209398402
leaf_count=164 6 8 146 17 2 52 19 100 41 14 10 259 22 56 24 11 48 24 56 6 22 63 56 8 198 2 88 13 7 49
internal_value=-0.00245398 0.000582476 -0.0131666 -0.0345785 -0.00655086 -0.0121359 -0.0215869 -0.00939765 0.0220239 -0.0318222 -0.0405021 -0.000407261 -0.00215896 -0.00814275 0.0124225 -0.00105304 -0.016466 0.00637777 0.00196678 -0.00877405 0.0174735 -0.0030681 -0.00889391 -0.0236097 -0.00596448 -0.0170873 0.000325636 -0.0178677 -0.00143597 -0.00415466
internal_weight=0.406312 0.316579 0.0897335 0.0211809 0.0685526 0.0573443 0.0387058 0.0235378 0.0112083 0.0112206 0.015168 0.309952 0.272717 0.160333 0.0372352 0.0215036 0.0143393 0.112385 0.0908721 0.0536861 0.037186 0.0472365 0.0393822 0.0220459 0.152473 0.0441161 0.0204681 0.0142413 0.108357 0.10055
internal_count=1591 1026 565 163 402 359 307 133 43 114 174 1020 929 672 91 67 56 257 235 157 78 133 127 71 616 301 103 101 315 308
is_linear=0
shrinkage=0.05


Tree=184
num_leaves=31
num_cat=0
split_feature=12 7 6 6 7 7 7 3 0 0 7 7 7 0 0 0 3 0 6 0 0 4 4 0 4 0 7 7 4 12
split_gain=0.00260537 0.0039719 0.00344613 0.00482029 0.00421368 0.0053593 0.00438416 0.00796171 0.00482332 0.00350666 0.00498255 0.00330958 0.00840118 0.00420807 0.00566664 0.00507614 0.0030162 0.00502375 0.00835922 0.00354569 0.00912898 0.00297094 0.00484815 0.00274228 0.00793159 0.00428205 0.00546921 0.00335531 0.00556965 0.00267263
threshold=13.500000000000002 0.24956940859556201 0.061920523643493659 0.019979323260486129 0.27404244244098669 0.27784481644630438 0.38307331502437597 0.33455349504947668 0.66786432266235363 0.58017861843109142 0.32241795957088476 0.29629880189895635 0.28075930476188665 0.54031535983085643 0.55075579881668102 0.57647201418876659 0.53623488545417797 0.61786010861396801 0.028463895432651046 0.61058136820793163 0.65153902769088756 0.39505125582218176 0.04830529727041722 0.54181236028671276 0.22545011341571811 0.56681209802627575 0.3600581586360932 0.35122287273406988 0.0212542898952961 55.500000000000007
decision_type=2 2 2 2 2 2 2 2 2 2 2 2 2 2 2 2 2 2 2 2 2 2 2 2 2 2 2 2 2 2
left_child=1 -1 3 4 -3 -6 7 9 -9 10 -7 12 13 -2 -15 -16 17 18 23 -18 -21 22 -4 29 25 -25 27 28 -27 -13
right_child=11 2 21 -5 5 6 -8 8 -10 -11 -12 16 -14 14 15 -17 19 -19 -20 20 -22 -23 -24 24 -26 26 -28 -29 -30 -31
leaf_value=-0.050225361806970181 -0.050109128617277836 -0.050308713216170267 0.014331521017587327 -0.050377268713064742 0.040212387603500571 0.015091527472288722 0.0053691613719925035 -0.050194377031207264 -0.004792785853386515 0.041055790956495336 -0.050228931564888446 0.020775591445638182 -0.050227967621224216 0.037545107291563781 -0.050152782425887568 0.0019220857414759297 0.037227890728303736 0.023643129359970608 -0.050389616446096068 -0.050326069898700226 0.019862250174175797 0.018800919109836018 -0.023331133906294967 -0.050248751353606139 0.027996454431632734 -0.050171727155582706 -0.050352592375477845 0.036247087544415996 0.021534003271323349 -0.0064777181254076031
leaf_weight=0.0046777776885562608 0.0038747185085696847 0.0051289484858898495 0.017890129699935642 0.0066147127777185224 0.006445624982006847 0.0087966659248195356 0.03813849880680209 0.017788447857810752 0.0087162307663675165 0.0054656035017615059 0.0043695434291066712 0.027127476920554727 0.0090632800951624404 0.010397824675237644 0.0050938471307517821 0.057557129816473207 0.015802350016883793 0.023367500311138656 0.008234005891608831 0.0055160371694000778 0.02892835259876847 0.025836405542577268 0.016357104279450141 0.0083920996775077583 0.012089868366274459 0.0048886912250054593 0.0057959617292908652 0.0059267970073051393 0.0060711796163559484 0.013458975678986462
leaf_count=50 61 32 19 30 6 39 33 135 22 13 53 65 130 16 63 235 29 55 53 65 75 26 43 82 22 70 20 7 18 28
internal_value=5.24782e-05 -0.00480498 -0.00348979 -0.0091094 -0.00623142 -0.00371171 -0.00711151 -0.0176572 -0.0352638 0.0073891 -0.00658674 0.00326185 -0.00469656 0.000668038 0.0033614 -0.00231187 0.00739423 0.00294063 -0.00231854 0.0176185 0.00862206 0.00600016 -0.00365685 0.00240758 -0.00636561 -0.0197344 -0.00844478 0.00593911 -0.0104506 0.0117381
internal_weight=0.417812 0.166226 0.161548 0.101464 0.0948496 0.0897206 0.083275 0.0451365 0.0265047 0.0186318 0.0131662 0.251586 0.0859868 0.0769235 0.0730488 0.062651 0.165599 0.115353 0.0919851 0.0502467 0.0344444 0.0600836 0.0342472 0.0837511 0.0431646 0.0310747 0.0226826 0.0168867 0.0109599 0.0405865
internal_count=1595 501 451 363 333 301 295 262 157 105 92 1094 505 375 314 298 589 420 365 169 140 88 62 312 219 197 115 95 88 93
is_linear=0
shrinkage=0.05


Tree=185
num_leaves=31
num_cat=0
split_feature=6 6 7 7 4 7 7 7 7 7 3 7 3 3 0 3 7 7 0 0 0 3 3 0 3 0 0 3 3 7
split_gain=0.0019059 0.00623972 0.00621832 0.00691481 0.00595468 0.0041726 0.00581994 0.00316477 0.0060772 0.00290279 0.00283434 0.00237673 0.00182192 0.00643409 0.0030402 0.00299834 0.00574995 0.00314883 0.0032344 0.00296893 0.00226338 0.00482253 0.00465994 0.00433977 0.00537677 0.00491652 0.00602749 0.00496282 0.00478152 0.00439579
threshold=0.059317039325833328 0.019979323260486129 0.40085881948471075 0.36968341469764715 0.54029431939125072 0.29671797156333929 0.26849241554737097 0.24956940859556201 0.18425646424293521 0.19280478358268741 0.81364682316780101 0.20900084078311923 0.14949969947338107 0.21750554442405703 0.5440458655357362 0.11837169528007509 0.35876084864139562 0.32112815976142889 0.52118885517120372 0.58113190531730663 0.55893534421920787 0.27557374536991125 0.22022949904203418 0.56718024611473095 0.33455349504947668 0.61786010861396801 0.6263895332813264 0.49115876853466039 0.57239133119583141 0.3952689021825791
decision_type=2 2 2 2 2 2 2 2 2 2 2 2 2 2 2 2 2 2 2 2 2 2 2 2 2 2 2 2 2 2
left_child=1 9 3 5 -3 6 7 8 -2 10 -1 -11 14 -14 15 16 17 18 -13 -16 22 -22 -15 -23 -25 28 -27 -28 -26 -29
right_child=2 4 -4 -5 -6 -7 -8 -9 -10 11 -12 12 13 20 19 -17 -18 -19 -20 -21 21 23 -24 24 25 26 27 29 -30 -31
leaf_value=-0.050290619599479974 0.022904400839876212 -0.050234510726281933 0.03777416991885154 -0.035622576978861502 0.014673110505628195 0.012980914897179049 -0.050200739136661801 0.02688924352850653 -0.050254164879667586 0.020559363719364628 0.0023527221209927677 -0.050235035579252178 -0.050212699076900819 0.035328004231781944 -0.050225424942882194 0.035210560216816886 -0.050416961493908813 0.024377568004592686 0.026655614353634973 0.01748384473688001 -0.050335336219220962 0.033442281164199672 -0.020858608135813118 0.029695042755143911 -0.0077217117298163385 0.032045853844091726 -0.050261804927451081 0.0089517885215287356 -0.050221761353192465 -0.026476149553802921
leaf_weight=0.0054753992577047939 0.0056612266016600188 0.011907238797732589 0.013640686316648498 0.010997678786225151 0.005024580210374551 0.066548643352234649 0.006841634649617844 0.0082665531760994782 0.0056935064885692555 0.01522148000742618 0.0047968128055799752 0.003292509618006533 0.0066775334010884526 0.0043084608332719645 0.0039161907435527601 0.011936860348214395 0.0039756277765263795 0.018600081597242024 0.0023394958451490311 0.0027600009561865591 0.0042441862542545996 0.011342905734295528 0.025717814568110953 0.014833839380003155 0.035741228750850951 0.016616227486338175 0.0048796345333812488 0.04641724384077861 0.0081218932820092959 0.010791076230816543
leaf_count=45 11 103 8 16 15 139 62 25 39 27 4 52 88 3 49 18 14 44 24 3 42 26 126 47 189 45 32 206 70 8
internal_value=0.000695449 -0.00155563 0.00603258 0.00186971 -0.0309729 0.0063028 -0.0104913 0.00335482 -0.0137789 0.000345419 -0.0257078 0.00140854 0.000176031 -0.0020042 0.00900911 0.0142049 0.00531582 0.0144596 -0.0182952 -0.0222338 -0.000245243 0.00221812 -0.0127964 0.00371765 0.00126378 -0.00217714 0.00529874 -0.00185943 -0.0155912 0.0022691
internal_weight=0.396588 0.278938 0.11765 0.104009 0.0169318 0.0930116 0.0264629 0.0196213 0.0113547 0.262007 0.0102722 0.251734 0.236513 0.189692 0.0468208 0.0401446 0.0282077 0.0242321 0.00563201 0.00667619 0.183015 0.152988 0.0300263 0.148744 0.137401 0.122567 0.0787042 0.062088 0.0438631 0.0572083
internal_count=1580 1280 300 292 118 276 137 75 50 1162 49 1113 1086 882 204 152 134 120 76 52 794 665 129 623 597 550 291 246 259 214
is_linear=0
shrinkage=0.05


Tree=186
num_leaves=31
num_cat=0
split_feature=12 7 7 12 12 7 4 3 3 3 3 7 12 7 4 3 3 3 4 7 7 12 7 7 3 12 12 4 12 7
split_gain=0.00391669 0.00419591 0.00625001 0.00275877 0.00764078 0.00465423 0.00571312 0.00626068 0.0039316 0.00898811 0.00571033 0.00301834 0.00267593 0.00447001 0.00242634 0.00569792 0.00180824 0.00617965 0.00436881 0.00296088 0.00641558 0.00570176 0.00418938 0.00392706 0.00385782 0.00363934 0.00526103 0.00334018 0.00720238 0.00249118
threshold=13.500000000000002 0.45487730205059057 0.41552206873893743 5.5000000000000009 3.5000000000000004 0.39318042993545538 0.031087412498891357 0.046768065541982658 0.89974045753479015 0.52665024995803844 0.37627542018890386 0.31380061805248266 103.50000000000001 0.35122287273406988 0.27213311195373541 0.45220094919204717 0.81674510240554821 0.86529290676116954 0.54029431939125072 0.35668857395648962 0.3600581586360932 67.500000000000014 0.19280478358268741 0.19116725027561191 0.14949969947338107 61.500000000000007 57.500000000000007 0.22394458204507831 25.500000000000004 0.30340439081192022
decision_type=2 2 2 2 2 2 2 2 2 2 2 2 2 2 2 2 2 2 2 2 2 2 2 2 2 2 2 2 2 2
left_child=1 2 3 4 8 6 7 -5 9 10 11 -1 16 -14 -8 -16 19 -18 -19 21 -21 22 -2 -23 -25 26 29 28 -22 -24
right_child=12 -3 -4 5 -6 -7 14 -9 -10 -11 -12 -13 13 -15 15 -17 17 18 -20 20 27 23 25 24 -26 -27 -28 -29 -30 -31
leaf_value=0.0079542941104653476 -0.050625841631141449 -0.035177683343401593 0.023389001793244608 0.030852046222724694 -0.050321441131417045 0.036067605709745647 0.017903502567662963 -0.039828459801280268 0.010258603252325169 -0.05049091544911654 0.023101166381731417 -0.050342658613684671 -0.050174857388466276 0.024846877654578391 0.03169819215496756 -0.050204623298302366 0.041507682408811322 -0.026761367685759759 0.019270230642254582 0.044483281872274121 0.018110312370309561 0.014553856679475159 0.01122021418256465 -0.0038857907690141424 -0.050315107944863963 0.03109376239277194 -0.050386651301014287 0.023322268590241502 -0.034997150123429389 -0.0062100113405646716
leaf_weight=0.0036087241500126765 0.0033959452422891436 0.011657012160867453 0.018208969093393534 0.0038889012248546342 0.012348350443062373 0.0077980554196983567 0.020604143573251577 0.016118819256234929 0.020974171304260381 0.012823384606463151 0.013211681645771023 0.005771043518393526 0.005551943229193057 0.0030909136403352022 0.003829398779089388 0.0047669885018422065 0.013764104463916738 0.0094624714311066782 0.01132215367556455 0.012470901597225748 0.013322827141109883 0.0055479749235018963 0.058016017997374547 0.0070864276092379433 0.012136169624966442 0.012536459871171246 0.0044921671607198723 0.013608034580101958 0.012258202260227336 0.031700130420034611
leaf_count=21 31 13 11 20 76 4 48 134 21 56 32 29 58 5 14 31 23 36 24 12 27 11 318 31 131 44 33 15 45 250
internal_value=-0.000200283 -0.00632535 -0.00398894 -0.00795355 -0.014698 0.000178866 -0.00550844 -0.0260903 -0.00689706 -0.0170574 0.00192021 -0.0279138 0.00394799 -0.0233451 0.0085939 -0.0137197 0.00501479 0.0155221 -0.00168625 0.00306908 0.0132481 -0.000828639 0.00404602 -0.0225035 -0.0331989 0.00578534 0.0024175 0.00330829 -0.00733831 0.00506145
internal_weight=0.385372 0.15561 0.143953 0.125744 0.0687374 0.0570063 0.0492083 0.0200077 0.056389 0.0354148 0.0225914 0.00937977 0.229763 0.00864286 0.0292005 0.00859639 0.22112 0.0345487 0.0207846 0.186571 0.05166 0.134911 0.110141 0.0247706 0.0192226 0.106745 0.0942083 0.0391891 0.025581 0.0897161
internal_count=1604 510 497 486 235 251 247 154 159 138 82 50 1094 63 93 45 1031 83 60 948 99 849 676 173 162 645 601 87 72 568
is_linear=0
shrinkage=0.05


Tree=187
num_leaves=31
num_cat=0
split_feature=12 12 12 4 0 12 4 4 6 0 12 4 6 7 0 12 7 8 7 0 12 6 7 0 7 12 12 12 0 12
split_gain=0.00341889 0.00412951 0.00565311 0.00639112 0.00448411 0.004248 0.0062198 0.00614511 0.00469412 0.00417556 0.0044349 0.00415728 0.00467685 0.00391685 0.00295363 0.00265401 0.00416757 0.00198107 0.00373906 0.0019713 0.00183115 0.0017692 0.0069125 0.0030285 0.0035628 0.00269489 0.00496484 0.0029477 0.00543453 0.00340341
threshold=13.500000000000002 3.5000000000000004 4.5000000000000009 0.031087412498891357 0.61331769824028026 2.5000000000000004 0.47690545022487646 0.027450552210211757 0.0161728709936142 0.6076960861682893 6.5000000000000009 0.21695192158222201 0.094888828694820418 0.30432119965553289 0.56006795167922985 103.50000000000001 0.35122287273406988 1.1000000238418581 0.39661149680614477 0.60474249720573436 96.500000000000014 0.025456773117184642 0.19280478358268741 0.59132018685340892 0.39318042993545538 26.500000000000004 30.500000000000004 24.500000000000004 0.56881877779960643 16.500000000000004
decision_type=2 2 2 2 2 2 2 2 2 2 2 2 2 2 2 2 2 2 2 2 2 2 2 2 2 2 2 2 2 2
left_child=1 5 -3 4 9 6 7 8 13 10 -4 19 -13 -1 -15 17 -17 20 -19 -5 21 22 -2 24 -23 27 -27 28 -24 -30
right_child=15 2 3 11 -6 -7 -8 -9 -10 -11 -12 12 -14 14 -16 16 -18 18 -20 -21 -22 23 25 -25 -26 26 -28 -29 29 -31
leaf_value=0.018407158463610358 -0.050499058531016043 -0.050352792088742382 0.002010369693271868 0.038636212261874373 -0.05051316946612399 0.023117111311614341 0.021968884862293845 -0.050316115498130171 0.027393150564842417 0.035844280600834243 -0.050218065174373709 -0.050337497357674468 0.010224542337147799 -0.0037315752947616534 -0.050548412078262307 -0.050162965768474878 0.02406963448039082 -0.050253768495316299 0.033492428415614131 0.0084945911581929389 0.027920374356981977 -0.050166835780282575 -0.050112184982252117 0.017116665258943783 0.035178800514869664 -0.050242355623876404 0.0031624241568865129 0.032331475158396829 0.026733647590207427 -0.0089255747239673049
leaf_weight=0.0056346938590650089 0.0057274720052191688 0.008660003478382805 0.0090171875058331352 0.0083000831548929455 0.01063451218510636 0.021257341612908931 0.016838860028201452 0.0091197671330291996 0.0087188823636097368 0.0039300675998674697 0.0074001667205152435 0.0056581159684583326 0.0073015199770907202 0.0057769836831766961 0.0080821356584692694 0.0050933469456140301 0.0030070033681113273 0.0039408837139376365 0.0020139460975769907 0.015657365662264056 0.010260262823976518 0.0036772831075495551 0.0037709503334184538 0.054400715902261254 0.0018320731705898652 0.0045745568494339741 0.089436804791546365 0.016380670996113622 0.01832444379442677 0.010540075213384625
leaf_count=15 35 41 28 15 50 41 20 45 10 10 97 32 25 16 29 56 5 57 2 40 22 56 76 173 5 51 422 29 33 80
internal_value=0.00170584 -0.00412802 -0.0123086 -0.00745638 -0.0242014 0.00417518 -0.00325782 -0.0146364 -0.00310286 -0.0104497 -0.0215317 0.00659657 -0.0162166 -0.0167426 -0.0310335 0.00551163 -0.0226064 0.00652446 -0.0219305 0.0189372 0.00729844 0.00628444 0.00336266 0.0135391 -0.0217861 0.00551953 0.000563768 0.0150245 0.00633766 0.0137124
internal_weight=0.384968 0.151988 0.076559 0.067899 0.0309819 0.0754287 0.0541713 0.0373325 0.0282127 0.0203474 0.0164174 0.0369171 0.0129596 0.0194938 0.0138591 0.23298 0.00810035 0.22488 0.00595483 0.0239574 0.218925 0.208665 0.148755 0.0599101 0.00550936 0.143028 0.0940114 0.0490161 0.0326355 0.0288645
internal_count=1616 514 338 297 185 176 135 115 70 135 125 112 57 60 45 1102 61 1041 59 55 982 960 726 234 61 691 473 218 189 113
is_linear=0
shrinkage=0.05


Tree=188
num_leaves=31
num_cat=0
split_feature=0 7 8 0 4 7 7 12 12 4 4 0 0 0 4 4 4 6 0 0 4 12 0 0 7 0 0 7 12 0
split_gain=0.00430847 0.00679329 0.0033216 0.00396407 0.00208222 0.00691816 0.00582932 0.00553006 0.00699062 0.00249232 0.00357416 0.00237169 0.00510085 0.00472234 0.00402321 0.00234504 0.00728737 0.00380186 0.00360212 0.00521566 0.00345963 0.00293856 0.00226004 0.00706763 0.00287555 0.00283027 0.00419446 0.00439007 0.00270112 0.00343246
threshold=0.7046715021133424 0.3215776532888413 1.1000000238418581 0.68102508783340465 0.6568669080734254 0.38034547865390783 0.47617350518703466 32.500000000000007 27.500000000000004 0.59553310275077831 0.47690545022487646 0.6263895332813264 0.63454240560531627 0.62514308094978344 0.30342604219913488 0.24625033140182498 0.045071344822645194 0.068290233612060561 0.58169397711753856 0.57570967078208934 0.021412626840174202 34.500000000000007 0.6076960861682893 0.59540116786956798 0.31380061805248266 0.5675877332687379 0.59132018685340892 0.22601355612277987 3.5000000000000004 0.58565649390220653
decision_type=2 2 2 2 2 2 2 2 2 2 2 2 2 2 2 2 2 2 2 2 2 2 2 2 2 2 2 2 2 2
left_child=2 -2 4 -4 6 7 9 8 -6 10 11 13 -13 15 -14 16 17 20 19 -18 22 -17 23 25 -24 -1 27 -27 -29 -30
right_child=1 -3 3 -5 5 -7 -8 -9 -10 -11 -12 12 14 -15 -16 21 18 -19 -20 -21 -22 -23 24 -25 -26 26 -28 28 29 -31
leaf_value=0.010055647100499179 -0.050275192716841402 -0.00063387632252404373 -0.050210459920171972 0.028772755798669308 -0.026976216442407819 0.050103210272864379 -0.050610014840275601 -0.050310633931462102 0.0477602034943631 -0.02722352185770309 0.030631928691697469 -0.050313600157464861 0.0041473463596438344 0.046292894951313765 -0.02962323964252836 -0.0036620675138230503 -0.050089717928988864 0.031310717831899211 -0.050322120151628902 0.033801173166226765 -0.028361215547621357 0.034829206190102803 -0.015097257839394779 -0.050288204334611356 0.029517156262162 0.040380604114245024 0.030372843132150541 0.0074343368079775613 -0.050268493212118015 0.0038834170387227608
leaf_weight=0.08057949675193754 0.010131618485729632 0.02155231475853725 0.005891139872503004 0.0021751296430920775 0.0056430395349025275 0.0099107290152460337 0.0051039958780165753 0.0044538506535900515 0.0070228713575488655 0.0065447461277017274 0.012052655744469121 0.0056997758367742781 0.057192009124605647 0.0068892819235770722 0.010427269083720603 0.0080702872310212115 0.0033395661406530044 0.013170370139050647 0.0091210100515581871 0.0041615634402205615 0.0081665110269568686 0.012859589900926949 0.0045900816826360815 0.0060402199717373142 0.016943969086923971 0.0028295530064497134 0.0056154132280425975 0.0045936985516163978 0.011337143001696859 0.0039444033793643038
leaf_count=338 52 27 76 4 39 5 9 54 6 26 33 56 228 8 36 43 72 25 75 10 39 24 43 78 42 5 24 13 76 26
internal_value=0.00111415 -0.0165078 0.00278395 -0.028912 0.00356749 0.0168576 0.00236711 -0.00238848 0.0144629 0.0032863 0.00398053 0.00281488 -0.00488919 0.00560771 -0.00106027 0.00417299 0.00227544 0.00559221 -0.0292141 -0.00354776 0.00325039 0.0199875 0.00514201 0.00235697 0.0200074 0.00527698 -0.00831975 -0.0178893 -0.0261849 -0.036291
internal_weight=0.366053 0.0316839 0.334369 0.00806627 0.326303 0.0270305 0.299273 0.0171198 0.0126659 0.294169 0.287624 0.275571 0.0733191 0.202252 0.0676193 0.195363 0.174433 0.157811 0.0166221 0.00750113 0.14464 0.0209299 0.136474 0.11494 0.0215341 0.1089 0.0283202 0.0227048 0.0198752 0.0152815
internal_count=1592 79 1513 80 1433 104 1329 99 45 1320 1294 1261 320 941 264 933 866 709 157 82 684 67 645 560 85 482 144 120 115 102
is_linear=0
shrinkage=0.05


Tree=189
num_leaves=31
num_cat=0
split_feature=4 3 4 3 7 7 4 4 7 7 7 7 7 3 3 12 3 3 0 0 3 3 0 4 0 12 3 7 7 7
split_gain=0.00205359 0.00295368 0.00260189 0.00809227 0.00711397 0.00447568 0.00312197 0.00340644 0.00195202 0.00335573 0.00323368 0.00573874 0.00340776 0.00211637 0.00358367 0.00397876 0.00280921 0.00306939 0.00299986 0.00777035 0.00281515 0.00489418 0.00371083 0.00621904 0.00284949 0.00340351 0.00258774 0.00522487 0.00394954 0.00298826
threshold=0.91189938783645641 0.46044802665710455 0.6568669080734254 0.85867658257484447 0.47617350518703466 0.29728055000305181 0.60585561394691478 0.57699853181839 0.41764701902866369 0.39661149680614477 0.38216309249401098 0.37388662993907934 0.37243685126304632 0.41332446038722997 0.49115876853466039 25.500000000000004 0.50132492184638988 0.52408653497695934 0.60645705461502086 0.63949391245841991 0.74061912298202526 0.85867658257484447 0.66786432266235363 0.39505125582218176 0.68477067351341259 61.500000000000007 0.33712284266948706 0.3600581586360932 0.20585947483778003 0.35800749063491827
decision_type=2 2 2 2 2 2 2 2 2 2 2 2 2 2 2 2 2 2 2 2 2 2 2 2 2 2 2 2 2 2
left_child=2 -2 4 5 6 -4 7 8 9 10 11 12 13 26 15 -15 -16 -18 -19 -20 24 -22 -23 -24 25 -21 27 28 -1 -30
right_child=1 -3 3 -5 -6 -7 -8 -9 -10 -11 -12 -13 -14 14 16 -17 17 18 19 20 21 22 23 -25 -26 -27 -28 -29 29 -31
leaf_value=-0.050294207169476295 0.024074071840767475 -0.050430342142793627 0.013276514894001043 0.042666867860038621 -0.050500313278964926 -0.050518228343366584 -0.029791181783072475 0.040585912075578608 0.017664129724056295 -0.029511021796822037 0.019394802462505613 -0.050212576850609404 0.035632085854372476 -0.050266815724642415 0.031818316919669409 0.0035800695014067485 -0.050122594029785084 0.018416704703168155 -0.050173287038836195 -0.028034241329171147 0.020286205254906913 0.01650908461644255 -0.05033688820590753 0.011572140582721095 -0.050313349434961768 0.030107656778463717 0.014503924528827448 -0.050330839974921764 0.0024410987085979972 0.040685947234291392
leaf_weight=0.0033151993946489702 0.0019502441473377976 0.0041846169979180559 0.0064309157642128412 0.014349429972753569 0.0065142887760885051 0.0048025137232343695 0.0074085478565848453 0.0059293679848906313 0.019401070043386426 0.0085859113678452559 0.024955979977676179 0.0054525798113900228 0.0071619488371652542 0.0082298342369995225 0.0061507257951234342 0.0058827997729622447 0.0033409127087509196 0.015908009462236805 0.0086169376102418482 0.0060641690811280569 0.027498171139541228 0.0085601237897208193 0.0095429862740274984 0.0070558268052991471 0.004856226982155932 0.004303104629570953 0.046501096764018257 0.0049160130433847362 0.061645106212964151 0.0055689611763227722
leaf_count=31 7 56 25 12 12 26 27 15 16 23 31 24 7 74 16 70 42 66 115 70 60 17 37 12 30 21 160 27 455 5
internal_value=0.00193167 -0.0267457 0.00243585 0.0177858 0.00122145 -0.013997 0.00228482 0.00305277 0.00231953 0.0012717 0.00223095 0.000521487 0.00165005 0.000627268 -0.00420726 -0.0278209 -0.0009368 -0.00304098 -0.00133875 -0.00544698 0.000230686 0.0057056 -0.0102307 -0.0240206 -0.0187067 -0.00390151 0.00522645 -0.000491776 0.00298209 0.00560984
internal_weight=0.355084 0.00613486 0.348949 0.0255829 0.323366 0.0112334 0.316852 0.309443 0.303514 0.284113 0.275527 0.250571 0.245118 0.237956 0.11601 0.0141126 0.101897 0.0957465 0.0924056 0.0764975 0.0678806 0.0526571 0.0251589 0.0165988 0.0152235 0.0103673 0.121946 0.0754453 0.0705293 0.0672141
internal_count=1589 63 1526 63 1463 51 1451 1424 1409 1393 1370 1339 1315 1308 630 144 486 470 428 362 247 126 66 49 121 91 678 518 491 460
is_linear=0
shrinkage=0.05


Tree=190
num_leaves=31
num_cat=0
split_feature=12 0 0 4 4 7 7 3 7 7 3 0 0 0 0 4 7 4 12 0 6 6 12 4 7 7 12 7 12 12
split_gain=0.00512463 0.00286819 0.00238619 0.00601093 0.00611493 0.00309388 0.00442515 0.00280266 0.00285283 0.00394169 0.00385261 0.00523965 0.0031817 0.00473201 0.00463777 0.0046328 0.0027488 0.00526334 0.00684036 0.00256072 0.00405099 0.00399523 0.00375684 0.002176 0.00355058 0.00329723 0.0037156 0.00778501 0.00386927 0.00461995
threshold=101.50000000000001 0.77539125084877025 0.66973870992660534 0.10190830007195474 0.1345334202051163 0.35706225037574774 0.19116725027561191 0.85867658257484447 0.40936672687530523 0.38307331502437597 0.59842529892921459 0.65327399969100963 0.59974905848503124 0.64969211816787731 0.59204486012458812 0.50530433654785167 0.29671797156333929 0.30000026524066931 6.5000000000000009 0.59101003408432018 0.019979323260486129 0.019561945460736755 1.5000000000000002 0.30000026524066931 0.35876084864139562 0.35800749063491827 47.500000000000007 0.29671797156333929 32.500000000000007 15.500000000000002
decision_type=2 2 2 2 2 2 2 2 2 2 2 2 2 2 2 2 2 2 2 2 2 2 2 2 2 2 2 2 2 2
left_child=1 2 7 -4 -5 6 -6 8 9 10 12 -12 14 16 15 19 17 18 -14 20 21 22 -1 24 25 26 28 -28 29 -24
right_child=-2 -3 3 4 5 -7 -8 -9 -10 -11 11 -13 13 -15 -16 -17 -18 -19 -20 -21 -22 -23 23 -25 -26 -27 27 -29 -30 -31
leaf_value=-0.050164922066826267 -0.050123558670764227 0.032962268998112269 -0.050335473419693313 0.040161251282409091 0.014971802747414062 0.0059999934377606172 -0.036728430228532553 0.014701959806344459 -0.022754978203947333 0.017976741602998905 -0.050156953233111867 0.010695071800958347 0.040023636064948159 -0.031020624654911871 -0.050272789988205085 -0.050296041437159447 0.020966767412857149 0.025935847711090993 -0.050239284062587465 0.040265776575799231 -0.050148542531645579 0.046175677459499131 0.0059756615122214442 0.025612600280419992 -0.031215143520115347 0.050417558938270525 0.0056364011221477729 -0.050255542069917794 0.02858750754492495 -0.050075984493096221
leaf_weight=0.0038950560899593248 0.0051769015492482131 0.0064747187570901579 0.0080019006525162695 0.0068555697798728934 0.0055746845646353895 0.015233273554258631 0.016069752235466694 0.033776490943637327 0.013796792023640592 0.028699940208753105 0.009039933482597462 0.0058116583431910849 0.0028787429109797813 0.0066767647588221726 0.005361146105997249 0.0048768858250696203 0.039662338706762057 0.0091552329940896016 0.0077485159063712672 0.0037253774762575622 0.0041787450105630333 0.0044928882853128007 0.023060583131723433 0.007587586743738938 0.0094410755041280936 0.0032739453017711631 0.016347932666008091 0.010066526289506328 0.015052318382288377 0.0043734008802545068
leaf_count=27 65 5 57 3 8 17 90 44 27 39 158 33 6 49 68 41 151 29 84 9 70 3 134 21 38 1 74 70 67 111
internal_value=-0.000760909 1.06891e-05 -0.000646355 -0.010492 -0.00320182 -0.011263 -0.0234127 0.00121959 -0.000684173 0.000666747 -0.00185882 -0.0263446 0.000140866 0.00889059 -0.00485809 -0.00265214 0.0133734 -0.0018508 -0.0257886 -0.000449642 -0.00194006 0.000124166 -0.00209826 5.66683e-07 -0.00238051 0.00139131 -0.000938264 -0.015664 0.00821696 -0.00295984
internal_weight=0.336367 0.33119 0.324715 0.0517352 0.0437333 0.0368777 0.0216444 0.27298 0.239203 0.225407 0.196707 0.0148516 0.181855 0.0661216 0.115733 0.110372 0.0594448 0.0197825 0.0106273 0.105495 0.10177 0.0975913 0.0930984 0.0892034 0.0816158 0.0721747 0.0689008 0.0264145 0.0424863 0.027434
internal_count=1599 1534 1529 175 118 115 98 1354 1310 1283 1244 191 1053 319 734 666 270 119 90 625 616 546 543 516 495 457 456 144 312 245
is_linear=0
shrinkage=0.05


Tree=191
num_leaves=31
num_cat=0
split_feature=7 0 0 7 3 0 6 0 0 4 7 7 4 4 7 4 7 0 3 0 0 4 3 0 0 0 0 7 0 3
split_gain=0.00317197 0.00336196 0.00492784 0.0030155 0.00250202 0.00304058 0.00461829 0.00273451 0.00249432 0.00492 0.00189486 0.00336841 0.00285715 0.00408217 0.00380366 0.00359621 0.00313104 0.00236998 0.00392266 0.00214401 0.00353606 0.00346014 0.00344184 0.00239981 0.00915307 0.00399495 0.00294816 0.00290943 0.00616734 0.00418571
threshold=0.36645796895027166 0.49897456169128424 0.50153666734695446 0.36272539198398596 0.34672090411186224 0.63501799106597911 0.051824329420924194 0.53239566087722789 0.77539125084877025 0.78061798214912426 0.20900084078311923 0.22289200127124789 0.74613142013549816 0.60585561394691478 0.24956940859556201 0.58860170841217052 0.25286036729812628 0.59974905848503124 0.74061912298202526 0.54318889975547802 0.52949193120002758 0.4266380667686463 0.1211330220103264 0.60830920934677135 0.63501799106597911 0.60584920644760143 0.63756224513053905 0.34216937422752386 0.55075579881668102 0.34972424805164343
decision_type=2 2 2 2 2 2 2 2 2 2 2 2 2 2 2 2 2 2 2 2 2 2 2 2 2 2 2 2 2 2
left_child=1 -1 -3 8 7 -6 -7 -2 9 10 17 -12 13 14 -13 16 -16 -4 -19 20 22 23 -18 25 -25 27 -26 28 -21 -30
right_child=4 2 3 -5 5 6 -8 -9 -10 -11 11 12 -14 -15 15 -17 19 18 -20 21 -22 -23 -24 24 26 -27 -28 -29 29 -31
leaf_value=-0.050237740013535204 0.0048409657666736994 0.038749359975836339 0.027357675073827449 -0.050267622946538131 0.017182581606674161 -0.022577116918765683 0.015501250048736107 -0.034705139076921632 0.024091284890862513 -0.050310431535126002 -0.050343419667577029 -0.050125120152802016 0.045712098128599575 -0.050319409229414483 0.033618208201715981 0.047990519740455526 -0.050098382712410544 -0.031339975078957048 0.018328212921578151 0.021175407641107882 -0.050260881980347741 -0.050147911069645605 0.016804668882129496 -0.05020616036319582 0.041369696757768658 0.036229612151578355 -0.0040027897600925745 0.013750794043138635 -0.050127273166003621 -0.0086297617169648743
leaf_weight=0.0042381654248515579 0.010276535031152889 0.0061735084932479358 0.009358439205243485 0.0038777216277594553 0.044823567550338339 0.015502214473599452 0.01637264114106074 0.0076071439648330843 0.0067650590135599478 0.0062838643774512084 0.0044280450661631212 0.0046154625638621374 0.0026143609302380346 0.0052517507607490179 0.0050021164311146995 0.003249618496738548 0.0027429147327211467 0.0073044796190515618 0.0087218619955820031 0.01170499169288064 0.0070736640844870627 0.0039793467182676059 0.0064261581029541048 0.011485444152214086 0.0040762031758276853 0.0080648930740778724 0.029421389349465699 0.021100604356661279 0.00900088014093825 0.018704182937881342
leaf_count=48 19 6 33 19 55 31 14 33 7 96 30 76 4 36 14 4 51 42 14 47 73 46 31 157 9 18 189 77 166 157
internal_value=-0.00275173 -0.00615329 -0.00525255 -0.00660232 0.00486061 0.00878748 -0.00301802 -0.0119807 -0.00574446 -0.00680337 -0.00532018 -0.00734614 -0.00611393 -0.00700591 -0.00545477 -0.00400317 -0.00522061 0.00736501 -0.00430953 -0.00667281 -0.0237001 -0.00431978 -0.00320928 -0.00271386 -0.0116883 0.00317305 0.00151843 -0.00123274 -0.00925511 -0.0221116
internal_weight=0.306247 0.211665 0.207427 0.201253 0.0945821 0.0766984 0.0318749 0.0178837 0.197376 0.190611 0.184327 0.158942 0.154514 0.1519 0.146648 0.142032 0.138783 0.0253848 0.0160263 0.133781 0.0162427 0.117538 0.00916907 0.113559 0.044983 0.0685756 0.0334976 0.0605107 0.0394101 0.0277051
internal_count=1602 1450 1402 1396 152 100 45 52 1377 1370 1274 1185 1155 1151 1115 1039 1035 89 56 1021 155 866 82 820 355 465 198 447 370 323
is_linear=0
shrinkage=0.05


Tree=192
num_leaves=31
num_cat=0
split_feature=12 12 7 12 12 3 4 12 4 3 12 7 12 7 12 4 12 12 3 6 12 3 3 12 12 7 7 4 7 3
split_gain=0.00444867 0.00243986 0.00366673 0.0024039 0.00720987 0.00485249 0.00368109 0.00303885 0.00428122 0.00529415 0.00617211 0.00342764 0.00333982 0.0059034 0.00247567 0.00335726 0.00264211 0.00222112 0.00389321 0.00311336 0.00616608 0.00198733 0.00181476 0.00152325 0.0036427 0.00150302 0.00708854 0.00403609 0.00349227 0.00474065
threshold=103.50000000000001 23.500000000000004 0.20731281489133838 3.5000000000000004 5.5000000000000009 0.86529290676116954 0.027450552210211757 6.5000000000000009 0.031087412498891357 0.39376872777938848 10.500000000000002 0.38034547865390783 15.500000000000002 0.20900084078311923 11.500000000000002 0.34757031500339514 19.500000000000004 26.500000000000004 0.99176937341690075 0.21670634299516681 32.500000000000007 0.81364682316780101 0.60102730989456188 1.0000000180025095e-35 2.5000000000000004 0.35668857395648962 0.32970482110977178 0.22394458204507831 0.32934233546257025 0.14569689333438876
decision_type=2 2 2 2 2 2 2 2 2 2 2 2 2 2 2 2 2 2 2 2 2 2 2 2 2 2 2 2 2 2
left_child=1 2 -1 5 -5 6 23 -6 9 -9 -11 14 -12 -14 22 16 -16 -3 19 20 -19 -8 -10 -4 -25 26 28 -27 29 -22
right_child=-2 17 3 4 7 -7 21 8 11 10 12 -13 13 -15 15 -17 -18 18 -20 -21 25 -23 -24 24 -26 27 -28 -29 -30 -31
leaf_value=-0.050428345898237859 -0.050130992896144901 0.020380065028133023 0.018000388865344552 -0.042976775128131056 0.017352117922206447 0.019155309517318538 -0.050234711250633494 -0.050176805666701074 0.023682157833069078 -0.050597954739456379 0.030113226995501226 0.03242696555928342 0.047705889351212699 -0.050174128790392972 -0.050326596146849138 0.010878111307768059 0.0044533872768673611 -0.050131667003742199 -0.050466324608853634 0.036753662359943443 -0.050155293134482637 -0.0091489529594652244 -0.0087319239354126301 -0.031603825996572597 0.019172071245931017 -0.0026216835242341926 -0.039130777900223769 0.037331357143787484 0.045492844972272017 0.0071497661201952896
leaf_weight=0.0041218149332564727 0.0044724988348434627 0.020219444411964105 0.010235407515210682 0.012572334321532708 0.015800548708284623 0.031053761018483783 0.0061933529262887532 0.010302445955744588 0.010089457667390889 0.005803989052878932 0.0088126058797115547 0.0082617158841458149 0.0023491178508265867 0.0044750777290119004 0.007514912044086941 0.0067164215492994108 0.003112917475903032 0.0054028445669587191 0.0033775745787352198 0.0068226192523752607 0.0038519608746696568 0.0056086135027726414 0.0075488555312404051 0.0073853570845585637 0.0067702795868171961 0.014198394810591708 0.009547165559865789 0.011393864318961278 0.005397806118708103 0.057229110247561721
leaf_count=38 58 67 23 74 35 32 55 147 27 32 41 8 2 59 46 38 24 95 15 31 60 7 30 36 20 41 86 11 3 356
internal_value=-0.000617794 9.15884e-05 -0.00382883 -0.002703 -0.00749028 0.00465519 -0.00778598 -0.00257611 -0.00677516 -0.0207195 -0.00656507 0.00346061 0.00977883 -0.0164805 -0.00338028 -0.0167937 -0.0342814 0.00507563 0.00243578 0.00400531 0.00191759 -0.0307096 0.00980956 0.00330597 -0.00731901 0.00468495 0.00115687 0.0151657 0.00694266 0.00353593
internal_weight=0.316642 0.31217 0.174729 0.170607 0.10336 0.0672468 0.036193 0.0907881 0.0749875 0.0317432 0.0214408 0.0432443 0.0156368 0.0068242 0.0349826 0.0173443 0.0106278 0.137441 0.117221 0.113844 0.107021 0.011802 0.0176383 0.024391 0.0141556 0.101618 0.076026 0.0255923 0.0664789 0.0610811
internal_count=1597 1539 774 736 563 173 141 489 454 281 134 173 102 61 165 108 70 765 698 683 652 62 57 79 56 557 505 52 419 416
is_linear=0
shrinkage=0.05


Tree=193
num_leaves=31
num_cat=0
split_feature=7 7 7 7 0 7 4 0 7 7 7 3 7 7 7 12 12 7 3 0 7 12 12 7 7 0 4 7 7 0
split_gain=0.00191682 0.00299602 0.00245735 0.00249166 0.00436632 0.00273682 0.002378 0.00964732 0.00725118 0.0033397 0.00518527 0.00435503 0.00462288 0.00381709 0.0040731 0.00370337 0.00328955 0.00287813 0.00417805 0.00354358 0.00392474 0.00489737 0.005971 0.00302793 0.00249959 0.00450889 0.00354874 0.00213427 0.00293022 0.00178314
threshold=0.2869544923305512 0.28075930476188665 0.29099465906620031 0.29787173867225653 0.52229520678520214 0.30060610175132757 0.10190830007195474 0.64769184589385997 0.31380061805248266 0.31519578397274023 0.45487730205059057 0.86529290676116954 0.39661149680614477 0.38515695929527288 0.37388662993907934 2.5000000000000004 80.500000000000014 0.32923476397991186 1.0000000180025095e-35 0.60407859086990368 0.32970482110977178 3.5000000000000004 50.500000000000007 0.35800749063491827 0.35207463800907141 0.77539125084877025 0.10575854033231737 0.36272539198398596 0.39661149680614477 0.55075579881668102
decision_type=2 2 2 2 2 2 2 2 2 2 2 2 2 2 2 2 2 2 2 2 2 2 2 2 2 2 2 2 2 2
left_child=1 29 -2 4 -4 -5 7 8 -7 -10 11 12 13 14 15 -11 24 18 -17 20 -19 -22 -23 -24 25 26 -8 -26 -29 -1
right_child=2 -3 3 5 -6 6 16 -9 9 10 -12 -13 -14 -15 -16 17 -18 19 -20 -21 21 22 23 -25 27 -27 -28 28 -30 -31
leaf_value=0.013258546117119036 0.028866059654693563 -0.050165327300176893 0.041390895457937421 0.025568732306039666 -0.050150752848087968 -0.050171923230550211 0.050239284624874661 -0.050395606024091245 0.03957451559949747 -0.050176893461104238 -0.050476674214270656 0.039561134517780129 -0.029596609575240237 0.028669308819441987 -0.050339883472401509 0.023551681553940336 0.037319379830976392 0.043692383307442829 -0.050093965716438815 0.037194386065314673 0.039473372587012945 -0.050200498211049084 -0.017953147897133308 0.032051098027957532 0.025415402910239766 0.050363886251467732 -0.026614737192604633 -0.009017644200201019 0.021427605183758455 -0.0071758546632917676
leaf_weight=0.012935660249553393 0.0090472074609238007 0.0036243055850775354 0.0017381329380441448 0.012881325935495624 0.0051987888216444844 0.0063600136687966815 0.0016602047253400079 0.0097428509615156145 0.0064894460811046875 0.0029974795055522909 0.0044043878260708871 0.0083119989049009746 0.010379811690654606 0.014843173839835799 0.003730303056727279 0.0032320200605227001 0.0087902605846466031 0.0050828388230002011 0.0047652952795687042 0.010690721859418773 0.0050410982985340516 0.0076862142863092222 0.0062858299636445736 0.0058402031354489736 0.016749217546930595 0.0026805328670889131 0.015766195857622733 0.019277698385849362 0.013394395879004151 0.06111077833827494
leaf_count=97 43 71 4 41 81 91 1 63 8 30 10 8 26 20 16 10 24 5 97 41 5 103 33 8 37 1 158 34 14 397
internal_value=0.000986215 -0.0057786 0.00334168 0.0022627 -0.0272138 0.00325011 0.00176973 -0.00277879 0.00159203 0.00489146 0.00247887 0.00510284 0.00154817 0.00615358 0.000115764 0.00376181 0.00849993 0.0070869 -0.020331 0.012484 0.00365956 -0.00452769 -0.0157235 0.00613016 0.00485637 -0.0100067 -0.0192929 0.0109034 0.00346382 -0.00360603
internal_weight=0.300738 0.0776707 0.223068 0.21402 0.00693692 0.207084 0.194202 0.115884 0.106141 0.0997808 0.0932914 0.088887 0.080575 0.0701952 0.055352 0.0516217 0.0783185 0.0486242 0.00799732 0.0406269 0.0299362 0.0248533 0.0198122 0.012126 0.0695282 0.0201069 0.0174264 0.0494213 0.0326721 0.0740464
internal_count=1577 565 1012 969 85 884 843 574 511 420 412 402 394 368 348 332 269 302 107 195 154 149 144 41 245 160 159 85 48 494
is_linear=0
shrinkage=0.05


Tree=194
num_leaves=31
num_cat=0
split_feature=7 12 7 12 12 7 0 6 6 0 12 0 7 0 3 7 0 0 0 12 12 0 12 7 0 0 0 12 3 0
split_gain=0.00273798 0.00347704 0.00354492 0.00469538 0.00345424 0.0034318 0.00248679 0.00299759 0.00235372 0.00261933 0.00311526 0.00262853 0.00501997 0.00358546 0.00380842 0.00223328 0.00369263 0.00409671 0.00299812 0.00422167 0.00243252 0.00324899 0.00215888 0.00268553 0.00450172 0.00442482 0.00271046 0.0029872 0.00512413 0.00232985
threshold=0.35464857518672949 23.500000000000004 0.33614842593669897 101.50000000000001 114.50000000000001 0.24956940859556201 0.77539125084877025 0.112552747130394 0.081176627427339568 0.63501799106597911 11.500000000000002 0.61011797189712536 0.3600581586360932 0.56564155220985424 0.34672090411186224 0.29099465906620031 0.58448961377143871 0.54372221231460582 0.63949391245841991 14.500000000000002 1.0000000180025095e-35 0.58448961377143871 92.500000000000014 0.31380061805248266 0.54031535983085643 0.69628629088401806 0.54181236028671276 33.500000000000007 0.39376872777938848 0.6076960861682893
decision_type=2 2 2 2 2 2 2 2 2 2 2 2 2 2 2 2 2 2 2 2 2 2 2 2 2 2 2 2 2 2
left_child=1 5 3 22 -4 -1 7 15 9 11 -11 12 -2 14 -14 20 17 -17 -18 -20 -7 -22 23 24 -3 26 -26 -28 -29 -25
right_child=8 2 4 -5 -6 6 -8 -9 -10 10 -12 -13 13 -15 -16 16 18 -19 19 -21 21 -23 -24 29 25 -27 27 28 -30 -31
leaf_value=-0.050345106805638709 0.031614754167389195 -0.050146443651298583 -0.03882321099769924 -0.050118476661079575 0.025348111449192374 0.041260503761948834 0.036155811144746253 -0.050266325535216067 0.01992378773112061 -0.033068862887703124 0.0062715061677977848 0.021809134239635469 -0.011674237849494251 -0.027676771685724667 0.032814747079710639 -0.050138801125452159 -0.050175302790232648 0.012824341112625596 -0.035325846557413242 0.022999447913019774 -0.050095675765710217 0.0062011466455602487 0.030052712378393184 0.00070547226473758576 0.036456433049502017 -0.050292466619486165 0.017561564459215875 -0.037666139659036146 0.0092265216491132906 0.034733089886192774
leaf_weight=0.0055666524012707433 0.0098476809152998612 0.0043090862105827901 0.009153982608950173 0.0037156736344741139 0.0027202303463127473 0.0036854806912742779 0.0028540342755150041 0.0046413844710286858 0.022836089330667164 0.010332434299925808 0.0098099286246906559 0.020005736613711633 0.013116982300289237 0.014653707729507914 0.0075960957910865537 0.0031442855215004775 0.0095814676608370064 0.014484365945918398 0.0082731125488635371 0.0049640452068615568 0.0030802897920523256 0.01525601458604342 0.0092925120843574405 0.0088349710587181107 0.0067074229737045235 0.0036292622785367703 0.018268618917829826 0.0095854365399645758 0.014852824426498046 0.011681723163746938
leaf_count=71 16 79 88 59 3 6 2 56 37 24 28 30 48 47 8 64 130 89 51 19 51 69 26 81 4 30 95 108 161 33
internal_value=-0.000608752 -0.00441671 0.00157 0.00492701 -0.0241224 -0.012561 -0.00955472 -0.0114987 0.00566577 0.00185148 -0.0139089 0.00671886 4.1975e-05 -0.00874929 0.00464118 -0.00861827 -0.015594 0.00159409 -0.0288728 -0.0134534 0.00419405 -0.00325608 0.00727357 0.00455523 -0.000998422 0.0029942 0.00690787 0.00226706 -0.00916622 0.02008
internal_weight=0.286482 0.178283 0.102752 0.0908775 0.0118742 0.0755311 0.0699645 0.0671104 0.108199 0.0853626 0.0201424 0.0652202 0.0452145 0.0353668 0.0207131 0.0624691 0.0404473 0.0176287 0.0228186 0.0132372 0.0220218 0.0183363 0.0871619 0.0778693 0.0573527 0.0530436 0.0494143 0.0427069 0.0244383 0.0205167
internal_count=1613 1375 767 676 91 608 537 535 238 201 52 149 119 103 56 479 353 153 200 70 126 120 617 591 477 398 368 364 269 114
is_linear=0
shrinkage=0.05


Tree=195
num_leaves=31
num_cat=0
split_feature=7 3 4 0 0 4 12 7 12 3 3 12 3 3 7 0 7 12 12 0 3 0 7 0 0 6 12 12 0 0
split_gain=0.00620757 0.00278629 0.00314526 0.00336664 0.00576836 0.00284632 0.00196942 0.00517683 0.00334875 0.00316224 0.00486956 0.00370772 0.00295799 0.00203319 0.00466573 0.00281282 0.00433651 0.00189852 0.00647479 0.00387859 0.00308969 0.00245013 0.00227167 0.00179836 0.00176759 0.00421719 0.00174118 0.00445857 0.00344839 0.00285647
threshold=0.47617350518703466 0.95996761322021495 0.58302217721939098 0.60830920934677135 0.57258805632591259 0.27131335437297827 80.500000000000014 0.20322809368371966 73.500000000000014 0.1386145502328873 0.27557374536991125 47.500000000000007 0.81935068964958202 0.11837169528007509 0.32112815976142889 0.50153666734695446 0.32395556569099432 1.5000000000000002 4.5000000000000009 0.55027809739112865 0.81935068964958202 0.5675877332687379 0.38515695929527288 0.71406409144401561 0.58017861843109142 0.044124901294708259 25.500000000000004 18.500000000000004 0.56881877779960643 0.57723218202590953
decision_type=2 2 2 2 2 2 2 2 2 2 2 2 2 2 2 2 2 2 2 2 2 2 2 2 2 2 2 2 2 2
left_child=1 2 6 4 -4 -3 7 -1 9 13 11 -11 24 14 -9 -16 -17 -12 21 -20 22 -19 23 26 -8 -26 27 28 -21 -29
right_child=-2 5 3 -5 -6 -7 12 8 -10 10 17 -13 -14 -15 15 16 -18 18 19 20 -22 -23 -24 -25 25 -27 -28 29 -30 -31
leaf_value=-0.05034555144915176 -0.050401645839167113 -0.0052825130218747624 -0.050337736994474795 -0.050386860712058834 0.025626851915303846 0.02481408634595143 0.01641386100221395 -0.050108094059505517 -0.050227557670075473 -0.050186328274232195 0.015693688053970572 -0.0021569208247212068 0.036789389926379854 0.031495095613306351 0.03502430162817452 0.038189515818423198 -0.050142669477559514 0.0050972578144940807 -0.050171290385865056 -0.050145996151118866 -0.029376395022470143 -0.050206648632151407 -0.015921107341667434 0.044389070044419873 -0.050193456797002302 0.013858341148698806 0.014685508848182142 0.015154503748924528 0.010880751852152695 -0.050162488043317979
leaf_weight=0.0055296263188040476 0.0063964074288378461 0.012895922471216181 0.0041991735847659584 0.0068056291549964945 0.0061722859684323339 0.020100137171539245 0.0098804176277553779 0.0032191055907162527 0.0034282217496297554 0.0091131842948257713 0.016687543744751565 0.0071872143848850092 0.0081842885701917112 0.011257751666562399 0.0083711206630141533 0.0025103556690737614 0.0031117749713303056 0.0025766639173525627 0.0035301772943512324 0.0024623570498079053 0.0068663804158859412 0.008990786149070118 0.011238058159506181 0.0032578285995441538 0.0044272127331339561 0.006125250967897955 0.037476431131210575 0.0022915750199672402 0.038631706073715577 0.0062095396024233196
leaf_count=58 14 27 32 84 29 31 37 85 46 161 48 33 9 26 13 3 48 10 37 17 40 66 23 8 73 20 257 15 184 76
internal_value=-0.00171285 -0.000570971 -0.00244584 -0.0230607 -0.00512952 0.0130514 -0.000854827 -0.00266151 -0.0012621 -0.000354671 -0.00314274 -0.0290091 0.0113896 0.0149732 0.00416712 0.016653 -0.0107012 -0.000135793 -0.00227416 0.00140521 0.00308434 -0.0378876 0.00527882 0.00791634 0.00121591 -0.0130141 0.0065517 0.00040541 0.00722403 -0.0325555
internal_weight=0.279134 0.272738 0.239742 0.0171771 0.0103715 0.0329961 0.222565 0.193947 0.188418 0.18499 0.156519 0.0163004 0.0286172 0.0284701 0.0172124 0.0139933 0.00562213 0.140219 0.123532 0.111964 0.108434 0.0115675 0.101567 0.0903294 0.0204329 0.0105525 0.0870716 0.0495952 0.0410941 0.00850111
internal_count=1610 1596 1538 145 61 58 1393 1254 1196 1150 975 194 139 175 149 64 51 781 733 657 620 76 580 557 130 93 549 292 201 91
is_linear=0
shrinkage=0.05


Tree=196
num_leaves=31
num_cat=0
split_feature=4 4 7 7 7 7 0 7 4 7 7 7 0 7 7 7 7 3 3 0 3 3 7 12 7 7 12 12 3 0
split_gain=0.00162283 0.00530334 0.00420145 0.00380012 0.00434156 0.00358121 0.00361251 0.00329526 0.00405537 0.00291141 0.00411539 0.00285687 0.00436667 0.00379516 0.00480078 0.00274665 0.00449515 0.00259659 0.00595059 0.00322335 0.00489774 0.00253081 0.00250969 0.00222426 0.00219483 0.00405811 0.00292661 0.0024372 0.00432782 0.00301767
threshold=0.10190830007195474 0.11199992895126344 0.45487730205059057 0.43887381255626684 0.39661149680614477 0.20322809368371966 0.69246587157249462 0.35706225037574774 0.28953628242015844 0.20900084078311923 0.24956940859556201 0.25993631780147558 0.64769184589385997 0.31380061805248266 0.2997263371944428 0.36907215416431433 0.39661149680614477 0.55475163459777843 0.81674510240554821 0.60018378496170055 0.14949969947338107 0.58725255727767955 0.31519578397274023 14.500000000000002 0.38515695929527288 0.37388662993907934 2.5000000000000004 3.5000000000000004 0.38075001537799841 0.63949391245841991
decision_type=2 2 2 2 2 2 2 2 2 2 2 2 2 2 2 2 2 2 2 2 2 2 2 2 2 2 2 2 2 2
left_child=2 -2 3 4 5 -1 9 8 -3 -7 -11 -12 13 14 21 -9 -17 19 -19 20 -10 -13 -15 -20 25 26 -24 -28 -29 -30
right_child=1 7 -4 -5 -6 6 -8 15 17 10 11 12 -14 22 -16 16 -18 18 23 -21 -22 -23 24 -25 -26 -27 27 28 29 -31
leaf_value=-0.0501991060016602 0.038534150770587784 -0.035941803256913755 -0.050561541131897536 0.03732388333225066 -0.038318044166535163 0.03268244808328459 -0.050322890953765548 0.027480878463696731 0.03746081640925724 -0.050168013490050449 0.030095265354686703 0.00023499146653623113 -0.050166576464143534 0.038779884405935577 -0.050154559974952467 -0.019318724415113939 0.020788900325081437 -0.050213859979177614 -0.019182903737199605 0.022248881673104168 -0.050179694766150841 -0.050184585713188158 -0.050104567625281808 0.017282015910849248 0.021419245956728283 -0.050324205425880175 0.033145501582802217 0.0089736916994912434 -0.050124023485884274 0.028091684879047892
leaf_weight=0.0038813729000253252 0.0095447506982964114 0.010711004764345944 0.0048978592894854947 0.0054913532221689812 0.0091907693240500521 0.0064312615113522034 0.0036848056040525981 0.014863450838674908 0.0024962777429209373 0.0042506217530018367 0.0073514587350018692 0.027306180811272895 0.0045303730865953176 0.00558242777151463 0.0070698666114026301 0.013872958297724836 0.014072607358684763 0.0075453534935263624 0.0069049894647150714 0.016299109424835478 0.0044110882903396487 0.002738463119669631 0.0024566927535829555 0.010604184950807394 0.014100362688623136 0.003833711853985732 0.0069746174285683074 0.032352990877967613 0.0057993508571030352 0.0015662093182982062
leaf_count=51 21 183 10 4 25 16 29 21 9 67 38 217 65 8 110 27 16 107 21 51 70 31 30 39 20 17 11 190 109 9
internal_value=-0.00173533 0.00289742 -0.00496902 -0.00352455 -0.00502898 -0.00284221 -0.00149096 -0.000444492 -0.00810974 -0.000131357 -0.00180738 -0.000117773 -0.0020608 -7.55991e-05 -0.0130838 0.0101149 0.000878357 -0.00193272 -0.0130945 0.010118 -0.018507 -0.00436057 0.00656836 0.00290156 0.00388786 -0.000777721 0.00308693 0.00588552 0.00109864 -0.0334923
internal_weight=0.270817 0.111326 0.159491 0.154593 0.149102 0.139911 0.136029 0.101781 0.058972 0.132345 0.125913 0.121663 0.114311 0.109781 0.0371145 0.042809 0.0279456 0.048261 0.0250545 0.0232065 0.00690737 0.0300446 0.0726664 0.0175092 0.0670839 0.0529836 0.0491499 0.0466932 0.0397186 0.00736556
internal_count=1622 565 1057 1047 1043 1018 967 544 480 938 922 855 817 752 358 64 43 297 167 130 79 248 394 60 386 366 349 319 308 118
is_linear=0
shrinkage=0.05


Tree=197
num_leaves=31
num_cat=0
split_feature=3 12 7 4 12 3 7 3 3 4 7 7 12 12 12 12 7 3 3 7 12 7 3 12 4 12 7 6 6 3
split_gain=0.00159803 0.0019162 0.00330286 0.00345896 0.00247724 0.00295514 0.00506679 0.00366661 0.00302778 0.00254689 0.00325261 0.00189947 0.00168515 0.00465221 0.00274891 0.00678261 0.00256341 0.00236921 0.00166601 0.00465635 0.00421487 0.0040062 0.0031153 0.00262108 0.00339236 0.00161002 0.00223862 0.00146495 0.00318207 0.00325184
threshold=0.7825666368007661 5.5000000000000009 0.29099465906620031 0.01591637916862965 6.5000000000000009 0.59842529892921459 0.38307331502437597 0.53623488545417797 0.52176234126091015 1.0000000180025095e-35 0.20900084078311923 0.27551971375942236 17.500000000000004 3.5000000000000004 28.500000000000004 80.500000000000014 0.36143228411674505 0.84718734025955211 0.32960823178291326 0.30037905275821691 96.500000000000014 0.37388662993907934 0.33219572901725775 42.500000000000007 0.0212542898952961 59.500000000000007 0.35246650874614721 0.062526607885956778 1.0000000180025095e-35 0.33712284266948706
decision_type=2 2 2 2 2 2 2 2 2 2 2 2 2 2 2 2 2 2 2 2 2 2 2 2 2 2 2 2 2 2
left_child=1 2 11 -4 -3 7 9 8 18 10 -7 -1 13 16 -14 -16 -2 -15 19 20 -6 23 -20 24 -21 -25 -27 28 29 -24
right_child=12 4 3 -5 5 6 -8 -9 -10 -11 -12 -13 14 17 15 -17 -18 -19 22 21 -22 -23 27 25 -26 26 -28 -29 -30 -31
leaf_value=-0.019155726696473158 -0.0034785824515729952 0.021297355553171533 -0.0094161628284266212 -0.050274313594099632 -0.050168139468024647 0.038157242554545029 0.020100548765838076 0.026013713668035551 -0.050346455246363178 -0.050205442316171939 -0.050093605786984297 0.032676043321315955 0.034851445873062235 0.0042947180829801699 -0.050225560777278383 0.027827301925389375 0.025136929068987575 -0.038664436353224627 0.047645147332894794 -0.050092881077398149 0.022310847917118463 -0.050126750645532347 -0.050340086222581931 0.023660655451080637 0.0082816594617718901 -0.02637993048854961 0.028555378704080443 0.01367476332727346 -0.050205687370817202 0.0045419899105452553
leaf_weight=0.0026984976101402935 0.014714472284140356 0.012722568390927336 0.015943405391112719 0.0076728967470671696 0.0093751818653515784 0.0022099884357658093 0.0056413872807752332 0.013188700486807647 0.0031214767302571991 0.0096753426489044614 0.0019790675271451619 0.0051238278670098225 0.011693041490161704 0.0050461695318517749 0.0042391680538003138 0.0081043072868851596 0.016718407685402781 0.0088177165481511111 0.0039616798931092481 0.0041255405971298842 0.0025518301627016635 0.0034732431959127999 0.0028962737742403979 0.016954002078932717 0.0062733984154306199 0.0045400785331821672 0.0031349922210210934 0.018921023741199861 0.0032941075408530187 0.039631869188156088
leaf_count=41 33 33 88 53 205 4 9 85 23 133 69 15 24 16 48 18 13 38 4 105 14 28 13 36 46 39 7 68 39 261
internal_value=0.000240326 -0.00203613 -0.0133638 -0.0226909 8.78206e-05 -0.00165365 -0.0198491 0.000966746 -0.00173529 -0.0361044 -0.00353578 0.0147954 0.00677784 0.0010995 0.0174786 0.0010213 0.0117413 -0.0230282 -0.000461604 -0.0073632 -0.034661 0.00109317 0.00460405 0.00617194 -0.0148771 0.0150593 -0.00394082 0.00197034 -0.00286267 0.000804382
internal_weight=0.268444 0.19911 0.0314386 0.0236163 0.167672 0.154949 0.0195058 0.135443 0.122255 0.0138644 0.00418906 0.00782233 0.0693333 0.0452968 0.0240365 0.0123435 0.0314329 0.0138639 0.119133 0.0504283 0.011927 0.0385013 0.068705 0.035028 0.0103989 0.0246291 0.00767507 0.0647433 0.0458223 0.0425281
internal_count=1608 1418 197 141 1221 1188 215 973 888 206 73 56 190 100 90 66 46 54 865 480 219 261 385 233 151 82 46 381 313 274
is_linear=0
shrinkage=0.05


Tree=198
num_leaves=31
num_cat=0
split_feature=12 7 7 0 7 0 0 0 7 0 4 0 0 0 7 7 0 0 0 0 7 12 4 7 0 0 12 7 12 7
split_gain=0.00189595 0.00264736 0.00245215 0.00303487 0.00421835 0.00481692 0.00382078 0.00357687 0.00235333 0.00212393 0.00269475 0.00260147 0.0014545 0.00240084 0.00136518 0.00311338 0.00247424 0.00462846 0.00312283 0.00249478 0.00250307 0.00226483 0.00184503 0.0035503 0.00284454 0.00480904 0.00330402 0.00316895 0.00212454 0.00189586
threshold=13.500000000000002 0.45487730205059057 0.39318042993545538 0.63949391245841991 0.35478118062019354 0.58364054560661327 0.58017861843109142 0.56198787689208995 0.34313413500785833 0.67179191112518322 0.39505125582218176 0.66160073876380932 0.56139713525772106 0.5440458655357362 0.29026083648204809 0.28075930476188665 0.54031535983085643 0.55075579881668102 0.57647201418876659 0.60584920644760143 0.25286036729812628 36.500000000000007 0.22394458204507831 0.30060610175132757 0.53239566087722789 0.56681209802627575 63.500000000000007 0.32374675571918493 43.500000000000007 0.29927712678909307
decision_type=2 2 2 2 2 2 2 2 2 2 2 2 2 2 2 2 2 2 2 2 2 2 2 2 2 2 2 2 2 2
left_child=1 2 3 4 5 6 7 12 -7 11 -11 -5 13 -1 15 16 -2 -18 -19 21 -21 -20 23 29 28 -26 -27 -28 -25 -16
right_child=14 -3 -4 9 -6 8 -8 -9 -10 10 -12 -13 -14 -15 22 -17 17 18 19 20 -22 -23 -24 24 25 26 27 -29 -30 -31
leaf_value=0.014743358617955272 -0.050081517184408113 -0.034087381663888236 0.012906929157302793 -0.0042382298741417369 -0.041127821433833034 -0.041370794910115999 0.04609605451055776 -0.050120999344070549 0.018002135642346578 -0.029673896524530282 0.0087876185588044633 0.040283425390210376 0.050175169707281135 -0.050072193047558722 0.0068370116501678836 -0.050118134544176109 0.041700097165482009 -0.050099068891686221 0.043956863079078791 -0.0015289121925641488 -0.050130832147891581 -0.0055675023811697019 0.016807073089652121 0.031070573712395973 -0.05015638661423532 -0.014092698302382828 0.041851321723845231 -0.011709188259739775 -0.0042672929257797799 0.03933632270026946
leaf_weight=0.0069763212654549989 0.0022906414073133865 0.0070607970483251839 0.020625654658942949 0.0059514840203291897 0.011574278238413171 0.009618900930718155 0.0052425005560507989 0.0032272041925409676 0.0020193252270246384 0.0072906569844235483 0.012133125156537972 0.0073124539594573434 0.0018573515117168435 0.0017966567861549265 0.0094708381689656562 0.0032346949296950802 0.0066441345320527026 0.0032889646196849745 0.005407586323826763 0.022233112966688395 0.0030074956179078063 0.0040282317028186299 0.034762479698770221 0.0087463648296193242 0.0064226305229482241 0.022317232567772294 0.0064982577534919983 0.0048026662207121262 0.008279601514004753 0.0085282548034228967
leaf_count=73 61 13 27 48 52 126 4 42 15 34 26 12 1 39 56 87 13 67 22 102 86 38 137 33 102 205 21 30 23 17
internal_value=0.000759485 -0.00454261 -0.00236109 -0.00655992 -0.0154002 -0.00571264 0.00973782 -0.00401701 -0.0310691 0.00488336 -0.00564879 0.0203067 0.00997944 0.0014695 0.00416311 -0.00267351 0.000598736 0.0032011 -0.00353642 0.000879924 -0.00731998 0.0228145 0.00728392 0.00287381 -0.00323301 -0.0105123 -0.00293843 0.0190892 0.013886 0.0222357
internal_weight=0.26265 0.102687 0.0956259 0.0750003 0.0423125 0.0307383 0.0191 0.0138575 0.0116382 0.0326877 0.0194238 0.0132639 0.0106303 0.00877298 0.159963 0.0501349 0.0469002 0.0446095 0.0379654 0.0346764 0.0252406 0.00943582 0.109828 0.0750658 0.0570668 0.0400408 0.0336182 0.0113009 0.017026 0.0179991
internal_count=1612 512 499 472 352 300 159 155 141 120 60 60 113 112 1100 476 389 328 315 248 188 60 624 487 414 358 256 51 56 73
is_linear=0
shrinkage=0.05


Tree=199
num_leaves=31
num_cat=0
split_feature=12 7 7 7 12 3 7 6 4 6 0 7 7 12 4 3 0 12 7 12 6 12 3 3 7 3 3 12 7 3
split_gain=0.00170814 0.00299594 0.00404186 0.00244842 0.00207965 0.00342805 0.00237011 0.00315161 0.00428692 0.00151991 0.00299551 0.00169522 0.00170658 0.00217484 0.0036954 0.00211817 0.00299353 0.00269064 0.00303849 0.00232961 0.00210601 0.00211289 0.00549125 0.00200096 0.00147989 0.00413673 0.00357654 0.00407481 0.00267005 0.00385011
threshold=23.500000000000004 0.45487730205059057 0.41552206873893743 0.20731281489133838 28.500000000000004 0.94527024030685436 0.38767705857753759 0.15401898324489596 0.029587306082248691 0.16542611271142962 0.74799716472625744 0.39661149680614477 0.20900084078311923 16.500000000000004 0.10330102965235712 0.82271087169647228 0.59974905848503124 5.5000000000000009 0.29277065396308904 11.500000000000002 0.086430422961711897 3.5000000000000004 0.1386145502328873 0.37627542018890386 0.29026083648204809 0.32960823178291326 0.33219572901725775 48.500000000000007 0.21744287759065631 0.63763511180877697
decision_type=2 2 2 2 2 2 2 2 2 2 2 2 2 2 2 2 2 2 2 2 2 2 2 2 2 2 2 2 2 2
left_child=1 2 3 -1 6 24 7 8 -2 11 -11 12 -5 15 -15 16 19 18 -18 20 21 23 -23 -14 25 -6 -27 -28 -29 -30
right_child=4 -3 -4 9 5 -7 -8 -9 -10 10 -12 -13 13 14 -16 -17 17 -19 -20 -21 -22 22 -24 -25 -26 26 27 28 29 -31
leaf_value=-0.050337389094090225 0.015682306907290187 -0.034326309139275167 0.026106563828535601 0.047464670738910003 -0.050102164505154416 -0.050347503416145072 0.050185297761533458 0.040007861093721585 -0.050202234630028708 -0.050226362680923932 0.011696728391879276 -0.028418620043299661 -0.010904673782657873 -0.050126514246223566 0.0065185419677683256 -0.016343325426782053 0.020234297105365565 0.021942942377159526 -0.050092720358803883 -0.033755185248616482 0.04042543674607546 0.024087893672031246 -0.050218946956102031 0.024570978406088864 0.0078435338942722185 0.050405361732414035 -0.05020037933442717 0.019521873823818911 -0.050115052289122101 0.015901871352677052
leaf_weight=0.0028397941451316902 0.0078141590016684859 0.0074010714306496075 0.011922042795049492 0.0018464786480762987 0.0044434665945232146 0.0030646429363514463 0.0047019039047881952 0.0058443467700044485 0.0036094313980470369 0.0046612798939804634 0.003361390670761466 0.0056073373343679114 0.0076030656414900468 0.0056853487024142169 0.0058334912936288674 0.013588870605417469 0.003110766303507261 0.028935678918969643 0.0030336728470956587 0.0058935265688830887 0.0029946288113933397 0.0040719013729813014 0.0063849332408381088 0.0083293533734831726 0.063208125250909575 0.0033370612654834977 0.0041122253466596695 0.012081392193977081 0.0043560137596898585 0.0044798361051334723
leaf_count=35 55 16 13 3 107 20 3 11 34 46 4 15 53 110 43 44 17 109 47 72 5 35 75 24 372 3 85 25 78 32
internal_value=0.000497514 -0.00341153 -0.00159136 -0.00449355 0.00479574 0.00170977 0.0187133 0.0101438 -0.00513477 -0.00332007 -0.0242814 -0.00168611 -0.000145718 -0.00106659 -0.0214397 0.00172894 0.00521942 0.0155619 -0.014488 -0.00506521 0.000689136 -0.0038201 -0.0212838 0.00764174 0.0033713 -0.00524442 0.00178231 -0.00470038 0.0042447 -0.016644
internal_weight=0.254157 0.133105 0.125704 0.113782 0.121053 0.0990828 0.0219698 0.0172679 0.0114236 0.110942 0.00802267 0.102919 0.0973117 0.0954652 0.0115188 0.0839464 0.0703575 0.0350801 0.00614444 0.0352774 0.0293839 0.0263893 0.0104568 0.0159324 0.0960181 0.03281 0.0283665 0.0250295 0.0209172 0.00883585
internal_count=1591 766 750 737 825 722 103 100 89 702 50 652 637 634 153 481 437 173 64 264 192 187 110 77 702 330 223 220 135 110
is_linear=0
shrinkage=0.05


end of trees

feature_importances:
popularity_score=1434
semantic_score=1259
memory_score=1109
position=1085
kg_score=647
subcategory_score=431
context_score=35

parameters:
[boosting: gbdt]
[objective: lambdarank]
[metric: ndcg]
[tree_learner: serial]
[device_type: cpu]
[data_sample_strategy: bagging]
[data: ]
[valid: ]
[num_iterations: 200]
[learning_rate: 0.05]
[num_leaves: 31]
[num_threads: 1]
[seed: 0]
[deterministic: 0]
[force_col_wise: 0]
[force_row_wise: 0]
[histogram_pool_size: -1]
[max_depth: -1]
[min_data_in_leaf: 20]
[min_sum_hessian_in_leaf: 0.001]
[bagging_fraction: 0.9]
[pos_bagging_fraction: 1]
[neg_bagging_fraction: 1]
[bagging_freq: 1]
[bagging_seed: 3]
[bagging_by_query: 0]
[feature_fraction: 0.85]
[feature_fraction_bynode: 1]
[feature_fraction_seed: 2]
[extra_trees: 0]
[extra_seed: 6]
[early_stopping_round: 0]
[early_stopping_min_delta: 0]
[first_metric_only: 0]
[max_delta_step: 0]
[lambda_l1: 0]
[lambda_l2: 0]
[linear_lambda: 0]
[min_gain_to_split: 0]
[drop_rate: 0.1]
[max_drop: 50]
[skip_drop: 0.5]
[xgboost_dart_mode: 0]
[uniform_drop: 0]
[drop_seed: 4]
[top_rate: 0.2]
[other_rate: 0.1]
[min_data_per_group: 100]
[max_cat_threshold: 32]
[cat_l2: 10]
[cat_smooth: 10]
[max_cat_to_onehot: 4]
[top_k: 20]
[monotone_constraints: ]
[monotone_constraints_method: basic]
[monotone_penalty: 0]
[feature_contri: ]
[forcedsplits_filename: ]
[refit_decay_rate: 0.9]
[cegb_tradeoff: 1]
[cegb_penalty_split: 0]
[cegb_penalty_feature_lazy: ]
[cegb_penalty_feature_coupled: ]
[path_smooth: 0]
[interaction_constraints: ]
[verbosity: -1]
[saved_feature_importance_type: 0]
[use_quantized_grad: 0]
[num_grad_quant_bins: 4]
[quant_train_renew_leaf: 0]
[stochastic_rounding: 1]
[linear_tree: 0]
[max_bin: 255]
[max_bin_by_feature: ]
[min_data_in_bin: 3]
[bin_construct_sample_cnt: 200000]
[data_random_seed: 1]
[is_enable_sparse: 1]
[enable_bundle: 1]
[use_missing: 1]
[zero_as_missing: 0]
[feature_pre_filter: 1]
[pre_partition: 0]
[two_round: 0]
[header: 0]
[label_column: ]
[weight_column: ]
[group_column: ]
[ignore_column: ]
[categorical_feature: ]
[forcedbins_filename: ]
[precise_float_parser: 0]
[parser_config_file: ]
[objective_seed: 5]
[num_class: 1]
[is_unbalance: 0]
[scale_pos_weight: 1]
[sigmoid: 1]
[boost_from_average: 1]
[reg_sqrt: 0]
[alpha: 0.9]
[fair_c: 1]
[poisson_max_delta_step: 0.7]
[tweedie_variance_power: 1.5]
[lambdarank_truncation_level: 30]
[lambdarank_norm: 1]
[label_gain: ]
[lambdarank_position_bias_regularization: 0]
[eval_at: 5,10]
[multi_error_top_k: 1]
[auc_mu_weights: ]
[num_machines: 1]
[local_listen_port: 12400]
[time_out: 120]
[machine_list_filename: ]
[machines: ]
[gpu_platform_id: -1]
[gpu_device_id: -1]
[gpu_use_dp: 0]
[num_gpu: 1]

end of parameters

pandas_categorical:null
